segment,spec,beta,p,ci_lo,ci_hi,n
650M-15B,1. baseline (01a),-0.01527576017255374,0.0017563948226207088,-0.024845507580905275,-0.005706012764202205,651
650M-15B,2. covariates as main effects only,-0.01527576017255387,0.0018759433414434938,-0.024905225773002374,-0.005646294572105366,651
650M-15B,3. size x covariate interactions,-0.017212639852564184,0.01037807556434806,-0.03037554958179626,-0.00404973012333211,651
650M-15B,4. assay fixed effects,-0.015275760172553391,0.01057411187829531,-0.02698721214475589,-0.003564308200350889,651
8M-15B,1. baseline (01a),-0.005494266784306746,0.2966664953524428,-0.015812852352672643,0.00482431878405915,1302
8M-15B,2. covariates as main effects only,-0.005494266784306738,0.29815985344271767,-0.01584479851445697,0.004856264945843495,1302
8M-15B,3. size x covariate interactions,-0.009148448188274715,0.1376953725236098,-0.02122759733182121,0.0029307009552717797,1302
8M-15B,4. assay fixed effects,-0.005494266784306926,0.3404548207255922,-0.016790750689465745,0.005802217120851893,1302
