sel,beta,se,ci_lo,ci_hi,assays
Activity,-0.009576104695848025,0.008415242893175521,-0.02606967768762869,0.006917468295932641,43
Binding,-0.016072752867271303,0.023702181520166298,-0.06252817500182807,0.03038266926728547,13
Expression,-0.018310988086497483,0.016388883663696986,-0.05043260981416043,0.013810633641165464,18
OrganismalFitness,-0.030469701157832332,0.01431751668262454,-0.05853151820382782,-0.002407884111836841,77
Stability,-0.005060234871911103,0.013745948799418253,-0.03200179945210248,0.02188132970828027,66
