assay,UniProt_ID,model,params,log_params,taxon,selection_type,seq_len,log_seq_len,MSA_Neff_L,log_msa_depth,MSA_Neff_L_category,upper_segment,rho
A0A140D2T1_ZIKV_Sourisseau_2019,A0A140D2T1_ZIKV,Progen2 S,151000000.0,8.178976947293169,Virus,OrganismalFitness,3423,3.534406899137877,1.63,0.21218760440395779,Medium,False,0.329
A0A192B1T2_9HIV1_Haddox_2018,A0A192B1T2_9HIV1,Progen2 S,151000000.0,8.178976947293169,Virus,OrganismalFitness,852,2.9304395947667,42.81,1.6315452278343094,Medium,False,0.497
A0A1I9GEU1_NEIME_Kennouche_2019,A0A1I9GEU1_NEIME,Progen2 S,151000000.0,8.178976947293169,Prokaryote,Activity,161,2.2068258760318495,14.07,1.1482940974347458,Medium,False,0.05
A0A247D711_LISMN_Stadelmann_2021,A0A247D711_LISMN,Progen2 S,151000000.0,8.178976947293169,Prokaryote,Activity,87,1.9395192526186185,0.1,-1.0,Low,False,-0.029
A0A2Z5U3Z0_9INFA_Doud_2016,A0A2Z5U3Z0_9INFA,Progen2 S,151000000.0,8.178976947293169,Virus,OrganismalFitness,565,2.7520484478194387,16.01,1.2043913319192998,Medium,False,0.433
A0A2Z5U3Z0_9INFA_Wu_2014,A0A2Z5U3Z0_9INFA,Progen2 S,151000000.0,8.178976947293169,Virus,OrganismalFitness,565,2.7520484478194387,16.01,1.2043913319192998,Medium,False,0.345
A4_HUMAN_Seuma_2022,A4_HUMAN,Progen2 S,151000000.0,8.178976947293169,Human,Stability,770,2.886490725172482,0.08,-1.0969100130080565,Low,False,0.406
A4D664_9INFA_Soh_2019,A4D664_9INFA,Progen2 S,151000000.0,8.178976947293169,Virus,OrganismalFitness,759,2.88024177589548,1.7,0.2304489213782739,Medium,False,0.064
A4GRB6_PSEAI_Chen_2020,A4GRB6_PSEAI,Progen2 S,151000000.0,8.178976947293169,Prokaryote,OrganismalFitness,266,2.424881636631067,120.61,2.081383317462285,High,False,0.526
AACC1_PSEAI_Dandage_2018,AACC1_PSEAI,Progen2 S,151000000.0,8.178976947293169,Prokaryote,OrganismalFitness,177,2.247973266361807,985.3,2.9935684827897275,High,False,0.273
ACE2_HUMAN_Chan_2020,ACE2_HUMAN,Progen2 S,151000000.0,8.178976947293169,Human,Binding,805,2.9057958803678687,1.97,0.2944662261615929,Medium,False,0.042
ADRB2_HUMAN_Jones_2020,ADRB2_HUMAN,Progen2 S,151000000.0,8.178976947293169,Human,Activity,413,2.615950051656401,67.99,1.832445041174111,Medium,False,0.524
AICDA_HUMAN_Gajula_2014_3cycles,AICDA_HUMAN,Progen2 S,151000000.0,8.178976947293169,Human,Activity,198,2.296665190261531,18.4,1.2648178230095364,Medium,False,0.013
AMFR_HUMAN_Tsuboyama_2023_4G3O,AMFR_HUMAN,Progen2 S,151000000.0,8.178976947293169,Human,Stability,47,1.6720978579357175,26.51,1.4234097277330935,Medium,False,-0.317
AMIE_PSEAE_Wrenbeck_2017,AMIE_PSEAE,Progen2 S,151000000.0,8.178976947293169,Prokaryote,Activity,346,2.5390760987927767,89.1,1.9498777040368747,Medium,False,0.566
ANCSZ_Hobbs_2022,ANCSZ,Progen2 S,151000000.0,8.178976947293169,Eukaryote,Activity,627,2.7972675408307164,1.79,0.2528530309798932,Medium,False,0.497
ARGR_ECOLI_Tsuboyama_2023_1AOY,ARGR_ECOLI,Progen2 S,151000000.0,8.178976947293169,Prokaryote,Stability,69,1.8388490907372552,54.24,1.734319680859007,Medium,False,0.362
B2L11_HUMAN_Dutta_2010_binding-Mcl-1,B2L11_HUMAN,Progen2 S,151000000.0,8.178976947293169,Human,Binding,198,2.296665190261531,0.45,-0.3467874862246563,Low,False,0.067
BBC1_YEAST_Tsuboyama_2023_1TG0,BBC1_YEAST,Progen2 S,151000000.0,8.178976947293169,Eukaryote,Stability,64,1.806179973983887,271.76,2.4341855338619713,High,False,0.144
BCHB_CHLTE_Tsuboyama_2023_2KRU,BCHB_CHLTE,Progen2 S,151000000.0,8.178976947293169,Prokaryote,Stability,52,1.7160033436347992,51.95,1.7155855518931962,Medium,False,0.207
BLAT_ECOLX_Deng_2012,BLAT_ECOLX,Progen2 S,151000000.0,8.178976947293169,Prokaryote,OrganismalFitness,286,2.456366033129043,177.98,2.2503712024344784,High,False,0.391
BLAT_ECOLX_Firnberg_2014,BLAT_ECOLX,Progen2 S,151000000.0,8.178976947293169,Prokaryote,OrganismalFitness,286,2.456366033129043,177.98,2.2503712024344784,High,False,0.595
BLAT_ECOLX_Jacquier_2013,BLAT_ECOLX,Progen2 S,151000000.0,8.178976947293169,Prokaryote,OrganismalFitness,286,2.456366033129043,177.98,2.2503712024344784,High,False,0.573
BLAT_ECOLX_Stiffler_2015,BLAT_ECOLX,Progen2 S,151000000.0,8.178976947293169,Prokaryote,OrganismalFitness,286,2.456366033129043,177.98,2.2503712024344784,High,False,0.597
BRCA1_HUMAN_Findlay_2018,BRCA1_HUMAN,Progen2 S,151000000.0,8.178976947293169,Human,OrganismalFitness,1863,3.2702128548962426,0.05,-1.3010299956639813,Low,False,0.305
BRCA2_HUMAN_Erwood_2022_HEK293T,BRCA2_HUMAN,Progen2 S,151000000.0,8.178976947293169,Human,OrganismalFitness,3418,3.533772058384718,0.02,-1.6989700043360187,Low,False,0.533
C6KNH7_9INFA_Lee_2018,C6KNH7_9INFA,Progen2 S,151000000.0,8.178976947293169,Virus,OrganismalFitness,566,2.7528164311882715,16.0,1.2041199826559248,Medium,False,0.254
CALM1_HUMAN_Weile_2017,CALM1_HUMAN,Progen2 S,151000000.0,8.178976947293169,Human,OrganismalFitness,149,2.173186268412274,190.77,2.280510079703276,High,False,0.232
CAPSD_AAV2S_Sinai_2021,CAPSD_AAV2S,Progen2 S,151000000.0,8.178976947293169,Virus,OrganismalFitness,735,2.8662873390841948,0.26,-0.585026652029182,Low,False,0.203
CAR11_HUMAN_Meitlis_2020_gof,CAR11_HUMAN,Progen2 S,151000000.0,8.178976947293169,Human,OrganismalFitness,1154,3.0622058088197126,0.04,-1.3979400086720375,Low,False,0.037
CAR11_HUMAN_Meitlis_2020_lof,CAR11_HUMAN,Progen2 S,151000000.0,8.178976947293169,Human,OrganismalFitness,1154,3.0622058088197126,0.04,-1.3979400086720375,Low,False,0.107
CAS9_STRP1_Spencer_2017_positive,CAS9_STRP1,Progen2 S,151000000.0,8.178976947293169,Prokaryote,Activity,1368,3.1360860973840974,1.14,0.05690485133647256,Medium,False,0.043
CASP3_HUMAN_Roychowdhury_2020,CASP3_HUMAN,Progen2 S,151000000.0,8.178976947293169,Human,Activity,258,2.41161970596323,111.55,2.0474695746198566,High,False,0.505
CASP7_HUMAN_Roychowdhury_2020,CASP7_HUMAN,Progen2 S,151000000.0,8.178976947293169,Human,Activity,281,2.44870631990508,80.66,1.9066582176715998,Medium,False,0.529
CATR_CHLRE_Tsuboyama_2023_2AMI,CATR_CHLRE,Progen2 S,151000000.0,8.178976947293169,Eukaryote,Stability,72,1.8573324964312685,1107.51,3.044347656272274,High,False,0.641
CBPA2_HUMAN_Tsuboyama_2023_1O6X,CBPA2_HUMAN,Progen2 S,151000000.0,8.178976947293169,Human,Stability,72,1.8573324964312685,43.64,1.6398847419163043,Medium,False,0.547
CBS_HUMAN_Sun_2020,CBS_HUMAN,Progen2 S,151000000.0,8.178976947293169,Human,OrganismalFitness,551,2.741151598851785,3.5,0.5440680443502757,Medium,False,0.349
CBX4_HUMAN_Tsuboyama_2023_2K28,CBX4_HUMAN,Progen2 S,151000000.0,8.178976947293169,Human,Stability,50,1.6989700043360187,269.65,2.430800424624181,High,False,0.553
CCDB_ECOLI_Adkar_2012,CCDB_ECOLI,Progen2 S,151000000.0,8.178976947293169,Prokaryote,Activity,101,2.0043213737826426,168.82,2.227423895933663,High,False,-0.139
CCDB_ECOLI_Tripathi_2016,CCDB_ECOLI,Progen2 S,151000000.0,8.178976947293169,Prokaryote,OrganismalFitness,101,2.0043213737826426,168.82,2.227423895933663,High,False,-0.107
CCR5_HUMAN_Gill_2023,CCR5_HUMAN,Progen2 S,151000000.0,8.178976947293169,Human,Binding,352,2.546542663478131,182.74,2.261833620575751,High,False,0.369
CD19_HUMAN_Klesmith_2019_FMC_singles,CD19_HUMAN,Progen2 S,151000000.0,8.178976947293169,Human,Binding,556,2.7450747915820575,0.5,-0.3010299956639812,Low,False,0.042
CP2C9_HUMAN_Amorosi_2021_abundance,CP2C9_HUMAN,Progen2 S,151000000.0,8.178976947293169,Human,Expression,490,2.690196080028514,165.48,2.2187455122234745,High,False,0.571
CP2C9_HUMAN_Amorosi_2021_activity,CP2C9_HUMAN,Progen2 S,151000000.0,8.178976947293169,Human,Binding,490,2.690196080028514,165.48,2.2187455122234745,High,False,0.618
CSN4_MOUSE_Tsuboyama_2023_1UFM,CSN4_MOUSE,Progen2 S,151000000.0,8.178976947293169,Eukaryote,Stability,72,1.8573324964312685,48.23,1.6833172619218826,Medium,False,0.443
CUE1_YEAST_Tsuboyama_2023_2MYX,CUE1_YEAST,Progen2 S,151000000.0,8.178976947293169,Eukaryote,Stability,52,1.7160033436347992,7.64,0.8830933585756899,Medium,False,0.117
D7PM05_CLYGR_Somermeyer_2022,D7PM05_CLYGR,Progen2 S,151000000.0,8.178976947293169,Eukaryote,Activity,235,2.3710678622717363,0.6,-0.2218487496163564,Low,False,0.009
DLG4_HUMAN_Faure_2021,DLG4_HUMAN,Progen2 S,151000000.0,8.178976947293169,Human,OrganismalFitness,724,2.859738566197147,0.46,-0.3372421683184259,Low,False,0.605
DLG4_RAT_McLaughlin_2012,DLG4_RAT,Progen2 S,151000000.0,8.178976947293169,Eukaryote,Binding,724,2.859738566197147,0.36,-0.44369749923271273,Low,False,0.407
DN7A_SACS2_Tsuboyama_2023_1JIC,DN7A_SACS2,Progen2 S,151000000.0,8.178976947293169,Prokaryote,Stability,55,1.7403626894942439,24.82,1.394801777162711,Medium,False,0.041
DNJA1_HUMAN_Tsuboyama_2023_2LO1,DNJA1_HUMAN,Progen2 S,151000000.0,8.178976947293169,Human,Stability,65,1.8129133566428555,547.68,2.7385268817938018,High,False,0.782
DOCK1_MOUSE_Tsuboyama_2023_2M0Y,DOCK1_MOUSE,Progen2 S,151000000.0,8.178976947293169,Eukaryote,Stability,66,1.8195439355418688,368.28,2.5661781344794474,High,False,0.315
DYR_ECOLI_Nguyen_2023,DYR_ECOLI,Progen2 S,151000000.0,8.178976947293169,Prokaryote,OrganismalFitness,159,2.2013971243204513,337.1,2.527758752520972,High,False,0.435
DYR_ECOLI_Thompson_2019,DYR_ECOLI,Progen2 S,151000000.0,8.178976947293169,Prokaryote,OrganismalFitness,159,2.2013971243204513,77.51,1.8893577368889316,Medium,False,0.342
ENV_HV1B9_DuenasDecamp_2016,ENV_HV1B9,Progen2 S,151000000.0,8.178976947293169,Virus,OrganismalFitness,853,2.930949031167523,47.92,1.680516809381255,Medium,False,0.263
ENV_HV1BR_Haddox_2016,ENV_HV1BR,Progen2 S,151000000.0,8.178976947293169,Virus,OrganismalFitness,861,2.935003151453655,43.39,1.637389650129212,Medium,False,0.345
ENVZ_ECOLI_Ghose_2023,ENVZ_ECOLI,Progen2 S,151000000.0,8.178976947293169,Prokaryote,Activity,60,1.7781512503836436,4595.33,3.6623167044126537,High,False,0.176
EPHB2_HUMAN_Tsuboyama_2023_1F0M,EPHB2_HUMAN,Progen2 S,151000000.0,8.178976947293169,Human,Stability,66,1.8195439355418688,126.33,2.1015064961399275,High,False,0.641
ERBB2_HUMAN_Elazar_2016,ERBB2_HUMAN,Progen2 S,151000000.0,8.178976947293169,Human,Expression,1255,3.098643725817057,0.32,-0.494850021680094,Low,False,0.505
ESTA_BACSU_Nutschel_2020,ESTA_BACSU,Progen2 S,151000000.0,8.178976947293169,Prokaryote,Stability,212,2.326335860928751,313.28,2.495932670123044,High,False,0.27
F7YBW8_MESOW_Ding_2023,F7YBW8_MESOW,Progen2 S,151000000.0,8.178976947293169,Prokaryote,OrganismalFitness,93,1.968482948553935,176.23,2.2460798412237666,High,False,0.531
F7YBW8_MESOW_Aakre_2015,F7YBW8_MESOW,Progen2 S,151000000.0,8.178976947293169,Prokaryote,OrganismalFitness,93,1.968482948553935,176.23,2.2460798412237666,High,False,0.098
FECA_ECOLI_Tsuboyama_2023_2D1U,FECA_ECOLI,Progen2 S,151000000.0,8.178976947293169,Prokaryote,Stability,72,1.8573324964312685,141.6,2.15106325335375,High,False,0.156
FKBP3_HUMAN_Tsuboyama_2023_2KFV,FKBP3_HUMAN,Progen2 S,151000000.0,8.178976947293169,Human,Stability,69,1.8388490907372552,1.85,0.26717172840301384,Medium,False,0.169
GAL4_YEAST_Kitzman_2015,GAL4_YEAST,Progen2 S,151000000.0,8.178976947293169,Eukaryote,OrganismalFitness,881,2.9449759084120477,10.02,1.000867721531227,Medium,False,0.364
GCN4_YEAST_Staller_2018,GCN4_YEAST,Progen2 S,151000000.0,8.178976947293169,Eukaryote,Binding,281,2.44870631990508,0.66,-0.1804560644581313,Low,False,0.158
GDIA_HUMAN_Silverstein_2021,GDIA_HUMAN,Progen2 S,151000000.0,8.178976947293169,Human,OrganismalFitness,447,2.6503075231319366,0.8,-0.09691001300805639,Low,False,0.326
GFP_AEQVI_Sarkisyan_2016,GFP_AEQVI,Progen2 S,151000000.0,8.178976947293169,Eukaryote,Activity,238,2.376576957056512,0.06,-1.2218487496163564,Low,False,0.046
GLPA_HUMAN_Elazar_2016,GLPA_HUMAN,Progen2 S,151000000.0,8.178976947293169,Human,Expression,150,2.1760912590556813,0.51,-0.2924298239020636,Low,False,0.363
GRB2_HUMAN_Faure_2021,GRB2_HUMAN,Progen2 S,151000000.0,8.178976947293169,Human,OrganismalFitness,217,2.3364597338485296,6.78,0.8312296938670634,Medium,False,0.532
HCP_LAMBD_Tsuboyama_2023_2L6Q,HCP_LAMBD,Progen2 S,151000000.0,8.178976947293169,Virus,Stability,55,1.7403626894942439,30.76,1.4879863311293935,Medium,False,0.324
HECD1_HUMAN_Tsuboyama_2023_3DKM,HECD1_HUMAN,Progen2 S,151000000.0,8.178976947293169,Human,Stability,72,1.8573324964312685,17.22,1.236033147117636,Medium,False,0.16
HEM3_HUMAN_Loggerenberg_2023,HEM3_HUMAN,Progen2 S,151000000.0,8.178976947293169,Human,Activity,361,2.5575072019056577,32.84,1.5164031484474032,Medium,False,0.358
HIS7_YEAST_Pokusaeva_2019,HIS7_YEAST,Progen2 S,151000000.0,8.178976947293169,Eukaryote,OrganismalFitness,220,2.342422680822206,23.97,1.3796680340336538,Medium,False,0.404
HMDH_HUMAN_Jiang_2019,HMDH_HUMAN,Progen2 S,151000000.0,8.178976947293169,Human,OrganismalFitness,888,2.948412965778601,0.58,-0.23657200643706275,Low,False,0.435
HSP82_YEAST_Cote-Hammarlof_2020_growth-H2O2,HSP82_YEAST,Progen2 S,151000000.0,8.178976947293169,Eukaryote,OrganismalFitness,709,2.8506462351830666,6.47,0.8109042806687004,Medium,False,0.338
HSP82_YEAST_Flynn_2019,HSP82_YEAST,Progen2 S,151000000.0,8.178976947293169,Eukaryote,OrganismalFitness,709,2.8506462351830666,5.45,0.7363965022766424,Medium,False,0.398
HSP82_YEAST_Mishra_2016,HSP82_YEAST,Progen2 S,151000000.0,8.178976947293169,Eukaryote,OrganismalFitness,709,2.8506462351830666,5.45,0.7363965022766424,Medium,False,0.532
HXK4_HUMAN_Gersing_2022_activity,HXK4_HUMAN,Progen2 S,151000000.0,8.178976947293169,Human,OrganismalFitness,465,2.667452952889954,4.99,0.69810054562339,Medium,False,0.449
HXK4_HUMAN_Gersing_2023_abundance,HXK4_HUMAN,Progen2 S,151000000.0,8.178976947293169,Human,Expression,465,2.667452952889954,5.38,0.7307822756663892,Medium,False,0.285
I6TAH8_I68A0_Doud_2015,I6TAH8_I68A0,Progen2 S,151000000.0,8.178976947293169,Virus,OrganismalFitness,498,2.6972293427597176,2.15,0.33243845991560533,Medium,False,0.004
IF1_ECOLI_Kelsic_2016,IF1_ECOLI,Progen2 S,151000000.0,8.178976947293169,Prokaryote,OrganismalFitness,72,1.8573324964312685,536.24,2.72935920638567,High,False,0.451
ILF3_HUMAN_Tsuboyama_2023_2L33,ILF3_HUMAN,Progen2 S,151000000.0,8.178976947293169,Human,Stability,71,1.8512583487190752,309.51,2.490674685261338,High,False,0.347
ISDH_STAAW_Tsuboyama_2023_2LHR,ISDH_STAAW,Progen2 S,151000000.0,8.178976947293169,Prokaryote,Stability,55,1.7403626894942439,713.67,2.8534974410356244,High,False,0.318
KCNE1_HUMAN_Muhammad_2023_expression,KCNE1_HUMAN,Progen2 S,151000000.0,8.178976947293169,Human,Expression,129,2.110589710299249,1.74,0.24054924828259971,Medium,False,0.191
KCNE1_HUMAN_Muhammad_2023_function,KCNE1_HUMAN,Progen2 S,151000000.0,8.178976947293169,Human,Activity,129,2.110589710299249,1.74,0.24054924828259971,Medium,False,0.285
KCNH2_HUMAN_Kozek_2020,KCNH2_HUMAN,Progen2 S,151000000.0,8.178976947293169,Human,Activity,1159,3.064083435963596,6.29,0.798650645445269,Medium,False,0.502
KCNJ2_MOUSE_Coyote-Maestas_2022_function,KCNJ2_MOUSE,Progen2 S,151000000.0,8.178976947293169,Eukaryote,Activity,428,2.6314437690131722,5.28,0.7226339225338123,Medium,False,0.351
KCNJ2_MOUSE_Coyote-Maestas_2022_surface,KCNJ2_MOUSE,Progen2 S,151000000.0,8.178976947293169,Eukaryote,Expression,428,2.6314437690131722,5.28,0.7226339225338123,Medium,False,0.265
KKA2_KLEPN_Melnikov_2014,KKA2_KLEPN,Progen2 S,151000000.0,8.178976947293169,Prokaryote,OrganismalFitness,264,2.4216039268698313,298.65,2.475162519083091,High,False,0.353
LGK_LIPST_Klesmith_2015,LGK_LIPST,Progen2 S,151000000.0,8.178976947293169,Eukaryote,Activity,439,2.6424645202421213,18.83,1.2748503200166648,Medium,False,0.365
LYAM1_HUMAN_Elazar_2016,LYAM1_HUMAN,Progen2 S,151000000.0,8.178976947293169,Human,Expression,372,2.5705429398818973,1.09,0.037426497940623665,Medium,False,0.362
MAFG_MOUSE_Tsuboyama_2023_1K1V,MAFG_MOUSE,Progen2 S,151000000.0,8.178976947293169,Eukaryote,Stability,41,1.6127838567197355,3.89,0.5899496013257077,Medium,False,0.46
MBD11_ARATH_Tsuboyama_2023_6ACV,MBD11_ARATH,Progen2 S,151000000.0,8.178976947293169,Eukaryote,Stability,66,1.8195439355418688,24.91,1.3963737275365065,Medium,False,0.193
MET_HUMAN_Estevam_2023,MET_HUMAN,Progen2 S,151000000.0,8.178976947293169,Human,Activity,287,2.4578818967339924,17.78,1.249931756634195,Medium,False,0.53
MK01_HUMAN_Brenan_2016,MK01_HUMAN,Progen2 S,151000000.0,8.178976947293169,Human,OrganismalFitness,360,2.5563025007672873,25.98,1.4146391467370092,Medium,False,0.183
MLAC_ECOLI_MacRae_2023,MLAC_ECOLI,Progen2 S,151000000.0,8.178976947293169,Prokaryote,OrganismalFitness,211,2.3242824552976926,37.67,1.5759956202032677,Medium,False,0.313
MSH2_HUMAN_Jia_2020,MSH2_HUMAN,Progen2 S,151000000.0,8.178976947293169,Human,OrganismalFitness,934,2.9703468762300935,11.71,1.0685568950723632,Medium,False,0.326
MTH3_HAEAE_RockahShmuel_2015,MTH3_HAEAE,Progen2 S,151000000.0,8.178976947293169,Prokaryote,OrganismalFitness,330,2.5185139398778875,82.51,1.9165065871151556,Medium,False,0.488
MTHR_HUMAN_Weile_2021,MTHR_HUMAN,Progen2 S,151000000.0,8.178976947293169,Human,OrganismalFitness,656,2.8169038393756605,0.99,-0.004364805402450088,Low,False,0.437
MYO3_YEAST_Tsuboyama_2023_2BTT,MYO3_YEAST,Progen2 S,151000000.0,8.178976947293169,Eukaryote,Stability,61,1.7853298350107671,208.4,2.3188977146274867,High,False,0.342
NCAP_I34A1_Doud_2015,NCAP_I34A1,Progen2 S,151000000.0,8.178976947293169,Virus,OrganismalFitness,498,2.6972293427597176,2.15,0.33243845991560533,Medium,False,0.018
NKX31_HUMAN_Tsuboyama_2023_2L9R,NKX31_HUMAN,Progen2 S,151000000.0,8.178976947293169,Human,Stability,61,1.7853298350107671,147.96,2.1701443226433565,High,False,0.576
NPC1_HUMAN_Erwood_2022_HEK293T,NPC1_HUMAN,Progen2 S,151000000.0,8.178976947293169,Human,Activity,1278,3.1065308538223815,0.67,-0.17392519729917355,Low,False,0.421
NPC1_HUMAN_Erwood_2022_RPE1,NPC1_HUMAN,Progen2 S,151000000.0,8.178976947293169,Human,Activity,1278,3.1065308538223815,0.67,-0.17392519729917355,Low,False,0.408
NRAM_I33A0_Jiang_2016,NRAM_I33A0,Progen2 S,151000000.0,8.178976947293169,Virus,OrganismalFitness,453,2.656098202012832,15.93,1.2022157758011316,Medium,False,0.047
NUD15_HUMAN_Suiter_2020,NUD15_HUMAN,Progen2 S,151000000.0,8.178976947293169,Human,Expression,164,2.214843848047698,281.51,2.4494938267812603,High,False,0.412
NUSA_ECOLI_Tsuboyama_2023_1WCL,NUSA_ECOLI,Progen2 S,151000000.0,8.178976947293169,Prokaryote,Stability,69,1.8388490907372552,598.86,2.777325305972129,High,False,0.325
NUSG_MYCTU_Tsuboyama_2023_2MI6,NUSG_MYCTU,Progen2 S,151000000.0,8.178976947293169,Prokaryote,Stability,55,1.7403626894942439,320.33,2.5055976137320095,High,False,0.38
OBSCN_HUMAN_Tsuboyama_2023_1V1C,OBSCN_HUMAN,Progen2 S,151000000.0,8.178976947293169,Human,Stability,65,1.8129133566428555,378.54,2.578111777789627,High,False,0.589
ODP2_GEOSE_Tsuboyama_2023_1W4G,ODP2_GEOSE,Progen2 S,151000000.0,8.178976947293169,Prokaryote,Stability,44,1.6434526764861874,397.86,2.5997302782956524,High,False,0.171
OPSD_HUMAN_Wan_2019,OPSD_HUMAN,Progen2 S,151000000.0,8.178976947293169,Human,Expression,348,2.5415792439465807,107.19,2.0301542709221025,High,False,0.552
OTC_HUMAN_Lo_2023,OTC_HUMAN,Progen2 S,151000000.0,8.178976947293169,Human,Activity,354,2.5490032620257876,53.97,1.7321524180652137,Medium,False,0.476
OTU7A_HUMAN_Tsuboyama_2023_2L2D,OTU7A_HUMAN,Progen2 S,151000000.0,8.178976947293169,Human,Stability,42,1.6232492903979006,12395.25,4.0932552904846835,High,False,0.345
OXDA_RHOTO_Vanella_2023_activity,OXDA_RHOTO,Progen2 S,151000000.0,8.178976947293169,Eukaryote,Activity,364,2.561101383649056,271.28,2.43341777677003,High,False,0.219
OXDA_RHOTO_Vanella_2023_expression,OXDA_RHOTO,Progen2 S,151000000.0,8.178976947293169,Eukaryote,Expression,364,2.561101383649056,271.28,2.43341777677003,High,False,0.217
P53_HUMAN_Giacomelli_2018_Null_Etoposide,P53_HUMAN,Progen2 S,151000000.0,8.178976947293169,Human,OrganismalFitness,393,2.5943925503754266,0.39,-0.4089353929735008,Low,False,0.39
P53_HUMAN_Giacomelli_2018_Null_Nutlin,P53_HUMAN,Progen2 S,151000000.0,8.178976947293169,Human,OrganismalFitness,393,2.5943925503754266,0.39,-0.4089353929735008,Low,False,0.375
P53_HUMAN_Giacomelli_2018_WT_Nutlin,P53_HUMAN,Progen2 S,151000000.0,8.178976947293169,Human,OrganismalFitness,393,2.5943925503754266,0.39,-0.4089353929735008,Low,False,0.482
P53_HUMAN_Kotler_2018,P53_HUMAN,Progen2 S,151000000.0,8.178976947293169,Human,OrganismalFitness,393,2.5943925503754266,0.37,-0.431798275933005,Low,False,0.47
P84126_THETH_Chan_2017,P84126_THETH,Progen2 S,151000000.0,8.178976947293169,Prokaryote,OrganismalFitness,254,2.404833716619938,41.7,1.6201360549737576,Medium,False,0.521
PA_I34A1_Wu_2015,PA_I34A1,Progen2 S,151000000.0,8.178976947293169,Virus,OrganismalFitness,716,2.8549130223078554,1.75,0.24303804868629444,Medium,False,0.219
PABP_YEAST_Melamed_2013,PABP_YEAST,Progen2 S,151000000.0,8.178976947293169,Eukaryote,OrganismalFitness,577,2.7611758131557314,1.42,0.15228834438305647,Medium,False,0.638
PAI1_HUMAN_Huttinger_2021,PAI1_HUMAN,Progen2 S,151000000.0,8.178976947293169,Human,Activity,402,2.60422605308447,30.34,1.4820155764507117,Medium,False,0.351
PHOT_CHLRE_Chen_2023,PHOT_CHLRE,Progen2 S,151000000.0,8.178976947293169,Eukaryote,Activity,118,2.0718820073061255,5215.65,3.717308440053486,High,False,0.533
PIN1_HUMAN_Tsuboyama_2023_1I6C,PIN1_HUMAN,Progen2 S,151000000.0,8.178976947293169,Human,Stability,39,1.591064607026499,287.66,2.458879476116883,High,False,0.559
PITX2_HUMAN_Tsuboyama_2023_2L7M,PITX2_HUMAN,Progen2 S,151000000.0,8.178976947293169,Human,Stability,52,1.7160033436347992,191.76,2.2827580210255976,High,False,0.547
PKN1_HUMAN_Tsuboyama_2023_1URF,PKN1_HUMAN,Progen2 S,151000000.0,8.178976947293169,Human,Stability,71,1.8512583487190752,772.42,2.8878535102875573,High,False,0.3
POLG_CXB3N_Mattenberger_2021,POLG_CXB3N,Progen2 S,151000000.0,8.178976947293169,Virus,OrganismalFitness,2185,3.3394514413064407,1.79,0.2528530309798932,Medium,False,0.138
POLG_DEN26_Suphatrakul_2023,POLG_DEN26,Progen2 S,151000000.0,8.178976947293169,Virus,OrganismalFitness,900,2.9542425094393248,0.55,-0.2596373105057561,Low,False,0.47
POLG_HCVJF_Qi_2014,POLG_HCVJF,Progen2 S,151000000.0,8.178976947293169,Virus,OrganismalFitness,3033,3.4818724103106633,41.97,1.62293896921149,Medium,False,0.422
POLG_PESV_Tsuboyama_2023_2MXD,POLG_PESV,Progen2 S,151000000.0,8.178976947293169,Virus,Stability,53,1.724275869600789,262.74,2.419526195575769,High,False,0.106
PPARG_HUMAN_Majithia_2016,PPARG_HUMAN,Progen2 S,151000000.0,8.178976947293169,Human,Activity,505,2.7032913781186614,6.24,0.795184589682424,Medium,False,0.592
PPM1D_HUMAN_Miller_2022,PPM1D_HUMAN,Progen2 S,151000000.0,8.178976947293169,Human,OrganismalFitness,605,2.781755374652469,0.56,-0.25181197299379954,Low,False,0.516
PR40A_HUMAN_Tsuboyama_2023_1UZC,PR40A_HUMAN,Progen2 S,151000000.0,8.178976947293169,Human,Stability,63,1.7993405494535817,56.72,1.7537362221750101,Medium,False,0.634
PRKN_HUMAN_Clausen_2023,PRKN_HUMAN,Progen2 S,151000000.0,8.178976947293169,Human,Expression,465,2.667452952889954,0.37,-0.431798275933005,Low,False,0.447
PSAE_PICP2_Tsuboyama_2023_1PSE,PSAE_PICP2,Progen2 S,151000000.0,8.178976947293169,Prokaryote,Stability,68,1.8325089127062364,1.85,0.26717172840301384,Medium,False,0.462
PTEN_HUMAN_Matreyek_2021,PTEN_HUMAN,Progen2 S,151000000.0,8.178976947293169,Human,Expression,403,2.6053050461411096,3.72,0.5705429398818975,Medium,False,0.27
PTEN_HUMAN_Mighell_2018,PTEN_HUMAN,Progen2 S,151000000.0,8.178976947293169,Human,Activity,403,2.6053050461411096,3.72,0.5705429398818975,Medium,False,0.41
Q2N0S5_9HIV1_Haddox_2018,Q2N0S5_9HIV1,Progen2 S,151000000.0,8.178976947293169,Virus,OrganismalFitness,860,2.934498451243568,42.86,1.6320521667058099,Medium,False,0.517
Q53Z42_HUMAN_McShan_2019_binding-TAPBPR,Q53Z42_HUMAN,Progen2 S,151000000.0,8.178976947293169,Human,Binding,365,2.5622928644564746,13.24,1.1218879851036812,Medium,False,0.292
Q53Z42_HUMAN_McShan_2019_expression,Q53Z42_HUMAN,Progen2 S,151000000.0,8.178976947293169,Human,Expression,365,2.5622928644564746,13.24,1.1218879851036812,Medium,False,0.476
Q59976_STRSQ_Romero_2015,Q59976_STRSQ,Progen2 S,151000000.0,8.178976947293169,Prokaryote,Activity,501,2.699837725867246,27.97,1.4466924663715273,Medium,False,0.622
Q6WV12_9MAXI_Somermeyer_2022,Q6WV12_9MAXI,Progen2 S,151000000.0,8.178976947293169,Eukaryote,Activity,222,2.346352974450639,0.44,-0.3565473235138126,Low,False,0.004
Q837P4_ENTFA_Meier_2023,Q837P4_ENTFA,Progen2 S,151000000.0,8.178976947293169,Prokaryote,Activity,589,2.7701152947871015,90.8,1.958085848521085,Medium,False,0.552
Q837P5_ENTFA_Meier_2023,Q837P5_ENTFA,Progen2 S,151000000.0,8.178976947293169,Prokaryote,Activity,571,2.756636108245848,95.02,1.9778150260831866,Medium,False,0.319
Q8WTC7_9CNID_Somermeyer_2022,Q8WTC7_9CNID,Progen2 S,151000000.0,8.178976947293169,Eukaryote,Activity,238,2.376576957056512,0.51,-0.2924298239020636,Low,False,-0.005
R1AB_SARS2_Flynn_2022,R1AB_SARS2,Progen2 S,151000000.0,8.178976947293169,Virus,OrganismalFitness,306,2.48572142648158,1.14,0.05690485133647256,Medium,False,0.242
RAD_ANTMA_Tsuboyama_2023_2CJJ,RAD_ANTMA,Progen2 S,151000000.0,8.178976947293169,Eukaryote,Stability,54,1.7323937598229686,777.81,2.8908735224022113,High,False,0.552
RAF1_HUMAN_Zinkus-Boltz_2019,RAF1_HUMAN,Progen2 S,151000000.0,8.178976947293169,Human,OrganismalFitness,648,2.8115750058705933,0.59,-0.22914798835785583,Low,False,0.377
RASH_HUMAN_Bandaru_2017,RASH_HUMAN,Progen2 S,151000000.0,8.178976947293169,Human,Activity,189,2.2764618041732443,125.77,2.0995770609167086,High,False,0.433
RASK_HUMAN_Weng_2022_abundance,RASK_HUMAN,Progen2 S,151000000.0,8.178976947293169,Human,Expression,188,2.27415784926368,146.37,2.1654520728319286,High,False,0.279
RASK_HUMAN_Weng_2022_binding-DARPin_K55,RASK_HUMAN,Progen2 S,151000000.0,8.178976947293169,Human,Binding,188,2.27415784926368,146.37,2.1654520728319286,High,False,0.537
RBP1_HUMAN_Tsuboyama_2023_2KWH,RBP1_HUMAN,Progen2 S,151000000.0,8.178976947293169,Human,Stability,52,1.7160033436347992,976.49,2.9896678001409684,High,False,0.297
RCD1_ARATH_Tsuboyama_2023_5OAO,RCD1_ARATH,Progen2 S,151000000.0,8.178976947293169,Eukaryote,Stability,57,1.7558748556724915,28.23,1.4507108781469193,Medium,False,0.32
RCRO_LAMBD_Tsuboyama_2023_1ORC,RCRO_LAMBD,Progen2 S,151000000.0,8.178976947293169,Virus,Stability,63,1.7993405494535817,803.73,2.905110179092208,High,False,-0.041
RD23A_HUMAN_Tsuboyama_2023_1IFY,RD23A_HUMAN,Progen2 S,151000000.0,8.178976947293169,Human,Stability,44,1.6434526764861874,182.36,2.260929583529925,High,False,0.545
RDRP_I33A0_Li_2023,RDRP_I33A0,Progen2 S,151000000.0,8.178976947293169,Virus,OrganismalFitness,757,2.8790958795000727,1.52,0.18184358794477254,Medium,False,0.125
REV_HV1H2_Fernandes_2016,REV_HV1H2,Progen2 S,151000000.0,8.178976947293169,Virus,OrganismalFitness,116,2.0644579892269186,104.82,2.0204441553665746,High,False,0.29
RFAH_ECOLI_Tsuboyama_2023_2LCL,RFAH_ECOLI,Progen2 S,151000000.0,8.178976947293169,Prokaryote,Stability,55,1.7403626894942439,258.65,2.412712482745101,High,False,-0.043
RL20_AQUAE_Tsuboyama_2023_1GYZ,RL20_AQUAE,Progen2 S,151000000.0,8.178976947293169,Prokaryote,Stability,59,1.7708520116421442,1816.95,3.2593429762772845,High,False,0.473
RL40A_YEAST_Mavor_2016,RL40A_YEAST,Progen2 S,151000000.0,8.178976947293169,Eukaryote,OrganismalFitness,128,2.1072099696478683,30.52,1.4845845292828428,Medium,False,0.493
RL40A_YEAST_Roscoe_2013,RL40A_YEAST,Progen2 S,151000000.0,8.178976947293169,Eukaryote,OrganismalFitness,128,2.1072099696478683,30.52,1.4845845292828428,Medium,False,0.537
RL40A_YEAST_Roscoe_2014,RL40A_YEAST,Progen2 S,151000000.0,8.178976947293169,Eukaryote,Activity,128,2.1072099696478683,30.52,1.4845845292828428,Medium,False,0.439
RNC_ECOLI_Weeks_2023,RNC_ECOLI,Progen2 S,151000000.0,8.178976947293169,Prokaryote,Activity,226,2.3541084391474008,70.7,1.8494194137968993,Medium,False,0.557
RPC1_BP434_Tsuboyama_2023_1R69,RPC1_BP434,Progen2 S,151000000.0,8.178976947293169,Virus,Stability,61,1.7853298350107671,9091.45,3.958633154594723,High,False,0.742
RPC1_LAMBD_Li_2019_high-expression,RPC1_LAMBD,Progen2 S,151000000.0,8.178976947293169,Virus,Activity,237,2.374748346010104,121.45,2.0843975191411492,High,False,0.223
RPC1_LAMBD_Li_2019_low-expression,RPC1_LAMBD,Progen2 S,151000000.0,8.178976947293169,Virus,Activity,237,2.374748346010104,121.45,2.0843975191411492,High,False,0.182
RS15_GEOSE_Tsuboyama_2023_1A32,RS15_GEOSE,Progen2 S,151000000.0,8.178976947293169,Prokaryote,Stability,63,1.7993405494535817,68.91,1.8382822499146885,Medium,False,0.297
S22A1_HUMAN_Yee_2023_abundance,S22A1_HUMAN,Progen2 S,151000000.0,8.178976947293169,Human,Expression,553,2.7427251313046983,62.71,1.7973368007753499,Medium,False,0.526
S22A1_HUMAN_Yee_2023_activity,S22A1_HUMAN,Progen2 S,151000000.0,8.178976947293169,Human,Activity,553,2.7427251313046983,62.71,1.7973368007753499,Medium,False,0.526
SAV1_MOUSE_Tsuboyama_2023_2YSB,SAV1_MOUSE,Progen2 S,151000000.0,8.178976947293169,Eukaryote,Stability,43,1.6334684555795864,105.1,2.021602716028242,High,False,0.524
SBI_STAAM_Tsuboyama_2023_2JVG,SBI_STAAM,Progen2 S,151000000.0,8.178976947293169,Prokaryote,Stability,56,1.7481880270062005,27.03,1.4318460456987254,Medium,False,0.21
SC6A4_HUMAN_Young_2021,SC6A4_HUMAN,Progen2 S,151000000.0,8.178976947293169,Human,Activity,630,2.7993405494535817,8.81,0.9449759084120479,Medium,False,0.512
SCIN_STAAR_Tsuboyama_2023_2QFF,SCIN_STAAR,Progen2 S,151000000.0,8.178976947293169,Prokaryote,Stability,70,1.845098040014257,163.66,2.213942546840078,High,False,0.155
SCN5A_HUMAN_Glazer_2019,SCN5A_HUMAN,Progen2 S,151000000.0,8.178976947293169,Human,OrganismalFitness,2016,3.3044905277734875,26.58,1.4245549766067132,Medium,False,0.124
SDA_BACSU_Tsuboyama_2023_1PV0,SDA_BACSU,Progen2 S,151000000.0,8.178976947293169,Prokaryote,Stability,44,1.6434526764861874,20.05,1.3021143769562011,Medium,False,0.081
SERC_HUMAN_Xie_2023,SERC_HUMAN,Progen2 S,151000000.0,8.178976947293169,Human,OrganismalFitness,370,2.568201724066995,117.4,2.0696680969115957,High,False,0.5
SHOC2_HUMAN_Kwon_2022,SHOC2_HUMAN,Progen2 S,151000000.0,8.178976947293169,Human,OrganismalFitness,582,2.7649229846498886,15.55,1.1917303933628562,Medium,False,0.267
SOX30_HUMAN_Tsuboyama_2023_7JJK,SOX30_HUMAN,Progen2 S,151000000.0,8.178976947293169,Human,Stability,57,1.7558748556724915,262.24,2.418698936226424,High,False,0.264
SPA_STAAU_Tsuboyama_2023_1LP1,SPA_STAAU,Progen2 S,151000000.0,8.178976947293169,Prokaryote,Stability,55,1.7403626894942439,37.48,1.5737995822157407,Medium,False,-0.081
SPG1_STRSG_Olson_2014,SPG1_STRSG,Progen2 S,151000000.0,8.178976947293169,Prokaryote,Binding,448,2.651278013998144,0.0,-2.0,Low,False,0.232
SPG1_STRSG_Wu_2016,SPG1_STRSG,Progen2 S,151000000.0,8.178976947293169,Prokaryote,Binding,448,2.651278013998144,1.34,0.12710479836480765,Medium,False,-0.061
SPG2_STRSG_Tsuboyama_2023_5UBS,SPG2_STRSG,Progen2 S,151000000.0,8.178976947293169,Prokaryote,Stability,56,1.7481880270062005,56.55,1.7524326092614742,Medium,False,0.343
SPIKE_SARS2_Starr_2020_binding,SPIKE_SARS2,Progen2 S,151000000.0,8.178976947293169,Virus,Binding,1273,3.1048284036536553,1.06,0.02530586526477026,Medium,False,0.384
SPIKE_SARS2_Starr_2020_expression,SPIKE_SARS2,Progen2 S,151000000.0,8.178976947293169,Virus,Expression,1273,3.1048284036536553,1.06,0.02530586526477026,Medium,False,0.379
SPTN1_CHICK_Tsuboyama_2023_1TUD,SPTN1_CHICK,Progen2 S,151000000.0,8.178976947293169,Eukaryote,Stability,60,1.7781512503836436,285.61,2.455773409227347,High,False,0.589
SQSTM_MOUSE_Tsuboyama_2023_2RRU,SQSTM_MOUSE,Progen2 S,151000000.0,8.178976947293169,Eukaryote,Stability,40,1.6020599913279623,84.27,1.9256729939212405,Medium,False,0.345
SR43C_ARATH_Tsuboyama_2023_2N88,SR43C_ARATH,Progen2 S,151000000.0,8.178976947293169,Eukaryote,Stability,48,1.6812412373755872,253.55,2.404063614883892,High,False,0.493
SRBS1_HUMAN_Tsuboyama_2023_2O2W,SRBS1_HUMAN,Progen2 S,151000000.0,8.178976947293169,Human,Stability,67,1.8260748027008264,363.68,2.5607194183808955,High,False,0.642
SRC_HUMAN_Ahler_2019,SRC_HUMAN,Progen2 S,151000000.0,8.178976947293169,Human,Activity,536,2.72916478969277,2.75,0.43933269383026263,Medium,False,0.437
SRC_HUMAN_Chakraborty_2023_binding-DAS_25uM,SRC_HUMAN,Progen2 S,151000000.0,8.178976947293169,Human,Activity,536,2.72916478969277,3.38,0.5289167002776547,Medium,False,0.37
SRC_HUMAN_Nguyen_2022,SRC_HUMAN,Progen2 S,151000000.0,8.178976947293169,Human,OrganismalFitness,536,2.72916478969277,3.38,0.5289167002776547,Medium,False,0.381
SUMO1_HUMAN_Weile_2017,SUMO1_HUMAN,Progen2 S,151000000.0,8.178976947293169,Human,OrganismalFitness,101,2.0043213737826426,140.9,2.1489109931093564,High,False,0.468
SYUA_HUMAN_Newberry_2020,SYUA_HUMAN,Progen2 S,151000000.0,8.178976947293169,Human,OrganismalFitness,140,2.146128035678238,47.17,1.673665876245702,Medium,False,0.086
TADBP_HUMAN_Bolognesi_2019,TADBP_HUMAN,Progen2 S,151000000.0,8.178976947293169,Human,OrganismalFitness,414,2.617000341120899,0.33,-0.4814860601221125,Low,False,0.206
TAT_HV1BR_Fernandes_2016,TAT_HV1BR,Progen2 S,151000000.0,8.178976947293169,Virus,OrganismalFitness,86,1.9344984512435677,115.56,2.062807533172159,High,False,0.394
TCRG1_MOUSE_Tsuboyama_2023_1E0L,TCRG1_MOUSE,Progen2 S,151000000.0,8.178976947293169,Eukaryote,Stability,37,1.568201724066995,79.56,1.9006947744523979,Medium,False,0.604
THO1_YEAST_Tsuboyama_2023_2WQG,THO1_YEAST,Progen2 S,151000000.0,8.178976947293169,Eukaryote,Stability,41,1.6127838567197355,206.87,2.3156975144495764,High,False,0.351
TNKS2_HUMAN_Tsuboyama_2023_5JRT,TNKS2_HUMAN,Progen2 S,151000000.0,8.178976947293169,Human,Stability,59,1.7708520116421442,195.89,2.2920122662363456,High,False,0.395
TPK1_HUMAN_Weile_2017,TPK1_HUMAN,Progen2 S,151000000.0,8.178976947293169,Human,OrganismalFitness,243,2.385606273598312,29.93,1.4761067168401913,Medium,False,0.115
TPMT_HUMAN_Matreyek_2018,TPMT_HUMAN,Progen2 S,151000000.0,8.178976947293169,Human,Expression,245,2.3891660843645326,26.71,1.426673888021373,Medium,False,0.447
TPOR_HUMAN_Bridgford_2020,TPOR_HUMAN,Progen2 S,151000000.0,8.178976947293169,Human,OrganismalFitness,635,2.8027737252919755,0.19,-0.721246399047171,Low,False,0.367
TRPC_SACS2_Chan_2017,TRPC_SACS2,Progen2 S,151000000.0,8.178976947293169,Prokaryote,OrganismalFitness,248,2.3944516808262164,41.98,1.6230424342463816,Medium,False,0.498
TRPC_THEMA_Chan_2017,TRPC_THEMA,Progen2 S,151000000.0,8.178976947293169,Prokaryote,OrganismalFitness,252,2.401400540781544,41.51,1.6181527333785195,Medium,False,0.437
UBC9_HUMAN_Weile_2017,UBC9_HUMAN,Progen2 S,151000000.0,8.178976947293169,Human,OrganismalFitness,159,2.2013971243204513,55.33,1.7429606702141525,Medium,False,0.42
UBE4B_HUMAN_Tsuboyama_2023_3L1X,UBE4B_HUMAN,Progen2 S,151000000.0,8.178976947293169,Human,Stability,69,1.8388490907372552,506.27,2.704382193196689,High,False,0.345
UBE4B_MOUSE_Starita_2013,UBE4B_MOUSE,Progen2 S,151000000.0,8.178976947293169,Eukaryote,Activity,1173,3.0692980121155293,0.64,-0.1938200260161128,Low,False,0.444
UBR5_HUMAN_Tsuboyama_2023_1I2T,UBR5_HUMAN,Progen2 S,151000000.0,8.178976947293169,Human,Stability,58,1.7634279935629373,17.55,1.2442771208018428,Medium,False,0.473
VG08_BPP22_Tsuboyama_2023_2GP8,VG08_BPP22,Progen2 S,151000000.0,8.178976947293169,Virus,Stability,40,1.6020599913279623,1177.87,3.0710973605715015,High,False,0.419
VILI_CHICK_Tsuboyama_2023_1YU5,VILI_CHICK,Progen2 S,151000000.0,8.178976947293169,Eukaryote,Stability,65,1.8129133566428555,761.62,2.8817383400187397,High,False,0.424
VKOR1_HUMAN_Chiasson_2020_abundance,VKOR1_HUMAN,Progen2 S,151000000.0,8.178976947293169,Human,Expression,163,2.2121876044039577,29.05,1.4631461367263496,Medium,False,0.368
VKOR1_HUMAN_Chiasson_2020_activity,VKOR1_HUMAN,Progen2 S,151000000.0,8.178976947293169,Human,Activity,163,2.2121876044039577,29.05,1.4631461367263496,Medium,False,0.132
VRPI_BPT7_Tsuboyama_2023_2WNM,VRPI_BPT7,Progen2 S,151000000.0,8.178976947293169,Virus,Stability,56,1.7481880270062005,81.19,1.9095025414054154,Medium,False,0.215
YAIA_ECOLI_Tsuboyama_2023_2KVT,YAIA_ECOLI,Progen2 S,151000000.0,8.178976947293169,Prokaryote,Stability,52,1.7160033436347992,16.25,1.2108533653148932,Medium,False,-0.125
YAP1_HUMAN_Araya_2012,YAP1_HUMAN,Progen2 S,151000000.0,8.178976947293169,Human,Binding,504,2.7024305364455254,0.26,-0.585026652029182,Low,False,0.299
YNZC_BACSU_Tsuboyama_2023_2JVD,YNZC_BACSU,Progen2 S,151000000.0,8.178976947293169,Prokaryote,Stability,39,1.591064607026499,40.99,1.6126779183165019,Medium,False,0.594
A0A140D2T1_ZIKV_Sourisseau_2019,A0A140D2T1_ZIKV,Progen2 M,764000000.0,8.88309335857569,Virus,OrganismalFitness,3423,3.534406899137877,1.63,0.21218760440395779,Medium,True,0.342
A0A192B1T2_9HIV1_Haddox_2018,A0A192B1T2_9HIV1,Progen2 M,764000000.0,8.88309335857569,Virus,OrganismalFitness,852,2.9304395947667,42.81,1.6315452278343094,Medium,True,0.501
A0A1I9GEU1_NEIME_Kennouche_2019,A0A1I9GEU1_NEIME,Progen2 M,764000000.0,8.88309335857569,Prokaryote,Activity,161,2.2068258760318495,14.07,1.1482940974347458,Medium,True,0.088
A0A247D711_LISMN_Stadelmann_2021,A0A247D711_LISMN,Progen2 M,764000000.0,8.88309335857569,Prokaryote,Activity,87,1.9395192526186185,0.1,-1.0,Low,True,0.067
A0A2Z5U3Z0_9INFA_Doud_2016,A0A2Z5U3Z0_9INFA,Progen2 M,764000000.0,8.88309335857569,Virus,OrganismalFitness,565,2.7520484478194387,16.01,1.2043913319192998,Medium,True,0.52
A0A2Z5U3Z0_9INFA_Wu_2014,A0A2Z5U3Z0_9INFA,Progen2 M,764000000.0,8.88309335857569,Virus,OrganismalFitness,565,2.7520484478194387,16.01,1.2043913319192998,Medium,True,0.46
A4_HUMAN_Seuma_2022,A4_HUMAN,Progen2 M,764000000.0,8.88309335857569,Human,Stability,770,2.886490725172482,0.08,-1.0969100130080565,Low,True,0.297
A4D664_9INFA_Soh_2019,A4D664_9INFA,Progen2 M,764000000.0,8.88309335857569,Virus,OrganismalFitness,759,2.88024177589548,1.7,0.2304489213782739,Medium,True,0.26
A4GRB6_PSEAI_Chen_2020,A4GRB6_PSEAI,Progen2 M,764000000.0,8.88309335857569,Prokaryote,OrganismalFitness,266,2.424881636631067,120.61,2.081383317462285,High,True,0.622
AACC1_PSEAI_Dandage_2018,AACC1_PSEAI,Progen2 M,764000000.0,8.88309335857569,Prokaryote,OrganismalFitness,177,2.247973266361807,985.3,2.9935684827897275,High,True,0.428
ACE2_HUMAN_Chan_2020,ACE2_HUMAN,Progen2 M,764000000.0,8.88309335857569,Human,Binding,805,2.9057958803678687,1.97,0.2944662261615929,Medium,True,0.162
ADRB2_HUMAN_Jones_2020,ADRB2_HUMAN,Progen2 M,764000000.0,8.88309335857569,Human,Activity,413,2.615950051656401,67.99,1.832445041174111,Medium,True,0.531
AICDA_HUMAN_Gajula_2014_3cycles,AICDA_HUMAN,Progen2 M,764000000.0,8.88309335857569,Human,Activity,198,2.296665190261531,18.4,1.2648178230095364,Medium,True,0.321
AMFR_HUMAN_Tsuboyama_2023_4G3O,AMFR_HUMAN,Progen2 M,764000000.0,8.88309335857569,Human,Stability,47,1.6720978579357175,26.51,1.4234097277330935,Medium,True,-0.089
AMIE_PSEAE_Wrenbeck_2017,AMIE_PSEAE,Progen2 M,764000000.0,8.88309335857569,Prokaryote,Activity,346,2.5390760987927767,89.1,1.9498777040368747,Medium,True,0.561
ANCSZ_Hobbs_2022,ANCSZ,Progen2 M,764000000.0,8.88309335857569,Eukaryote,Activity,627,2.7972675408307164,1.79,0.2528530309798932,Medium,True,0.519
ARGR_ECOLI_Tsuboyama_2023_1AOY,ARGR_ECOLI,Progen2 M,764000000.0,8.88309335857569,Prokaryote,Stability,69,1.8388490907372552,54.24,1.734319680859007,Medium,True,0.437
B2L11_HUMAN_Dutta_2010_binding-Mcl-1,B2L11_HUMAN,Progen2 M,764000000.0,8.88309335857569,Human,Binding,198,2.296665190261531,0.45,-0.3467874862246563,Low,True,0.251
BBC1_YEAST_Tsuboyama_2023_1TG0,BBC1_YEAST,Progen2 M,764000000.0,8.88309335857569,Eukaryote,Stability,64,1.806179973983887,271.76,2.4341855338619713,High,True,0.391
BCHB_CHLTE_Tsuboyama_2023_2KRU,BCHB_CHLTE,Progen2 M,764000000.0,8.88309335857569,Prokaryote,Stability,52,1.7160033436347992,51.95,1.7155855518931962,Medium,True,0.421
BLAT_ECOLX_Deng_2012,BLAT_ECOLX,Progen2 M,764000000.0,8.88309335857569,Prokaryote,OrganismalFitness,286,2.456366033129043,177.98,2.2503712024344784,High,True,0.445
BLAT_ECOLX_Firnberg_2014,BLAT_ECOLX,Progen2 M,764000000.0,8.88309335857569,Prokaryote,OrganismalFitness,286,2.456366033129043,177.98,2.2503712024344784,High,True,0.646
BLAT_ECOLX_Jacquier_2013,BLAT_ECOLX,Progen2 M,764000000.0,8.88309335857569,Prokaryote,OrganismalFitness,286,2.456366033129043,177.98,2.2503712024344784,High,True,0.632
BLAT_ECOLX_Stiffler_2015,BLAT_ECOLX,Progen2 M,764000000.0,8.88309335857569,Prokaryote,OrganismalFitness,286,2.456366033129043,177.98,2.2503712024344784,High,True,0.651
BRCA1_HUMAN_Findlay_2018,BRCA1_HUMAN,Progen2 M,764000000.0,8.88309335857569,Human,OrganismalFitness,1863,3.2702128548962426,0.05,-1.3010299956639813,Low,True,0.473
BRCA2_HUMAN_Erwood_2022_HEK293T,BRCA2_HUMAN,Progen2 M,764000000.0,8.88309335857569,Human,OrganismalFitness,3418,3.533772058384718,0.02,-1.6989700043360187,Low,True,0.483
C6KNH7_9INFA_Lee_2018,C6KNH7_9INFA,Progen2 M,764000000.0,8.88309335857569,Virus,OrganismalFitness,566,2.7528164311882715,16.0,1.2041199826559248,Medium,True,0.454
CALM1_HUMAN_Weile_2017,CALM1_HUMAN,Progen2 M,764000000.0,8.88309335857569,Human,OrganismalFitness,149,2.173186268412274,190.77,2.280510079703276,High,True,0.276
CAPSD_AAV2S_Sinai_2021,CAPSD_AAV2S,Progen2 M,764000000.0,8.88309335857569,Virus,OrganismalFitness,735,2.8662873390841948,0.26,-0.585026652029182,Low,True,0.198
CAR11_HUMAN_Meitlis_2020_gof,CAR11_HUMAN,Progen2 M,764000000.0,8.88309335857569,Human,OrganismalFitness,1154,3.0622058088197126,0.04,-1.3979400086720375,Low,True,0.215
CAR11_HUMAN_Meitlis_2020_lof,CAR11_HUMAN,Progen2 M,764000000.0,8.88309335857569,Human,OrganismalFitness,1154,3.0622058088197126,0.04,-1.3979400086720375,Low,True,0.303
CAS9_STRP1_Spencer_2017_positive,CAS9_STRP1,Progen2 M,764000000.0,8.88309335857569,Prokaryote,Activity,1368,3.1360860973840974,1.14,0.05690485133647256,Medium,True,0.194
CASP3_HUMAN_Roychowdhury_2020,CASP3_HUMAN,Progen2 M,764000000.0,8.88309335857569,Human,Activity,258,2.41161970596323,111.55,2.0474695746198566,High,True,0.556
CASP7_HUMAN_Roychowdhury_2020,CASP7_HUMAN,Progen2 M,764000000.0,8.88309335857569,Human,Activity,281,2.44870631990508,80.66,1.9066582176715998,Medium,True,0.579
CATR_CHLRE_Tsuboyama_2023_2AMI,CATR_CHLRE,Progen2 M,764000000.0,8.88309335857569,Eukaryote,Stability,72,1.8573324964312685,1107.51,3.044347656272274,High,True,0.627
CBPA2_HUMAN_Tsuboyama_2023_1O6X,CBPA2_HUMAN,Progen2 M,764000000.0,8.88309335857569,Human,Stability,72,1.8573324964312685,43.64,1.6398847419163043,Medium,True,0.665
CBS_HUMAN_Sun_2020,CBS_HUMAN,Progen2 M,764000000.0,8.88309335857569,Human,OrganismalFitness,551,2.741151598851785,3.5,0.5440680443502757,Medium,True,0.273
CBX4_HUMAN_Tsuboyama_2023_2K28,CBX4_HUMAN,Progen2 M,764000000.0,8.88309335857569,Human,Stability,50,1.6989700043360187,269.65,2.430800424624181,High,True,0.577
CCDB_ECOLI_Adkar_2012,CCDB_ECOLI,Progen2 M,764000000.0,8.88309335857569,Prokaryote,Activity,101,2.0043213737826426,168.82,2.227423895933663,High,True,0.053
CCDB_ECOLI_Tripathi_2016,CCDB_ECOLI,Progen2 M,764000000.0,8.88309335857569,Prokaryote,OrganismalFitness,101,2.0043213737826426,168.82,2.227423895933663,High,True,0.094
CCR5_HUMAN_Gill_2023,CCR5_HUMAN,Progen2 M,764000000.0,8.88309335857569,Human,Binding,352,2.546542663478131,182.74,2.261833620575751,High,True,0.356
CD19_HUMAN_Klesmith_2019_FMC_singles,CD19_HUMAN,Progen2 M,764000000.0,8.88309335857569,Human,Binding,556,2.7450747915820575,0.5,-0.3010299956639812,Low,True,0.12
CP2C9_HUMAN_Amorosi_2021_abundance,CP2C9_HUMAN,Progen2 M,764000000.0,8.88309335857569,Human,Expression,490,2.690196080028514,165.48,2.2187455122234745,High,True,0.585
CP2C9_HUMAN_Amorosi_2021_activity,CP2C9_HUMAN,Progen2 M,764000000.0,8.88309335857569,Human,Binding,490,2.690196080028514,165.48,2.2187455122234745,High,True,0.587
CSN4_MOUSE_Tsuboyama_2023_1UFM,CSN4_MOUSE,Progen2 M,764000000.0,8.88309335857569,Eukaryote,Stability,72,1.8573324964312685,48.23,1.6833172619218826,Medium,True,0.587
CUE1_YEAST_Tsuboyama_2023_2MYX,CUE1_YEAST,Progen2 M,764000000.0,8.88309335857569,Eukaryote,Stability,52,1.7160033436347992,7.64,0.8830933585756899,Medium,True,0.224
D7PM05_CLYGR_Somermeyer_2022,D7PM05_CLYGR,Progen2 M,764000000.0,8.88309335857569,Eukaryote,Activity,235,2.3710678622717363,0.6,-0.2218487496163564,Low,True,0.047
DLG4_HUMAN_Faure_2021,DLG4_HUMAN,Progen2 M,764000000.0,8.88309335857569,Human,OrganismalFitness,724,2.859738566197147,0.46,-0.3372421683184259,Low,True,0.607
DLG4_RAT_McLaughlin_2012,DLG4_RAT,Progen2 M,764000000.0,8.88309335857569,Eukaryote,Binding,724,2.859738566197147,0.36,-0.44369749923271273,Low,True,0.42
DN7A_SACS2_Tsuboyama_2023_1JIC,DN7A_SACS2,Progen2 M,764000000.0,8.88309335857569,Prokaryote,Stability,55,1.7403626894942439,24.82,1.394801777162711,Medium,True,0.107
DNJA1_HUMAN_Tsuboyama_2023_2LO1,DNJA1_HUMAN,Progen2 M,764000000.0,8.88309335857569,Human,Stability,65,1.8129133566428555,547.68,2.7385268817938018,High,True,0.765
DOCK1_MOUSE_Tsuboyama_2023_2M0Y,DOCK1_MOUSE,Progen2 M,764000000.0,8.88309335857569,Eukaryote,Stability,66,1.8195439355418688,368.28,2.5661781344794474,High,True,0.402
DYR_ECOLI_Nguyen_2023,DYR_ECOLI,Progen2 M,764000000.0,8.88309335857569,Prokaryote,OrganismalFitness,159,2.2013971243204513,337.1,2.527758752520972,High,True,0.388
DYR_ECOLI_Thompson_2019,DYR_ECOLI,Progen2 M,764000000.0,8.88309335857569,Prokaryote,OrganismalFitness,159,2.2013971243204513,77.51,1.8893577368889316,Medium,True,0.436
ENV_HV1B9_DuenasDecamp_2016,ENV_HV1B9,Progen2 M,764000000.0,8.88309335857569,Virus,OrganismalFitness,853,2.930949031167523,47.92,1.680516809381255,Medium,True,0.394
ENV_HV1BR_Haddox_2016,ENV_HV1BR,Progen2 M,764000000.0,8.88309335857569,Virus,OrganismalFitness,861,2.935003151453655,43.39,1.637389650129212,Medium,True,0.358
ENVZ_ECOLI_Ghose_2023,ENVZ_ECOLI,Progen2 M,764000000.0,8.88309335857569,Prokaryote,Activity,60,1.7781512503836436,4595.33,3.6623167044126537,High,True,0.164
EPHB2_HUMAN_Tsuboyama_2023_1F0M,EPHB2_HUMAN,Progen2 M,764000000.0,8.88309335857569,Human,Stability,66,1.8195439355418688,126.33,2.1015064961399275,High,True,0.664
ERBB2_HUMAN_Elazar_2016,ERBB2_HUMAN,Progen2 M,764000000.0,8.88309335857569,Human,Expression,1255,3.098643725817057,0.32,-0.494850021680094,Low,True,0.536
ESTA_BACSU_Nutschel_2020,ESTA_BACSU,Progen2 M,764000000.0,8.88309335857569,Prokaryote,Stability,212,2.326335860928751,313.28,2.495932670123044,High,True,0.254
F7YBW8_MESOW_Ding_2023,F7YBW8_MESOW,Progen2 M,764000000.0,8.88309335857569,Prokaryote,OrganismalFitness,93,1.968482948553935,176.23,2.2460798412237666,High,True,0.387
F7YBW8_MESOW_Aakre_2015,F7YBW8_MESOW,Progen2 M,764000000.0,8.88309335857569,Prokaryote,OrganismalFitness,93,1.968482948553935,176.23,2.2460798412237666,High,True,0.125
FECA_ECOLI_Tsuboyama_2023_2D1U,FECA_ECOLI,Progen2 M,764000000.0,8.88309335857569,Prokaryote,Stability,72,1.8573324964312685,141.6,2.15106325335375,High,True,0.477
FKBP3_HUMAN_Tsuboyama_2023_2KFV,FKBP3_HUMAN,Progen2 M,764000000.0,8.88309335857569,Human,Stability,69,1.8388490907372552,1.85,0.26717172840301384,Medium,True,0.229
GAL4_YEAST_Kitzman_2015,GAL4_YEAST,Progen2 M,764000000.0,8.88309335857569,Eukaryote,OrganismalFitness,881,2.9449759084120477,10.02,1.000867721531227,Medium,True,0.424
GCN4_YEAST_Staller_2018,GCN4_YEAST,Progen2 M,764000000.0,8.88309335857569,Eukaryote,Binding,281,2.44870631990508,0.66,-0.1804560644581313,Low,True,0.118
GDIA_HUMAN_Silverstein_2021,GDIA_HUMAN,Progen2 M,764000000.0,8.88309335857569,Human,OrganismalFitness,447,2.6503075231319366,0.8,-0.09691001300805639,Low,True,0.439
GFP_AEQVI_Sarkisyan_2016,GFP_AEQVI,Progen2 M,764000000.0,8.88309335857569,Eukaryote,Activity,238,2.376576957056512,0.06,-1.2218487496163564,Low,True,0.188
GLPA_HUMAN_Elazar_2016,GLPA_HUMAN,Progen2 M,764000000.0,8.88309335857569,Human,Expression,150,2.1760912590556813,0.51,-0.2924298239020636,Low,True,0.39
GRB2_HUMAN_Faure_2021,GRB2_HUMAN,Progen2 M,764000000.0,8.88309335857569,Human,OrganismalFitness,217,2.3364597338485296,6.78,0.8312296938670634,Medium,True,0.509
HCP_LAMBD_Tsuboyama_2023_2L6Q,HCP_LAMBD,Progen2 M,764000000.0,8.88309335857569,Virus,Stability,55,1.7403626894942439,30.76,1.4879863311293935,Medium,True,0.325
HECD1_HUMAN_Tsuboyama_2023_3DKM,HECD1_HUMAN,Progen2 M,764000000.0,8.88309335857569,Human,Stability,72,1.8573324964312685,17.22,1.236033147117636,Medium,True,0.294
HEM3_HUMAN_Loggerenberg_2023,HEM3_HUMAN,Progen2 M,764000000.0,8.88309335857569,Human,Activity,361,2.5575072019056577,32.84,1.5164031484474032,Medium,True,0.387
HIS7_YEAST_Pokusaeva_2019,HIS7_YEAST,Progen2 M,764000000.0,8.88309335857569,Eukaryote,OrganismalFitness,220,2.342422680822206,23.97,1.3796680340336538,Medium,True,0.485
HMDH_HUMAN_Jiang_2019,HMDH_HUMAN,Progen2 M,764000000.0,8.88309335857569,Human,OrganismalFitness,888,2.948412965778601,0.58,-0.23657200643706275,Low,True,0.197
HSP82_YEAST_Cote-Hammarlof_2020_growth-H2O2,HSP82_YEAST,Progen2 M,764000000.0,8.88309335857569,Eukaryote,OrganismalFitness,709,2.8506462351830666,6.47,0.8109042806687004,Medium,True,0.366
HSP82_YEAST_Flynn_2019,HSP82_YEAST,Progen2 M,764000000.0,8.88309335857569,Eukaryote,OrganismalFitness,709,2.8506462351830666,5.45,0.7363965022766424,Medium,True,0.419
HSP82_YEAST_Mishra_2016,HSP82_YEAST,Progen2 M,764000000.0,8.88309335857569,Eukaryote,OrganismalFitness,709,2.8506462351830666,5.45,0.7363965022766424,Medium,True,0.51
HXK4_HUMAN_Gersing_2022_activity,HXK4_HUMAN,Progen2 M,764000000.0,8.88309335857569,Human,OrganismalFitness,465,2.667452952889954,4.99,0.69810054562339,Medium,True,0.465
HXK4_HUMAN_Gersing_2023_abundance,HXK4_HUMAN,Progen2 M,764000000.0,8.88309335857569,Human,Expression,465,2.667452952889954,5.38,0.7307822756663892,Medium,True,0.307
I6TAH8_I68A0_Doud_2015,I6TAH8_I68A0,Progen2 M,764000000.0,8.88309335857569,Virus,OrganismalFitness,498,2.6972293427597176,2.15,0.33243845991560533,Medium,True,0.011
IF1_ECOLI_Kelsic_2016,IF1_ECOLI,Progen2 M,764000000.0,8.88309335857569,Prokaryote,OrganismalFitness,72,1.8573324964312685,536.24,2.72935920638567,High,True,0.458
ILF3_HUMAN_Tsuboyama_2023_2L33,ILF3_HUMAN,Progen2 M,764000000.0,8.88309335857569,Human,Stability,71,1.8512583487190752,309.51,2.490674685261338,High,True,0.233
ISDH_STAAW_Tsuboyama_2023_2LHR,ISDH_STAAW,Progen2 M,764000000.0,8.88309335857569,Prokaryote,Stability,55,1.7403626894942439,713.67,2.8534974410356244,High,True,0.335
KCNE1_HUMAN_Muhammad_2023_expression,KCNE1_HUMAN,Progen2 M,764000000.0,8.88309335857569,Human,Expression,129,2.110589710299249,1.74,0.24054924828259971,Medium,True,0.111
KCNE1_HUMAN_Muhammad_2023_function,KCNE1_HUMAN,Progen2 M,764000000.0,8.88309335857569,Human,Activity,129,2.110589710299249,1.74,0.24054924828259971,Medium,True,0.614
KCNH2_HUMAN_Kozek_2020,KCNH2_HUMAN,Progen2 M,764000000.0,8.88309335857569,Human,Activity,1159,3.064083435963596,6.29,0.798650645445269,Medium,True,0.491
KCNJ2_MOUSE_Coyote-Maestas_2022_function,KCNJ2_MOUSE,Progen2 M,764000000.0,8.88309335857569,Eukaryote,Activity,428,2.6314437690131722,5.28,0.7226339225338123,Medium,True,0.335
KCNJ2_MOUSE_Coyote-Maestas_2022_surface,KCNJ2_MOUSE,Progen2 M,764000000.0,8.88309335857569,Eukaryote,Expression,428,2.6314437690131722,5.28,0.7226339225338123,Medium,True,0.265
KKA2_KLEPN_Melnikov_2014,KKA2_KLEPN,Progen2 M,764000000.0,8.88309335857569,Prokaryote,OrganismalFitness,264,2.4216039268698313,298.65,2.475162519083091,High,True,0.578
LGK_LIPST_Klesmith_2015,LGK_LIPST,Progen2 M,764000000.0,8.88309335857569,Eukaryote,Activity,439,2.6424645202421213,18.83,1.2748503200166648,Medium,True,0.492
LYAM1_HUMAN_Elazar_2016,LYAM1_HUMAN,Progen2 M,764000000.0,8.88309335857569,Human,Expression,372,2.5705429398818973,1.09,0.037426497940623665,Medium,True,0.369
MAFG_MOUSE_Tsuboyama_2023_1K1V,MAFG_MOUSE,Progen2 M,764000000.0,8.88309335857569,Eukaryote,Stability,41,1.6127838567197355,3.89,0.5899496013257077,Medium,True,0.515
MBD11_ARATH_Tsuboyama_2023_6ACV,MBD11_ARATH,Progen2 M,764000000.0,8.88309335857569,Eukaryote,Stability,66,1.8195439355418688,24.91,1.3963737275365065,Medium,True,0.561
MET_HUMAN_Estevam_2023,MET_HUMAN,Progen2 M,764000000.0,8.88309335857569,Human,Activity,287,2.4578818967339924,17.78,1.249931756634195,Medium,True,0.519
MK01_HUMAN_Brenan_2016,MK01_HUMAN,Progen2 M,764000000.0,8.88309335857569,Human,OrganismalFitness,360,2.5563025007672873,25.98,1.4146391467370092,Medium,True,0.089
MLAC_ECOLI_MacRae_2023,MLAC_ECOLI,Progen2 M,764000000.0,8.88309335857569,Prokaryote,OrganismalFitness,211,2.3242824552976926,37.67,1.5759956202032677,Medium,True,0.383
MSH2_HUMAN_Jia_2020,MSH2_HUMAN,Progen2 M,764000000.0,8.88309335857569,Human,OrganismalFitness,934,2.9703468762300935,11.71,1.0685568950723632,Medium,True,0.317
MTH3_HAEAE_RockahShmuel_2015,MTH3_HAEAE,Progen2 M,764000000.0,8.88309335857569,Prokaryote,OrganismalFitness,330,2.5185139398778875,82.51,1.9165065871151556,Medium,True,0.663
MTHR_HUMAN_Weile_2021,MTHR_HUMAN,Progen2 M,764000000.0,8.88309335857569,Human,OrganismalFitness,656,2.8169038393756605,0.99,-0.004364805402450088,Low,True,0.239
MYO3_YEAST_Tsuboyama_2023_2BTT,MYO3_YEAST,Progen2 M,764000000.0,8.88309335857569,Eukaryote,Stability,61,1.7853298350107671,208.4,2.3188977146274867,High,True,0.287
NCAP_I34A1_Doud_2015,NCAP_I34A1,Progen2 M,764000000.0,8.88309335857569,Virus,OrganismalFitness,498,2.6972293427597176,2.15,0.33243845991560533,Medium,True,0.042
NKX31_HUMAN_Tsuboyama_2023_2L9R,NKX31_HUMAN,Progen2 M,764000000.0,8.88309335857569,Human,Stability,61,1.7853298350107671,147.96,2.1701443226433565,High,True,0.579
NPC1_HUMAN_Erwood_2022_HEK293T,NPC1_HUMAN,Progen2 M,764000000.0,8.88309335857569,Human,Activity,1278,3.1065308538223815,0.67,-0.17392519729917355,Low,True,0.491
NPC1_HUMAN_Erwood_2022_RPE1,NPC1_HUMAN,Progen2 M,764000000.0,8.88309335857569,Human,Activity,1278,3.1065308538223815,0.67,-0.17392519729917355,Low,True,0.468
NRAM_I33A0_Jiang_2016,NRAM_I33A0,Progen2 M,764000000.0,8.88309335857569,Virus,OrganismalFitness,453,2.656098202012832,15.93,1.2022157758011316,Medium,True,0.53
NUD15_HUMAN_Suiter_2020,NUD15_HUMAN,Progen2 M,764000000.0,8.88309335857569,Human,Expression,164,2.214843848047698,281.51,2.4494938267812603,High,True,0.579
NUSA_ECOLI_Tsuboyama_2023_1WCL,NUSA_ECOLI,Progen2 M,764000000.0,8.88309335857569,Prokaryote,Stability,69,1.8388490907372552,598.86,2.777325305972129,High,True,0.497
NUSG_MYCTU_Tsuboyama_2023_2MI6,NUSG_MYCTU,Progen2 M,764000000.0,8.88309335857569,Prokaryote,Stability,55,1.7403626894942439,320.33,2.5055976137320095,High,True,0.385
OBSCN_HUMAN_Tsuboyama_2023_1V1C,OBSCN_HUMAN,Progen2 M,764000000.0,8.88309335857569,Human,Stability,65,1.8129133566428555,378.54,2.578111777789627,High,True,0.667
ODP2_GEOSE_Tsuboyama_2023_1W4G,ODP2_GEOSE,Progen2 M,764000000.0,8.88309335857569,Prokaryote,Stability,44,1.6434526764861874,397.86,2.5997302782956524,High,True,0.195
OPSD_HUMAN_Wan_2019,OPSD_HUMAN,Progen2 M,764000000.0,8.88309335857569,Human,Expression,348,2.5415792439465807,107.19,2.0301542709221025,High,True,0.594
OTC_HUMAN_Lo_2023,OTC_HUMAN,Progen2 M,764000000.0,8.88309335857569,Human,Activity,354,2.5490032620257876,53.97,1.7321524180652137,Medium,True,0.555
OTU7A_HUMAN_Tsuboyama_2023_2L2D,OTU7A_HUMAN,Progen2 M,764000000.0,8.88309335857569,Human,Stability,42,1.6232492903979006,12395.25,4.0932552904846835,High,True,0.26
OXDA_RHOTO_Vanella_2023_activity,OXDA_RHOTO,Progen2 M,764000000.0,8.88309335857569,Eukaryote,Activity,364,2.561101383649056,271.28,2.43341777677003,High,True,0.343
OXDA_RHOTO_Vanella_2023_expression,OXDA_RHOTO,Progen2 M,764000000.0,8.88309335857569,Eukaryote,Expression,364,2.561101383649056,271.28,2.43341777677003,High,True,0.264
P53_HUMAN_Giacomelli_2018_Null_Etoposide,P53_HUMAN,Progen2 M,764000000.0,8.88309335857569,Human,OrganismalFitness,393,2.5943925503754266,0.39,-0.4089353929735008,Low,True,0.472
P53_HUMAN_Giacomelli_2018_Null_Nutlin,P53_HUMAN,Progen2 M,764000000.0,8.88309335857569,Human,OrganismalFitness,393,2.5943925503754266,0.39,-0.4089353929735008,Low,True,0.487
P53_HUMAN_Giacomelli_2018_WT_Nutlin,P53_HUMAN,Progen2 M,764000000.0,8.88309335857569,Human,OrganismalFitness,393,2.5943925503754266,0.39,-0.4089353929735008,Low,True,0.535
P53_HUMAN_Kotler_2018,P53_HUMAN,Progen2 M,764000000.0,8.88309335857569,Human,OrganismalFitness,393,2.5943925503754266,0.37,-0.431798275933005,Low,True,0.48
P84126_THETH_Chan_2017,P84126_THETH,Progen2 M,764000000.0,8.88309335857569,Prokaryote,OrganismalFitness,254,2.404833716619938,41.7,1.6201360549737576,Medium,True,0.584
PA_I34A1_Wu_2015,PA_I34A1,Progen2 M,764000000.0,8.88309335857569,Virus,OrganismalFitness,716,2.8549130223078554,1.75,0.24303804868629444,Medium,True,0.408
PABP_YEAST_Melamed_2013,PABP_YEAST,Progen2 M,764000000.0,8.88309335857569,Eukaryote,OrganismalFitness,577,2.7611758131557314,1.42,0.15228834438305647,Medium,True,0.698
PAI1_HUMAN_Huttinger_2021,PAI1_HUMAN,Progen2 M,764000000.0,8.88309335857569,Human,Activity,402,2.60422605308447,30.34,1.4820155764507117,Medium,True,0.395
PHOT_CHLRE_Chen_2023,PHOT_CHLRE,Progen2 M,764000000.0,8.88309335857569,Eukaryote,Activity,118,2.0718820073061255,5215.65,3.717308440053486,High,True,0.616
PIN1_HUMAN_Tsuboyama_2023_1I6C,PIN1_HUMAN,Progen2 M,764000000.0,8.88309335857569,Human,Stability,39,1.591064607026499,287.66,2.458879476116883,High,True,0.672
PITX2_HUMAN_Tsuboyama_2023_2L7M,PITX2_HUMAN,Progen2 M,764000000.0,8.88309335857569,Human,Stability,52,1.7160033436347992,191.76,2.2827580210255976,High,True,0.493
PKN1_HUMAN_Tsuboyama_2023_1URF,PKN1_HUMAN,Progen2 M,764000000.0,8.88309335857569,Human,Stability,71,1.8512583487190752,772.42,2.8878535102875573,High,True,0.291
POLG_CXB3N_Mattenberger_2021,POLG_CXB3N,Progen2 M,764000000.0,8.88309335857569,Virus,OrganismalFitness,2185,3.3394514413064407,1.79,0.2528530309798932,Medium,True,0.388
POLG_DEN26_Suphatrakul_2023,POLG_DEN26,Progen2 M,764000000.0,8.88309335857569,Virus,OrganismalFitness,900,2.9542425094393248,0.55,-0.2596373105057561,Low,True,0.501
POLG_HCVJF_Qi_2014,POLG_HCVJF,Progen2 M,764000000.0,8.88309335857569,Virus,OrganismalFitness,3033,3.4818724103106633,41.97,1.62293896921149,Medium,True,0.475
POLG_PESV_Tsuboyama_2023_2MXD,POLG_PESV,Progen2 M,764000000.0,8.88309335857569,Virus,Stability,53,1.724275869600789,262.74,2.419526195575769,High,True,-0.059
PPARG_HUMAN_Majithia_2016,PPARG_HUMAN,Progen2 M,764000000.0,8.88309335857569,Human,Activity,505,2.7032913781186614,6.24,0.795184589682424,Medium,True,0.722
PPM1D_HUMAN_Miller_2022,PPM1D_HUMAN,Progen2 M,764000000.0,8.88309335857569,Human,OrganismalFitness,605,2.781755374652469,0.56,-0.25181197299379954,Low,True,0.577
PR40A_HUMAN_Tsuboyama_2023_1UZC,PR40A_HUMAN,Progen2 M,764000000.0,8.88309335857569,Human,Stability,63,1.7993405494535817,56.72,1.7537362221750101,Medium,True,0.716
PRKN_HUMAN_Clausen_2023,PRKN_HUMAN,Progen2 M,764000000.0,8.88309335857569,Human,Expression,465,2.667452952889954,0.37,-0.431798275933005,Low,True,0.632
PSAE_PICP2_Tsuboyama_2023_1PSE,PSAE_PICP2,Progen2 M,764000000.0,8.88309335857569,Prokaryote,Stability,68,1.8325089127062364,1.85,0.26717172840301384,Medium,True,0.492
PTEN_HUMAN_Matreyek_2021,PTEN_HUMAN,Progen2 M,764000000.0,8.88309335857569,Human,Expression,403,2.6053050461411096,3.72,0.5705429398818975,Medium,True,0.338
PTEN_HUMAN_Mighell_2018,PTEN_HUMAN,Progen2 M,764000000.0,8.88309335857569,Human,Activity,403,2.6053050461411096,3.72,0.5705429398818975,Medium,True,0.291
Q2N0S5_9HIV1_Haddox_2018,Q2N0S5_9HIV1,Progen2 M,764000000.0,8.88309335857569,Virus,OrganismalFitness,860,2.934498451243568,42.86,1.6320521667058099,Medium,True,0.401
Q53Z42_HUMAN_McShan_2019_binding-TAPBPR,Q53Z42_HUMAN,Progen2 M,764000000.0,8.88309335857569,Human,Binding,365,2.5622928644564746,13.24,1.1218879851036812,Medium,True,0.297
Q53Z42_HUMAN_McShan_2019_expression,Q53Z42_HUMAN,Progen2 M,764000000.0,8.88309335857569,Human,Expression,365,2.5622928644564746,13.24,1.1218879851036812,Medium,True,0.514
Q59976_STRSQ_Romero_2015,Q59976_STRSQ,Progen2 M,764000000.0,8.88309335857569,Prokaryote,Activity,501,2.699837725867246,27.97,1.4466924663715273,Medium,True,0.662
Q6WV12_9MAXI_Somermeyer_2022,Q6WV12_9MAXI,Progen2 M,764000000.0,8.88309335857569,Eukaryote,Activity,222,2.346352974450639,0.44,-0.3565473235138126,Low,True,-0.002
Q837P4_ENTFA_Meier_2023,Q837P4_ENTFA,Progen2 M,764000000.0,8.88309335857569,Prokaryote,Activity,589,2.7701152947871015,90.8,1.958085848521085,Medium,True,0.535
Q837P5_ENTFA_Meier_2023,Q837P5_ENTFA,Progen2 M,764000000.0,8.88309335857569,Prokaryote,Activity,571,2.756636108245848,95.02,1.9778150260831866,Medium,True,0.408
Q8WTC7_9CNID_Somermeyer_2022,Q8WTC7_9CNID,Progen2 M,764000000.0,8.88309335857569,Eukaryote,Activity,238,2.376576957056512,0.51,-0.2924298239020636,Low,True,-0.001
R1AB_SARS2_Flynn_2022,R1AB_SARS2,Progen2 M,764000000.0,8.88309335857569,Virus,OrganismalFitness,306,2.48572142648158,1.14,0.05690485133647256,Medium,True,0.236
RAD_ANTMA_Tsuboyama_2023_2CJJ,RAD_ANTMA,Progen2 M,764000000.0,8.88309335857569,Eukaryote,Stability,54,1.7323937598229686,777.81,2.8908735224022113,High,True,0.419
RAF1_HUMAN_Zinkus-Boltz_2019,RAF1_HUMAN,Progen2 M,764000000.0,8.88309335857569,Human,OrganismalFitness,648,2.8115750058705933,0.59,-0.22914798835785583,Low,True,0.395
RASH_HUMAN_Bandaru_2017,RASH_HUMAN,Progen2 M,764000000.0,8.88309335857569,Human,Activity,189,2.2764618041732443,125.77,2.0995770609167086,High,True,0.403
RASK_HUMAN_Weng_2022_abundance,RASK_HUMAN,Progen2 M,764000000.0,8.88309335857569,Human,Expression,188,2.27415784926368,146.37,2.1654520728319286,High,True,0.347
RASK_HUMAN_Weng_2022_binding-DARPin_K55,RASK_HUMAN,Progen2 M,764000000.0,8.88309335857569,Human,Binding,188,2.27415784926368,146.37,2.1654520728319286,High,True,0.534
RBP1_HUMAN_Tsuboyama_2023_2KWH,RBP1_HUMAN,Progen2 M,764000000.0,8.88309335857569,Human,Stability,52,1.7160033436347992,976.49,2.9896678001409684,High,True,0.078
RCD1_ARATH_Tsuboyama_2023_5OAO,RCD1_ARATH,Progen2 M,764000000.0,8.88309335857569,Eukaryote,Stability,57,1.7558748556724915,28.23,1.4507108781469193,Medium,True,0.481
RCRO_LAMBD_Tsuboyama_2023_1ORC,RCRO_LAMBD,Progen2 M,764000000.0,8.88309335857569,Virus,Stability,63,1.7993405494535817,803.73,2.905110179092208,High,True,0.132
RD23A_HUMAN_Tsuboyama_2023_1IFY,RD23A_HUMAN,Progen2 M,764000000.0,8.88309335857569,Human,Stability,44,1.6434526764861874,182.36,2.260929583529925,High,True,0.513
RDRP_I33A0_Li_2023,RDRP_I33A0,Progen2 M,764000000.0,8.88309335857569,Virus,OrganismalFitness,757,2.8790958795000727,1.52,0.18184358794477254,Medium,True,0.358
REV_HV1H2_Fernandes_2016,REV_HV1H2,Progen2 M,764000000.0,8.88309335857569,Virus,OrganismalFitness,116,2.0644579892269186,104.82,2.0204441553665746,High,True,0.294
RFAH_ECOLI_Tsuboyama_2023_2LCL,RFAH_ECOLI,Progen2 M,764000000.0,8.88309335857569,Prokaryote,Stability,55,1.7403626894942439,258.65,2.412712482745101,High,True,0.13
RL20_AQUAE_Tsuboyama_2023_1GYZ,RL20_AQUAE,Progen2 M,764000000.0,8.88309335857569,Prokaryote,Stability,59,1.7708520116421442,1816.95,3.2593429762772845,High,True,0.481
RL40A_YEAST_Mavor_2016,RL40A_YEAST,Progen2 M,764000000.0,8.88309335857569,Eukaryote,OrganismalFitness,128,2.1072099696478683,30.52,1.4845845292828428,Medium,True,0.433
RL40A_YEAST_Roscoe_2013,RL40A_YEAST,Progen2 M,764000000.0,8.88309335857569,Eukaryote,OrganismalFitness,128,2.1072099696478683,30.52,1.4845845292828428,Medium,True,0.49
RL40A_YEAST_Roscoe_2014,RL40A_YEAST,Progen2 M,764000000.0,8.88309335857569,Eukaryote,Activity,128,2.1072099696478683,30.52,1.4845845292828428,Medium,True,0.38
RNC_ECOLI_Weeks_2023,RNC_ECOLI,Progen2 M,764000000.0,8.88309335857569,Prokaryote,Activity,226,2.3541084391474008,70.7,1.8494194137968993,Medium,True,0.584
RPC1_BP434_Tsuboyama_2023_1R69,RPC1_BP434,Progen2 M,764000000.0,8.88309335857569,Virus,Stability,61,1.7853298350107671,9091.45,3.958633154594723,High,True,0.731
RPC1_LAMBD_Li_2019_high-expression,RPC1_LAMBD,Progen2 M,764000000.0,8.88309335857569,Virus,Activity,237,2.374748346010104,121.45,2.0843975191411492,High,True,0.349
RPC1_LAMBD_Li_2019_low-expression,RPC1_LAMBD,Progen2 M,764000000.0,8.88309335857569,Virus,Activity,237,2.374748346010104,121.45,2.0843975191411492,High,True,0.366
RS15_GEOSE_Tsuboyama_2023_1A32,RS15_GEOSE,Progen2 M,764000000.0,8.88309335857569,Prokaryote,Stability,63,1.7993405494535817,68.91,1.8382822499146885,Medium,True,0.34
S22A1_HUMAN_Yee_2023_abundance,S22A1_HUMAN,Progen2 M,764000000.0,8.88309335857569,Human,Expression,553,2.7427251313046983,62.71,1.7973368007753499,Medium,True,0.611
S22A1_HUMAN_Yee_2023_activity,S22A1_HUMAN,Progen2 M,764000000.0,8.88309335857569,Human,Activity,553,2.7427251313046983,62.71,1.7973368007753499,Medium,True,0.584
SAV1_MOUSE_Tsuboyama_2023_2YSB,SAV1_MOUSE,Progen2 M,764000000.0,8.88309335857569,Eukaryote,Stability,43,1.6334684555795864,105.1,2.021602716028242,High,True,0.519
SBI_STAAM_Tsuboyama_2023_2JVG,SBI_STAAM,Progen2 M,764000000.0,8.88309335857569,Prokaryote,Stability,56,1.7481880270062005,27.03,1.4318460456987254,Medium,True,0.228
SC6A4_HUMAN_Young_2021,SC6A4_HUMAN,Progen2 M,764000000.0,8.88309335857569,Human,Activity,630,2.7993405494535817,8.81,0.9449759084120479,Medium,True,0.52
SCIN_STAAR_Tsuboyama_2023_2QFF,SCIN_STAAR,Progen2 M,764000000.0,8.88309335857569,Prokaryote,Stability,70,1.845098040014257,163.66,2.213942546840078,High,True,0.194
SCN5A_HUMAN_Glazer_2019,SCN5A_HUMAN,Progen2 M,764000000.0,8.88309335857569,Human,OrganismalFitness,2016,3.3044905277734875,26.58,1.4245549766067132,Medium,True,0.106
SDA_BACSU_Tsuboyama_2023_1PV0,SDA_BACSU,Progen2 M,764000000.0,8.88309335857569,Prokaryote,Stability,44,1.6434526764861874,20.05,1.3021143769562011,Medium,True,0.123
SERC_HUMAN_Xie_2023,SERC_HUMAN,Progen2 M,764000000.0,8.88309335857569,Human,OrganismalFitness,370,2.568201724066995,117.4,2.0696680969115957,High,True,0.53
SHOC2_HUMAN_Kwon_2022,SHOC2_HUMAN,Progen2 M,764000000.0,8.88309335857569,Human,OrganismalFitness,582,2.7649229846498886,15.55,1.1917303933628562,Medium,True,0.394
SOX30_HUMAN_Tsuboyama_2023_7JJK,SOX30_HUMAN,Progen2 M,764000000.0,8.88309335857569,Human,Stability,57,1.7558748556724915,262.24,2.418698936226424,High,True,0.247
SPA_STAAU_Tsuboyama_2023_1LP1,SPA_STAAU,Progen2 M,764000000.0,8.88309335857569,Prokaryote,Stability,55,1.7403626894942439,37.48,1.5737995822157407,Medium,True,-0.041
SPG1_STRSG_Olson_2014,SPG1_STRSG,Progen2 M,764000000.0,8.88309335857569,Prokaryote,Binding,448,2.651278013998144,0.0,-2.0,Low,True,0.222
SPG1_STRSG_Wu_2016,SPG1_STRSG,Progen2 M,764000000.0,8.88309335857569,Prokaryote,Binding,448,2.651278013998144,1.34,0.12710479836480765,Medium,True,0.016
SPG2_STRSG_Tsuboyama_2023_5UBS,SPG2_STRSG,Progen2 M,764000000.0,8.88309335857569,Prokaryote,Stability,56,1.7481880270062005,56.55,1.7524326092614742,Medium,True,0.465
SPIKE_SARS2_Starr_2020_binding,SPIKE_SARS2,Progen2 M,764000000.0,8.88309335857569,Virus,Binding,1273,3.1048284036536553,1.06,0.02530586526477026,Medium,True,0.347
SPIKE_SARS2_Starr_2020_expression,SPIKE_SARS2,Progen2 M,764000000.0,8.88309335857569,Virus,Expression,1273,3.1048284036536553,1.06,0.02530586526477026,Medium,True,0.367
SPTN1_CHICK_Tsuboyama_2023_1TUD,SPTN1_CHICK,Progen2 M,764000000.0,8.88309335857569,Eukaryote,Stability,60,1.7781512503836436,285.61,2.455773409227347,High,True,0.613
SQSTM_MOUSE_Tsuboyama_2023_2RRU,SQSTM_MOUSE,Progen2 M,764000000.0,8.88309335857569,Eukaryote,Stability,40,1.6020599913279623,84.27,1.9256729939212405,Medium,True,0.544
SR43C_ARATH_Tsuboyama_2023_2N88,SR43C_ARATH,Progen2 M,764000000.0,8.88309335857569,Eukaryote,Stability,48,1.6812412373755872,253.55,2.404063614883892,High,True,0.575
SRBS1_HUMAN_Tsuboyama_2023_2O2W,SRBS1_HUMAN,Progen2 M,764000000.0,8.88309335857569,Human,Stability,67,1.8260748027008264,363.68,2.5607194183808955,High,True,0.637
SRC_HUMAN_Ahler_2019,SRC_HUMAN,Progen2 M,764000000.0,8.88309335857569,Human,Activity,536,2.72916478969277,2.75,0.43933269383026263,Medium,True,0.46
SRC_HUMAN_Chakraborty_2023_binding-DAS_25uM,SRC_HUMAN,Progen2 M,764000000.0,8.88309335857569,Human,Activity,536,2.72916478969277,3.38,0.5289167002776547,Medium,True,0.395
SRC_HUMAN_Nguyen_2022,SRC_HUMAN,Progen2 M,764000000.0,8.88309335857569,Human,OrganismalFitness,536,2.72916478969277,3.38,0.5289167002776547,Medium,True,0.397
SUMO1_HUMAN_Weile_2017,SUMO1_HUMAN,Progen2 M,764000000.0,8.88309335857569,Human,OrganismalFitness,101,2.0043213737826426,140.9,2.1489109931093564,High,True,0.386
SYUA_HUMAN_Newberry_2020,SYUA_HUMAN,Progen2 M,764000000.0,8.88309335857569,Human,OrganismalFitness,140,2.146128035678238,47.17,1.673665876245702,Medium,True,0.151
TADBP_HUMAN_Bolognesi_2019,TADBP_HUMAN,Progen2 M,764000000.0,8.88309335857569,Human,OrganismalFitness,414,2.617000341120899,0.33,-0.4814860601221125,Low,True,0.082
TAT_HV1BR_Fernandes_2016,TAT_HV1BR,Progen2 M,764000000.0,8.88309335857569,Virus,OrganismalFitness,86,1.9344984512435677,115.56,2.062807533172159,High,True,0.269
TCRG1_MOUSE_Tsuboyama_2023_1E0L,TCRG1_MOUSE,Progen2 M,764000000.0,8.88309335857569,Eukaryote,Stability,37,1.568201724066995,79.56,1.9006947744523979,Medium,True,0.613
THO1_YEAST_Tsuboyama_2023_2WQG,THO1_YEAST,Progen2 M,764000000.0,8.88309335857569,Eukaryote,Stability,41,1.6127838567197355,206.87,2.3156975144495764,High,True,0.383
TNKS2_HUMAN_Tsuboyama_2023_5JRT,TNKS2_HUMAN,Progen2 M,764000000.0,8.88309335857569,Human,Stability,59,1.7708520116421442,195.89,2.2920122662363456,High,True,0.455
TPK1_HUMAN_Weile_2017,TPK1_HUMAN,Progen2 M,764000000.0,8.88309335857569,Human,OrganismalFitness,243,2.385606273598312,29.93,1.4761067168401913,Medium,True,0.267
TPMT_HUMAN_Matreyek_2018,TPMT_HUMAN,Progen2 M,764000000.0,8.88309335857569,Human,Expression,245,2.3891660843645326,26.71,1.426673888021373,Medium,True,0.506
TPOR_HUMAN_Bridgford_2020,TPOR_HUMAN,Progen2 M,764000000.0,8.88309335857569,Human,OrganismalFitness,635,2.8027737252919755,0.19,-0.721246399047171,Low,True,0.2
TRPC_SACS2_Chan_2017,TRPC_SACS2,Progen2 M,764000000.0,8.88309335857569,Prokaryote,OrganismalFitness,248,2.3944516808262164,41.98,1.6230424342463816,Medium,True,0.499
TRPC_THEMA_Chan_2017,TRPC_THEMA,Progen2 M,764000000.0,8.88309335857569,Prokaryote,OrganismalFitness,252,2.401400540781544,41.51,1.6181527333785195,Medium,True,0.421
UBC9_HUMAN_Weile_2017,UBC9_HUMAN,Progen2 M,764000000.0,8.88309335857569,Human,OrganismalFitness,159,2.2013971243204513,55.33,1.7429606702141525,Medium,True,0.479
UBE4B_HUMAN_Tsuboyama_2023_3L1X,UBE4B_HUMAN,Progen2 M,764000000.0,8.88309335857569,Human,Stability,69,1.8388490907372552,506.27,2.704382193196689,High,True,0.374
UBE4B_MOUSE_Starita_2013,UBE4B_MOUSE,Progen2 M,764000000.0,8.88309335857569,Eukaryote,Activity,1173,3.0692980121155293,0.64,-0.1938200260161128,Low,True,0.376
UBR5_HUMAN_Tsuboyama_2023_1I2T,UBR5_HUMAN,Progen2 M,764000000.0,8.88309335857569,Human,Stability,58,1.7634279935629373,17.55,1.2442771208018428,Medium,True,0.462
VG08_BPP22_Tsuboyama_2023_2GP8,VG08_BPP22,Progen2 M,764000000.0,8.88309335857569,Virus,Stability,40,1.6020599913279623,1177.87,3.0710973605715015,High,True,0.425
VILI_CHICK_Tsuboyama_2023_1YU5,VILI_CHICK,Progen2 M,764000000.0,8.88309335857569,Eukaryote,Stability,65,1.8129133566428555,761.62,2.8817383400187397,High,True,0.575
VKOR1_HUMAN_Chiasson_2020_abundance,VKOR1_HUMAN,Progen2 M,764000000.0,8.88309335857569,Human,Expression,163,2.2121876044039577,29.05,1.4631461367263496,Medium,True,0.471
VKOR1_HUMAN_Chiasson_2020_activity,VKOR1_HUMAN,Progen2 M,764000000.0,8.88309335857569,Human,Activity,163,2.2121876044039577,29.05,1.4631461367263496,Medium,True,0.384
VRPI_BPT7_Tsuboyama_2023_2WNM,VRPI_BPT7,Progen2 M,764000000.0,8.88309335857569,Virus,Stability,56,1.7481880270062005,81.19,1.9095025414054154,Medium,True,0.202
YAIA_ECOLI_Tsuboyama_2023_2KVT,YAIA_ECOLI,Progen2 M,764000000.0,8.88309335857569,Prokaryote,Stability,52,1.7160033436347992,16.25,1.2108533653148932,Medium,True,-0.166
YAP1_HUMAN_Araya_2012,YAP1_HUMAN,Progen2 M,764000000.0,8.88309335857569,Human,Binding,504,2.7024305364455254,0.26,-0.585026652029182,Low,True,0.226
YNZC_BACSU_Tsuboyama_2023_2JVD,YNZC_BACSU,Progen2 M,764000000.0,8.88309335857569,Prokaryote,Stability,39,1.591064607026499,40.99,1.6126779183165019,Medium,True,0.611
A0A140D2T1_ZIKV_Sourisseau_2019,A0A140D2T1_ZIKV,Progen2 L,2700000000.0,9.431363764158988,Virus,OrganismalFitness,3423,3.534406899137877,1.63,0.21218760440395779,Medium,True,0.312
A0A192B1T2_9HIV1_Haddox_2018,A0A192B1T2_9HIV1,Progen2 L,2700000000.0,9.431363764158988,Virus,OrganismalFitness,852,2.9304395947667,42.81,1.6315452278343094,Medium,True,0.49
A0A1I9GEU1_NEIME_Kennouche_2019,A0A1I9GEU1_NEIME,Progen2 L,2700000000.0,9.431363764158988,Prokaryote,Activity,161,2.2068258760318495,14.07,1.1482940974347458,Medium,True,0.089
A0A247D711_LISMN_Stadelmann_2021,A0A247D711_LISMN,Progen2 L,2700000000.0,9.431363764158988,Prokaryote,Activity,87,1.9395192526186185,0.1,-1.0,Low,True,0.037
A0A2Z5U3Z0_9INFA_Doud_2016,A0A2Z5U3Z0_9INFA,Progen2 L,2700000000.0,9.431363764158988,Virus,OrganismalFitness,565,2.7520484478194387,16.01,1.2043913319192998,Medium,True,0.494
A0A2Z5U3Z0_9INFA_Wu_2014,A0A2Z5U3Z0_9INFA,Progen2 L,2700000000.0,9.431363764158988,Virus,OrganismalFitness,565,2.7520484478194387,16.01,1.2043913319192998,Medium,True,0.447
A4_HUMAN_Seuma_2022,A4_HUMAN,Progen2 L,2700000000.0,9.431363764158988,Human,Stability,770,2.886490725172482,0.08,-1.0969100130080565,Low,True,0.313
A4D664_9INFA_Soh_2019,A4D664_9INFA,Progen2 L,2700000000.0,9.431363764158988,Virus,OrganismalFitness,759,2.88024177589548,1.7,0.2304489213782739,Medium,True,0.244
A4GRB6_PSEAI_Chen_2020,A4GRB6_PSEAI,Progen2 L,2700000000.0,9.431363764158988,Prokaryote,OrganismalFitness,266,2.424881636631067,120.61,2.081383317462285,High,True,0.638
AACC1_PSEAI_Dandage_2018,AACC1_PSEAI,Progen2 L,2700000000.0,9.431363764158988,Prokaryote,OrganismalFitness,177,2.247973266361807,985.3,2.9935684827897275,High,True,0.413
ACE2_HUMAN_Chan_2020,ACE2_HUMAN,Progen2 L,2700000000.0,9.431363764158988,Human,Binding,805,2.9057958803678687,1.97,0.2944662261615929,Medium,True,0.208
ADRB2_HUMAN_Jones_2020,ADRB2_HUMAN,Progen2 L,2700000000.0,9.431363764158988,Human,Activity,413,2.615950051656401,67.99,1.832445041174111,Medium,True,0.533
AICDA_HUMAN_Gajula_2014_3cycles,AICDA_HUMAN,Progen2 L,2700000000.0,9.431363764158988,Human,Activity,198,2.296665190261531,18.4,1.2648178230095364,Medium,True,0.413
AMFR_HUMAN_Tsuboyama_2023_4G3O,AMFR_HUMAN,Progen2 L,2700000000.0,9.431363764158988,Human,Stability,47,1.6720978579357175,26.51,1.4234097277330935,Medium,True,-0.121
AMIE_PSEAE_Wrenbeck_2017,AMIE_PSEAE,Progen2 L,2700000000.0,9.431363764158988,Prokaryote,Activity,346,2.5390760987927767,89.1,1.9498777040368747,Medium,True,0.559
ANCSZ_Hobbs_2022,ANCSZ,Progen2 L,2700000000.0,9.431363764158988,Eukaryote,Activity,627,2.7972675408307164,1.79,0.2528530309798932,Medium,True,0.469
ARGR_ECOLI_Tsuboyama_2023_1AOY,ARGR_ECOLI,Progen2 L,2700000000.0,9.431363764158988,Prokaryote,Stability,69,1.8388490907372552,54.24,1.734319680859007,Medium,True,0.461
B2L11_HUMAN_Dutta_2010_binding-Mcl-1,B2L11_HUMAN,Progen2 L,2700000000.0,9.431363764158988,Human,Binding,198,2.296665190261531,0.45,-0.3467874862246563,Low,True,0.372
BBC1_YEAST_Tsuboyama_2023_1TG0,BBC1_YEAST,Progen2 L,2700000000.0,9.431363764158988,Eukaryote,Stability,64,1.806179973983887,271.76,2.4341855338619713,High,True,0.382
BCHB_CHLTE_Tsuboyama_2023_2KRU,BCHB_CHLTE,Progen2 L,2700000000.0,9.431363764158988,Prokaryote,Stability,52,1.7160033436347992,51.95,1.7155855518931962,Medium,True,0.402
BLAT_ECOLX_Deng_2012,BLAT_ECOLX,Progen2 L,2700000000.0,9.431363764158988,Prokaryote,OrganismalFitness,286,2.456366033129043,177.98,2.2503712024344784,High,True,0.406
BLAT_ECOLX_Firnberg_2014,BLAT_ECOLX,Progen2 L,2700000000.0,9.431363764158988,Prokaryote,OrganismalFitness,286,2.456366033129043,177.98,2.2503712024344784,High,True,0.577
BLAT_ECOLX_Jacquier_2013,BLAT_ECOLX,Progen2 L,2700000000.0,9.431363764158988,Prokaryote,OrganismalFitness,286,2.456366033129043,177.98,2.2503712024344784,High,True,0.578
BLAT_ECOLX_Stiffler_2015,BLAT_ECOLX,Progen2 L,2700000000.0,9.431363764158988,Prokaryote,OrganismalFitness,286,2.456366033129043,177.98,2.2503712024344784,High,True,0.577
BRCA1_HUMAN_Findlay_2018,BRCA1_HUMAN,Progen2 L,2700000000.0,9.431363764158988,Human,OrganismalFitness,1863,3.2702128548962426,0.05,-1.3010299956639813,Low,True,0.442
BRCA2_HUMAN_Erwood_2022_HEK293T,BRCA2_HUMAN,Progen2 L,2700000000.0,9.431363764158988,Human,OrganismalFitness,3418,3.533772058384718,0.02,-1.6989700043360187,Low,True,0.499
C6KNH7_9INFA_Lee_2018,C6KNH7_9INFA,Progen2 L,2700000000.0,9.431363764158988,Virus,OrganismalFitness,566,2.7528164311882715,16.0,1.2041199826559248,Medium,True,0.465
CALM1_HUMAN_Weile_2017,CALM1_HUMAN,Progen2 L,2700000000.0,9.431363764158988,Human,OrganismalFitness,149,2.173186268412274,190.77,2.280510079703276,High,True,0.3
CAPSD_AAV2S_Sinai_2021,CAPSD_AAV2S,Progen2 L,2700000000.0,9.431363764158988,Virus,OrganismalFitness,735,2.8662873390841948,0.26,-0.585026652029182,Low,True,0.204
CAR11_HUMAN_Meitlis_2020_gof,CAR11_HUMAN,Progen2 L,2700000000.0,9.431363764158988,Human,OrganismalFitness,1154,3.0622058088197126,0.04,-1.3979400086720375,Low,True,0.226
CAR11_HUMAN_Meitlis_2020_lof,CAR11_HUMAN,Progen2 L,2700000000.0,9.431363764158988,Human,OrganismalFitness,1154,3.0622058088197126,0.04,-1.3979400086720375,Low,True,0.358
CAS9_STRP1_Spencer_2017_positive,CAS9_STRP1,Progen2 L,2700000000.0,9.431363764158988,Prokaryote,Activity,1368,3.1360860973840974,1.14,0.05690485133647256,Medium,True,0.179
CASP3_HUMAN_Roychowdhury_2020,CASP3_HUMAN,Progen2 L,2700000000.0,9.431363764158988,Human,Activity,258,2.41161970596323,111.55,2.0474695746198566,High,True,0.526
CASP7_HUMAN_Roychowdhury_2020,CASP7_HUMAN,Progen2 L,2700000000.0,9.431363764158988,Human,Activity,281,2.44870631990508,80.66,1.9066582176715998,Medium,True,0.563
CATR_CHLRE_Tsuboyama_2023_2AMI,CATR_CHLRE,Progen2 L,2700000000.0,9.431363764158988,Eukaryote,Stability,72,1.8573324964312685,1107.51,3.044347656272274,High,True,0.561
CBPA2_HUMAN_Tsuboyama_2023_1O6X,CBPA2_HUMAN,Progen2 L,2700000000.0,9.431363764158988,Human,Stability,72,1.8573324964312685,43.64,1.6398847419163043,Medium,True,0.674
CBS_HUMAN_Sun_2020,CBS_HUMAN,Progen2 L,2700000000.0,9.431363764158988,Human,OrganismalFitness,551,2.741151598851785,3.5,0.5440680443502757,Medium,True,0.273
CBX4_HUMAN_Tsuboyama_2023_2K28,CBX4_HUMAN,Progen2 L,2700000000.0,9.431363764158988,Human,Stability,50,1.6989700043360187,269.65,2.430800424624181,High,True,0.531
CCDB_ECOLI_Adkar_2012,CCDB_ECOLI,Progen2 L,2700000000.0,9.431363764158988,Prokaryote,Activity,101,2.0043213737826426,168.82,2.227423895933663,High,True,0.034
CCDB_ECOLI_Tripathi_2016,CCDB_ECOLI,Progen2 L,2700000000.0,9.431363764158988,Prokaryote,OrganismalFitness,101,2.0043213737826426,168.82,2.227423895933663,High,True,0.074
CCR5_HUMAN_Gill_2023,CCR5_HUMAN,Progen2 L,2700000000.0,9.431363764158988,Human,Binding,352,2.546542663478131,182.74,2.261833620575751,High,True,0.36
CD19_HUMAN_Klesmith_2019_FMC_singles,CD19_HUMAN,Progen2 L,2700000000.0,9.431363764158988,Human,Binding,556,2.7450747915820575,0.5,-0.3010299956639812,Low,True,0.093
CP2C9_HUMAN_Amorosi_2021_abundance,CP2C9_HUMAN,Progen2 L,2700000000.0,9.431363764158988,Human,Expression,490,2.690196080028514,165.48,2.2187455122234745,High,True,0.572
CP2C9_HUMAN_Amorosi_2021_activity,CP2C9_HUMAN,Progen2 L,2700000000.0,9.431363764158988,Human,Binding,490,2.690196080028514,165.48,2.2187455122234745,High,True,0.592
CSN4_MOUSE_Tsuboyama_2023_1UFM,CSN4_MOUSE,Progen2 L,2700000000.0,9.431363764158988,Eukaryote,Stability,72,1.8573324964312685,48.23,1.6833172619218826,Medium,True,0.504
CUE1_YEAST_Tsuboyama_2023_2MYX,CUE1_YEAST,Progen2 L,2700000000.0,9.431363764158988,Eukaryote,Stability,52,1.7160033436347992,7.64,0.8830933585756899,Medium,True,0.248
D7PM05_CLYGR_Somermeyer_2022,D7PM05_CLYGR,Progen2 L,2700000000.0,9.431363764158988,Eukaryote,Activity,235,2.3710678622717363,0.6,-0.2218487496163564,Low,True,0.194
DLG4_HUMAN_Faure_2021,DLG4_HUMAN,Progen2 L,2700000000.0,9.431363764158988,Human,OrganismalFitness,724,2.859738566197147,0.46,-0.3372421683184259,Low,True,0.562
DLG4_RAT_McLaughlin_2012,DLG4_RAT,Progen2 L,2700000000.0,9.431363764158988,Eukaryote,Binding,724,2.859738566197147,0.36,-0.44369749923271273,Low,True,0.367
DN7A_SACS2_Tsuboyama_2023_1JIC,DN7A_SACS2,Progen2 L,2700000000.0,9.431363764158988,Prokaryote,Stability,55,1.7403626894942439,24.82,1.394801777162711,Medium,True,0.071
DNJA1_HUMAN_Tsuboyama_2023_2LO1,DNJA1_HUMAN,Progen2 L,2700000000.0,9.431363764158988,Human,Stability,65,1.8129133566428555,547.68,2.7385268817938018,High,True,0.721
DOCK1_MOUSE_Tsuboyama_2023_2M0Y,DOCK1_MOUSE,Progen2 L,2700000000.0,9.431363764158988,Eukaryote,Stability,66,1.8195439355418688,368.28,2.5661781344794474,High,True,0.348
DYR_ECOLI_Nguyen_2023,DYR_ECOLI,Progen2 L,2700000000.0,9.431363764158988,Prokaryote,OrganismalFitness,159,2.2013971243204513,337.1,2.527758752520972,High,True,0.454
DYR_ECOLI_Thompson_2019,DYR_ECOLI,Progen2 L,2700000000.0,9.431363764158988,Prokaryote,OrganismalFitness,159,2.2013971243204513,77.51,1.8893577368889316,Medium,True,0.441
ENV_HV1B9_DuenasDecamp_2016,ENV_HV1B9,Progen2 L,2700000000.0,9.431363764158988,Virus,OrganismalFitness,853,2.930949031167523,47.92,1.680516809381255,Medium,True,0.391
ENV_HV1BR_Haddox_2016,ENV_HV1BR,Progen2 L,2700000000.0,9.431363764158988,Virus,OrganismalFitness,861,2.935003151453655,43.39,1.637389650129212,Medium,True,0.354
ENVZ_ECOLI_Ghose_2023,ENVZ_ECOLI,Progen2 L,2700000000.0,9.431363764158988,Prokaryote,Activity,60,1.7781512503836436,4595.33,3.6623167044126537,High,True,0.183
EPHB2_HUMAN_Tsuboyama_2023_1F0M,EPHB2_HUMAN,Progen2 L,2700000000.0,9.431363764158988,Human,Stability,66,1.8195439355418688,126.33,2.1015064961399275,High,True,0.705
ERBB2_HUMAN_Elazar_2016,ERBB2_HUMAN,Progen2 L,2700000000.0,9.431363764158988,Human,Expression,1255,3.098643725817057,0.32,-0.494850021680094,Low,True,0.598
ESTA_BACSU_Nutschel_2020,ESTA_BACSU,Progen2 L,2700000000.0,9.431363764158988,Prokaryote,Stability,212,2.326335860928751,313.28,2.495932670123044,High,True,0.272
F7YBW8_MESOW_Ding_2023,F7YBW8_MESOW,Progen2 L,2700000000.0,9.431363764158988,Prokaryote,OrganismalFitness,93,1.968482948553935,176.23,2.2460798412237666,High,True,0.38
F7YBW8_MESOW_Aakre_2015,F7YBW8_MESOW,Progen2 L,2700000000.0,9.431363764158988,Prokaryote,OrganismalFitness,93,1.968482948553935,176.23,2.2460798412237666,High,True,0.298
FECA_ECOLI_Tsuboyama_2023_2D1U,FECA_ECOLI,Progen2 L,2700000000.0,9.431363764158988,Prokaryote,Stability,72,1.8573324964312685,141.6,2.15106325335375,High,True,0.292
FKBP3_HUMAN_Tsuboyama_2023_2KFV,FKBP3_HUMAN,Progen2 L,2700000000.0,9.431363764158988,Human,Stability,69,1.8388490907372552,1.85,0.26717172840301384,Medium,True,0.25
GAL4_YEAST_Kitzman_2015,GAL4_YEAST,Progen2 L,2700000000.0,9.431363764158988,Eukaryote,OrganismalFitness,881,2.9449759084120477,10.02,1.000867721531227,Medium,True,0.451
GCN4_YEAST_Staller_2018,GCN4_YEAST,Progen2 L,2700000000.0,9.431363764158988,Eukaryote,Binding,281,2.44870631990508,0.66,-0.1804560644581313,Low,True,0.134
GDIA_HUMAN_Silverstein_2021,GDIA_HUMAN,Progen2 L,2700000000.0,9.431363764158988,Human,OrganismalFitness,447,2.6503075231319366,0.8,-0.09691001300805639,Low,True,0.384
GFP_AEQVI_Sarkisyan_2016,GFP_AEQVI,Progen2 L,2700000000.0,9.431363764158988,Eukaryote,Activity,238,2.376576957056512,0.06,-1.2218487496163564,Low,True,0.642
GLPA_HUMAN_Elazar_2016,GLPA_HUMAN,Progen2 L,2700000000.0,9.431363764158988,Human,Expression,150,2.1760912590556813,0.51,-0.2924298239020636,Low,True,0.42
GRB2_HUMAN_Faure_2021,GRB2_HUMAN,Progen2 L,2700000000.0,9.431363764158988,Human,OrganismalFitness,217,2.3364597338485296,6.78,0.8312296938670634,Medium,True,0.524
HCP_LAMBD_Tsuboyama_2023_2L6Q,HCP_LAMBD,Progen2 L,2700000000.0,9.431363764158988,Virus,Stability,55,1.7403626894942439,30.76,1.4879863311293935,Medium,True,0.345
HECD1_HUMAN_Tsuboyama_2023_3DKM,HECD1_HUMAN,Progen2 L,2700000000.0,9.431363764158988,Human,Stability,72,1.8573324964312685,17.22,1.236033147117636,Medium,True,0.247
HEM3_HUMAN_Loggerenberg_2023,HEM3_HUMAN,Progen2 L,2700000000.0,9.431363764158988,Human,Activity,361,2.5575072019056577,32.84,1.5164031484474032,Medium,True,0.385
HIS7_YEAST_Pokusaeva_2019,HIS7_YEAST,Progen2 L,2700000000.0,9.431363764158988,Eukaryote,OrganismalFitness,220,2.342422680822206,23.97,1.3796680340336538,Medium,True,0.516
HMDH_HUMAN_Jiang_2019,HMDH_HUMAN,Progen2 L,2700000000.0,9.431363764158988,Human,OrganismalFitness,888,2.948412965778601,0.58,-0.23657200643706275,Low,True,0.209
HSP82_YEAST_Cote-Hammarlof_2020_growth-H2O2,HSP82_YEAST,Progen2 L,2700000000.0,9.431363764158988,Eukaryote,OrganismalFitness,709,2.8506462351830666,6.47,0.8109042806687004,Medium,True,0.415
HSP82_YEAST_Flynn_2019,HSP82_YEAST,Progen2 L,2700000000.0,9.431363764158988,Eukaryote,OrganismalFitness,709,2.8506462351830666,5.45,0.7363965022766424,Medium,True,0.397
HSP82_YEAST_Mishra_2016,HSP82_YEAST,Progen2 L,2700000000.0,9.431363764158988,Eukaryote,OrganismalFitness,709,2.8506462351830666,5.45,0.7363965022766424,Medium,True,0.479
HXK4_HUMAN_Gersing_2022_activity,HXK4_HUMAN,Progen2 L,2700000000.0,9.431363764158988,Human,OrganismalFitness,465,2.667452952889954,4.99,0.69810054562339,Medium,True,0.448
HXK4_HUMAN_Gersing_2023_abundance,HXK4_HUMAN,Progen2 L,2700000000.0,9.431363764158988,Human,Expression,465,2.667452952889954,5.38,0.7307822756663892,Medium,True,0.315
I6TAH8_I68A0_Doud_2015,I6TAH8_I68A0,Progen2 L,2700000000.0,9.431363764158988,Virus,OrganismalFitness,498,2.6972293427597176,2.15,0.33243845991560533,Medium,True,0.002
IF1_ECOLI_Kelsic_2016,IF1_ECOLI,Progen2 L,2700000000.0,9.431363764158988,Prokaryote,OrganismalFitness,72,1.8573324964312685,536.24,2.72935920638567,High,True,0.443
ILF3_HUMAN_Tsuboyama_2023_2L33,ILF3_HUMAN,Progen2 L,2700000000.0,9.431363764158988,Human,Stability,71,1.8512583487190752,309.51,2.490674685261338,High,True,0.255
ISDH_STAAW_Tsuboyama_2023_2LHR,ISDH_STAAW,Progen2 L,2700000000.0,9.431363764158988,Prokaryote,Stability,55,1.7403626894942439,713.67,2.8534974410356244,High,True,0.298
KCNE1_HUMAN_Muhammad_2023_expression,KCNE1_HUMAN,Progen2 L,2700000000.0,9.431363764158988,Human,Expression,129,2.110589710299249,1.74,0.24054924828259971,Medium,True,0.055
KCNE1_HUMAN_Muhammad_2023_function,KCNE1_HUMAN,Progen2 L,2700000000.0,9.431363764158988,Human,Activity,129,2.110589710299249,1.74,0.24054924828259971,Medium,True,0.603
KCNH2_HUMAN_Kozek_2020,KCNH2_HUMAN,Progen2 L,2700000000.0,9.431363764158988,Human,Activity,1159,3.064083435963596,6.29,0.798650645445269,Medium,True,0.477
KCNJ2_MOUSE_Coyote-Maestas_2022_function,KCNJ2_MOUSE,Progen2 L,2700000000.0,9.431363764158988,Eukaryote,Activity,428,2.6314437690131722,5.28,0.7226339225338123,Medium,True,0.345
KCNJ2_MOUSE_Coyote-Maestas_2022_surface,KCNJ2_MOUSE,Progen2 L,2700000000.0,9.431363764158988,Eukaryote,Expression,428,2.6314437690131722,5.28,0.7226339225338123,Medium,True,0.273
KKA2_KLEPN_Melnikov_2014,KKA2_KLEPN,Progen2 L,2700000000.0,9.431363764158988,Prokaryote,OrganismalFitness,264,2.4216039268698313,298.65,2.475162519083091,High,True,0.568
LGK_LIPST_Klesmith_2015,LGK_LIPST,Progen2 L,2700000000.0,9.431363764158988,Eukaryote,Activity,439,2.6424645202421213,18.83,1.2748503200166648,Medium,True,0.479
LYAM1_HUMAN_Elazar_2016,LYAM1_HUMAN,Progen2 L,2700000000.0,9.431363764158988,Human,Expression,372,2.5705429398818973,1.09,0.037426497940623665,Medium,True,0.298
MAFG_MOUSE_Tsuboyama_2023_1K1V,MAFG_MOUSE,Progen2 L,2700000000.0,9.431363764158988,Eukaryote,Stability,41,1.6127838567197355,3.89,0.5899496013257077,Medium,True,0.536
MBD11_ARATH_Tsuboyama_2023_6ACV,MBD11_ARATH,Progen2 L,2700000000.0,9.431363764158988,Eukaryote,Stability,66,1.8195439355418688,24.91,1.3963737275365065,Medium,True,0.568
MET_HUMAN_Estevam_2023,MET_HUMAN,Progen2 L,2700000000.0,9.431363764158988,Human,Activity,287,2.4578818967339924,17.78,1.249931756634195,Medium,True,0.488
MK01_HUMAN_Brenan_2016,MK01_HUMAN,Progen2 L,2700000000.0,9.431363764158988,Human,OrganismalFitness,360,2.5563025007672873,25.98,1.4146391467370092,Medium,True,0.076
MLAC_ECOLI_MacRae_2023,MLAC_ECOLI,Progen2 L,2700000000.0,9.431363764158988,Prokaryote,OrganismalFitness,211,2.3242824552976926,37.67,1.5759956202032677,Medium,True,0.382
MSH2_HUMAN_Jia_2020,MSH2_HUMAN,Progen2 L,2700000000.0,9.431363764158988,Human,OrganismalFitness,934,2.9703468762300935,11.71,1.0685568950723632,Medium,True,0.326
MTH3_HAEAE_RockahShmuel_2015,MTH3_HAEAE,Progen2 L,2700000000.0,9.431363764158988,Prokaryote,OrganismalFitness,330,2.5185139398778875,82.51,1.9165065871151556,Medium,True,0.684
MTHR_HUMAN_Weile_2021,MTHR_HUMAN,Progen2 L,2700000000.0,9.431363764158988,Human,OrganismalFitness,656,2.8169038393756605,0.99,-0.004364805402450088,Low,True,0.245
MYO3_YEAST_Tsuboyama_2023_2BTT,MYO3_YEAST,Progen2 L,2700000000.0,9.431363764158988,Eukaryote,Stability,61,1.7853298350107671,208.4,2.3188977146274867,High,True,0.313
NCAP_I34A1_Doud_2015,NCAP_I34A1,Progen2 L,2700000000.0,9.431363764158988,Virus,OrganismalFitness,498,2.6972293427597176,2.15,0.33243845991560533,Medium,True,0.03
NKX31_HUMAN_Tsuboyama_2023_2L9R,NKX31_HUMAN,Progen2 L,2700000000.0,9.431363764158988,Human,Stability,61,1.7853298350107671,147.96,2.1701443226433565,High,True,0.54
NPC1_HUMAN_Erwood_2022_HEK293T,NPC1_HUMAN,Progen2 L,2700000000.0,9.431363764158988,Human,Activity,1278,3.1065308538223815,0.67,-0.17392519729917355,Low,True,0.447
NPC1_HUMAN_Erwood_2022_RPE1,NPC1_HUMAN,Progen2 L,2700000000.0,9.431363764158988,Human,Activity,1278,3.1065308538223815,0.67,-0.17392519729917355,Low,True,0.373
NRAM_I33A0_Jiang_2016,NRAM_I33A0,Progen2 L,2700000000.0,9.431363764158988,Virus,OrganismalFitness,453,2.656098202012832,15.93,1.2022157758011316,Medium,True,0.462
NUD15_HUMAN_Suiter_2020,NUD15_HUMAN,Progen2 L,2700000000.0,9.431363764158988,Human,Expression,164,2.214843848047698,281.51,2.4494938267812603,High,True,0.549
NUSA_ECOLI_Tsuboyama_2023_1WCL,NUSA_ECOLI,Progen2 L,2700000000.0,9.431363764158988,Prokaryote,Stability,69,1.8388490907372552,598.86,2.777325305972129,High,True,0.525
NUSG_MYCTU_Tsuboyama_2023_2MI6,NUSG_MYCTU,Progen2 L,2700000000.0,9.431363764158988,Prokaryote,Stability,55,1.7403626894942439,320.33,2.5055976137320095,High,True,0.334
OBSCN_HUMAN_Tsuboyama_2023_1V1C,OBSCN_HUMAN,Progen2 L,2700000000.0,9.431363764158988,Human,Stability,65,1.8129133566428555,378.54,2.578111777789627,High,True,0.726
ODP2_GEOSE_Tsuboyama_2023_1W4G,ODP2_GEOSE,Progen2 L,2700000000.0,9.431363764158988,Prokaryote,Stability,44,1.6434526764861874,397.86,2.5997302782956524,High,True,0.192
OPSD_HUMAN_Wan_2019,OPSD_HUMAN,Progen2 L,2700000000.0,9.431363764158988,Human,Expression,348,2.5415792439465807,107.19,2.0301542709221025,High,True,0.577
OTC_HUMAN_Lo_2023,OTC_HUMAN,Progen2 L,2700000000.0,9.431363764158988,Human,Activity,354,2.5490032620257876,53.97,1.7321524180652137,Medium,True,0.54
OTU7A_HUMAN_Tsuboyama_2023_2L2D,OTU7A_HUMAN,Progen2 L,2700000000.0,9.431363764158988,Human,Stability,42,1.6232492903979006,12395.25,4.0932552904846835,High,True,0.307
OXDA_RHOTO_Vanella_2023_activity,OXDA_RHOTO,Progen2 L,2700000000.0,9.431363764158988,Eukaryote,Activity,364,2.561101383649056,271.28,2.43341777677003,High,True,0.329
OXDA_RHOTO_Vanella_2023_expression,OXDA_RHOTO,Progen2 L,2700000000.0,9.431363764158988,Eukaryote,Expression,364,2.561101383649056,271.28,2.43341777677003,High,True,0.275
P53_HUMAN_Giacomelli_2018_Null_Etoposide,P53_HUMAN,Progen2 L,2700000000.0,9.431363764158988,Human,OrganismalFitness,393,2.5943925503754266,0.39,-0.4089353929735008,Low,True,0.493
P53_HUMAN_Giacomelli_2018_Null_Nutlin,P53_HUMAN,Progen2 L,2700000000.0,9.431363764158988,Human,OrganismalFitness,393,2.5943925503754266,0.39,-0.4089353929735008,Low,True,0.523
P53_HUMAN_Giacomelli_2018_WT_Nutlin,P53_HUMAN,Progen2 L,2700000000.0,9.431363764158988,Human,OrganismalFitness,393,2.5943925503754266,0.39,-0.4089353929735008,Low,True,0.616
P53_HUMAN_Kotler_2018,P53_HUMAN,Progen2 L,2700000000.0,9.431363764158988,Human,OrganismalFitness,393,2.5943925503754266,0.37,-0.431798275933005,Low,True,0.47
P84126_THETH_Chan_2017,P84126_THETH,Progen2 L,2700000000.0,9.431363764158988,Prokaryote,OrganismalFitness,254,2.404833716619938,41.7,1.6201360549737576,Medium,True,0.571
PA_I34A1_Wu_2015,PA_I34A1,Progen2 L,2700000000.0,9.431363764158988,Virus,OrganismalFitness,716,2.8549130223078554,1.75,0.24303804868629444,Medium,True,0.429
PABP_YEAST_Melamed_2013,PABP_YEAST,Progen2 L,2700000000.0,9.431363764158988,Eukaryote,OrganismalFitness,577,2.7611758131557314,1.42,0.15228834438305647,Medium,True,0.676
PAI1_HUMAN_Huttinger_2021,PAI1_HUMAN,Progen2 L,2700000000.0,9.431363764158988,Human,Activity,402,2.60422605308447,30.34,1.4820155764507117,Medium,True,0.372
PHOT_CHLRE_Chen_2023,PHOT_CHLRE,Progen2 L,2700000000.0,9.431363764158988,Eukaryote,Activity,118,2.0718820073061255,5215.65,3.717308440053486,High,True,0.656
PIN1_HUMAN_Tsuboyama_2023_1I6C,PIN1_HUMAN,Progen2 L,2700000000.0,9.431363764158988,Human,Stability,39,1.591064607026499,287.66,2.458879476116883,High,True,0.647
PITX2_HUMAN_Tsuboyama_2023_2L7M,PITX2_HUMAN,Progen2 L,2700000000.0,9.431363764158988,Human,Stability,52,1.7160033436347992,191.76,2.2827580210255976,High,True,0.428
PKN1_HUMAN_Tsuboyama_2023_1URF,PKN1_HUMAN,Progen2 L,2700000000.0,9.431363764158988,Human,Stability,71,1.8512583487190752,772.42,2.8878535102875573,High,True,0.292
POLG_CXB3N_Mattenberger_2021,POLG_CXB3N,Progen2 L,2700000000.0,9.431363764158988,Virus,OrganismalFitness,2185,3.3394514413064407,1.79,0.2528530309798932,Medium,True,0.369
POLG_DEN26_Suphatrakul_2023,POLG_DEN26,Progen2 L,2700000000.0,9.431363764158988,Virus,OrganismalFitness,900,2.9542425094393248,0.55,-0.2596373105057561,Low,True,0.488
POLG_HCVJF_Qi_2014,POLG_HCVJF,Progen2 L,2700000000.0,9.431363764158988,Virus,OrganismalFitness,3033,3.4818724103106633,41.97,1.62293896921149,Medium,True,0.41
POLG_PESV_Tsuboyama_2023_2MXD,POLG_PESV,Progen2 L,2700000000.0,9.431363764158988,Virus,Stability,53,1.724275869600789,262.74,2.419526195575769,High,True,-0.084
PPARG_HUMAN_Majithia_2016,PPARG_HUMAN,Progen2 L,2700000000.0,9.431363764158988,Human,Activity,505,2.7032913781186614,6.24,0.795184589682424,Medium,True,0.719
PPM1D_HUMAN_Miller_2022,PPM1D_HUMAN,Progen2 L,2700000000.0,9.431363764158988,Human,OrganismalFitness,605,2.781755374652469,0.56,-0.25181197299379954,Low,True,0.557
PR40A_HUMAN_Tsuboyama_2023_1UZC,PR40A_HUMAN,Progen2 L,2700000000.0,9.431363764158988,Human,Stability,63,1.7993405494535817,56.72,1.7537362221750101,Medium,True,0.723
PRKN_HUMAN_Clausen_2023,PRKN_HUMAN,Progen2 L,2700000000.0,9.431363764158988,Human,Expression,465,2.667452952889954,0.37,-0.431798275933005,Low,True,0.623
PSAE_PICP2_Tsuboyama_2023_1PSE,PSAE_PICP2,Progen2 L,2700000000.0,9.431363764158988,Prokaryote,Stability,68,1.8325089127062364,1.85,0.26717172840301384,Medium,True,0.471
PTEN_HUMAN_Matreyek_2021,PTEN_HUMAN,Progen2 L,2700000000.0,9.431363764158988,Human,Expression,403,2.6053050461411096,3.72,0.5705429398818975,Medium,True,0.377
PTEN_HUMAN_Mighell_2018,PTEN_HUMAN,Progen2 L,2700000000.0,9.431363764158988,Human,Activity,403,2.6053050461411096,3.72,0.5705429398818975,Medium,True,0.317
Q2N0S5_9HIV1_Haddox_2018,Q2N0S5_9HIV1,Progen2 L,2700000000.0,9.431363764158988,Virus,OrganismalFitness,860,2.934498451243568,42.86,1.6320521667058099,Medium,True,0.436
Q53Z42_HUMAN_McShan_2019_binding-TAPBPR,Q53Z42_HUMAN,Progen2 L,2700000000.0,9.431363764158988,Human,Binding,365,2.5622928644564746,13.24,1.1218879851036812,Medium,True,0.306
Q53Z42_HUMAN_McShan_2019_expression,Q53Z42_HUMAN,Progen2 L,2700000000.0,9.431363764158988,Human,Expression,365,2.5622928644564746,13.24,1.1218879851036812,Medium,True,0.511
Q59976_STRSQ_Romero_2015,Q59976_STRSQ,Progen2 L,2700000000.0,9.431363764158988,Prokaryote,Activity,501,2.699837725867246,27.97,1.4466924663715273,Medium,True,0.673
Q6WV12_9MAXI_Somermeyer_2022,Q6WV12_9MAXI,Progen2 L,2700000000.0,9.431363764158988,Eukaryote,Activity,222,2.346352974450639,0.44,-0.3565473235138126,Low,True,-0.005
Q837P4_ENTFA_Meier_2023,Q837P4_ENTFA,Progen2 L,2700000000.0,9.431363764158988,Prokaryote,Activity,589,2.7701152947871015,90.8,1.958085848521085,Medium,True,0.449
Q837P5_ENTFA_Meier_2023,Q837P5_ENTFA,Progen2 L,2700000000.0,9.431363764158988,Prokaryote,Activity,571,2.756636108245848,95.02,1.9778150260831866,Medium,True,0.511
Q8WTC7_9CNID_Somermeyer_2022,Q8WTC7_9CNID,Progen2 L,2700000000.0,9.431363764158988,Eukaryote,Activity,238,2.376576957056512,0.51,-0.2924298239020636,Low,True,0.252
R1AB_SARS2_Flynn_2022,R1AB_SARS2,Progen2 L,2700000000.0,9.431363764158988,Virus,OrganismalFitness,306,2.48572142648158,1.14,0.05690485133647256,Medium,True,0.21
RAD_ANTMA_Tsuboyama_2023_2CJJ,RAD_ANTMA,Progen2 L,2700000000.0,9.431363764158988,Eukaryote,Stability,54,1.7323937598229686,777.81,2.8908735224022113,High,True,0.444
RAF1_HUMAN_Zinkus-Boltz_2019,RAF1_HUMAN,Progen2 L,2700000000.0,9.431363764158988,Human,OrganismalFitness,648,2.8115750058705933,0.59,-0.22914798835785583,Low,True,0.355
RASH_HUMAN_Bandaru_2017,RASH_HUMAN,Progen2 L,2700000000.0,9.431363764158988,Human,Activity,189,2.2764618041732443,125.77,2.0995770609167086,High,True,0.374
RASK_HUMAN_Weng_2022_abundance,RASK_HUMAN,Progen2 L,2700000000.0,9.431363764158988,Human,Expression,188,2.27415784926368,146.37,2.1654520728319286,High,True,0.345
RASK_HUMAN_Weng_2022_binding-DARPin_K55,RASK_HUMAN,Progen2 L,2700000000.0,9.431363764158988,Human,Binding,188,2.27415784926368,146.37,2.1654520728319286,High,True,0.396
RBP1_HUMAN_Tsuboyama_2023_2KWH,RBP1_HUMAN,Progen2 L,2700000000.0,9.431363764158988,Human,Stability,52,1.7160033436347992,976.49,2.9896678001409684,High,True,0.293
RCD1_ARATH_Tsuboyama_2023_5OAO,RCD1_ARATH,Progen2 L,2700000000.0,9.431363764158988,Eukaryote,Stability,57,1.7558748556724915,28.23,1.4507108781469193,Medium,True,0.412
RCRO_LAMBD_Tsuboyama_2023_1ORC,RCRO_LAMBD,Progen2 L,2700000000.0,9.431363764158988,Virus,Stability,63,1.7993405494535817,803.73,2.905110179092208,High,True,0.087
RD23A_HUMAN_Tsuboyama_2023_1IFY,RD23A_HUMAN,Progen2 L,2700000000.0,9.431363764158988,Human,Stability,44,1.6434526764861874,182.36,2.260929583529925,High,True,0.477
RDRP_I33A0_Li_2023,RDRP_I33A0,Progen2 L,2700000000.0,9.431363764158988,Virus,OrganismalFitness,757,2.8790958795000727,1.52,0.18184358794477254,Medium,True,0.345
REV_HV1H2_Fernandes_2016,REV_HV1H2,Progen2 L,2700000000.0,9.431363764158988,Virus,OrganismalFitness,116,2.0644579892269186,104.82,2.0204441553665746,High,True,0.253
RFAH_ECOLI_Tsuboyama_2023_2LCL,RFAH_ECOLI,Progen2 L,2700000000.0,9.431363764158988,Prokaryote,Stability,55,1.7403626894942439,258.65,2.412712482745101,High,True,0.114
RL20_AQUAE_Tsuboyama_2023_1GYZ,RL20_AQUAE,Progen2 L,2700000000.0,9.431363764158988,Prokaryote,Stability,59,1.7708520116421442,1816.95,3.2593429762772845,High,True,0.545
RL40A_YEAST_Mavor_2016,RL40A_YEAST,Progen2 L,2700000000.0,9.431363764158988,Eukaryote,OrganismalFitness,128,2.1072099696478683,30.52,1.4845845292828428,Medium,True,0.43
RL40A_YEAST_Roscoe_2013,RL40A_YEAST,Progen2 L,2700000000.0,9.431363764158988,Eukaryote,OrganismalFitness,128,2.1072099696478683,30.52,1.4845845292828428,Medium,True,0.487
RL40A_YEAST_Roscoe_2014,RL40A_YEAST,Progen2 L,2700000000.0,9.431363764158988,Eukaryote,Activity,128,2.1072099696478683,30.52,1.4845845292828428,Medium,True,0.336
RNC_ECOLI_Weeks_2023,RNC_ECOLI,Progen2 L,2700000000.0,9.431363764158988,Prokaryote,Activity,226,2.3541084391474008,70.7,1.8494194137968993,Medium,True,0.586
RPC1_BP434_Tsuboyama_2023_1R69,RPC1_BP434,Progen2 L,2700000000.0,9.431363764158988,Virus,Stability,61,1.7853298350107671,9091.45,3.958633154594723,High,True,0.723
RPC1_LAMBD_Li_2019_high-expression,RPC1_LAMBD,Progen2 L,2700000000.0,9.431363764158988,Virus,Activity,237,2.374748346010104,121.45,2.0843975191411492,High,True,0.305
RPC1_LAMBD_Li_2019_low-expression,RPC1_LAMBD,Progen2 L,2700000000.0,9.431363764158988,Virus,Activity,237,2.374748346010104,121.45,2.0843975191411492,High,True,0.299
RS15_GEOSE_Tsuboyama_2023_1A32,RS15_GEOSE,Progen2 L,2700000000.0,9.431363764158988,Prokaryote,Stability,63,1.7993405494535817,68.91,1.8382822499146885,Medium,True,0.362
S22A1_HUMAN_Yee_2023_abundance,S22A1_HUMAN,Progen2 L,2700000000.0,9.431363764158988,Human,Expression,553,2.7427251313046983,62.71,1.7973368007753499,Medium,True,0.6
S22A1_HUMAN_Yee_2023_activity,S22A1_HUMAN,Progen2 L,2700000000.0,9.431363764158988,Human,Activity,553,2.7427251313046983,62.71,1.7973368007753499,Medium,True,0.567
SAV1_MOUSE_Tsuboyama_2023_2YSB,SAV1_MOUSE,Progen2 L,2700000000.0,9.431363764158988,Eukaryote,Stability,43,1.6334684555795864,105.1,2.021602716028242,High,True,0.491
SBI_STAAM_Tsuboyama_2023_2JVG,SBI_STAAM,Progen2 L,2700000000.0,9.431363764158988,Prokaryote,Stability,56,1.7481880270062005,27.03,1.4318460456987254,Medium,True,0.245
SC6A4_HUMAN_Young_2021,SC6A4_HUMAN,Progen2 L,2700000000.0,9.431363764158988,Human,Activity,630,2.7993405494535817,8.81,0.9449759084120479,Medium,True,0.525
SCIN_STAAR_Tsuboyama_2023_2QFF,SCIN_STAAR,Progen2 L,2700000000.0,9.431363764158988,Prokaryote,Stability,70,1.845098040014257,163.66,2.213942546840078,High,True,0.2
SCN5A_HUMAN_Glazer_2019,SCN5A_HUMAN,Progen2 L,2700000000.0,9.431363764158988,Human,OrganismalFitness,2016,3.3044905277734875,26.58,1.4245549766067132,Medium,True,0.107
SDA_BACSU_Tsuboyama_2023_1PV0,SDA_BACSU,Progen2 L,2700000000.0,9.431363764158988,Prokaryote,Stability,44,1.6434526764861874,20.05,1.3021143769562011,Medium,True,0.119
SERC_HUMAN_Xie_2023,SERC_HUMAN,Progen2 L,2700000000.0,9.431363764158988,Human,OrganismalFitness,370,2.568201724066995,117.4,2.0696680969115957,High,True,0.534
SHOC2_HUMAN_Kwon_2022,SHOC2_HUMAN,Progen2 L,2700000000.0,9.431363764158988,Human,OrganismalFitness,582,2.7649229846498886,15.55,1.1917303933628562,Medium,True,0.4
SOX30_HUMAN_Tsuboyama_2023_7JJK,SOX30_HUMAN,Progen2 L,2700000000.0,9.431363764158988,Human,Stability,57,1.7558748556724915,262.24,2.418698936226424,High,True,0.253
SPA_STAAU_Tsuboyama_2023_1LP1,SPA_STAAU,Progen2 L,2700000000.0,9.431363764158988,Prokaryote,Stability,55,1.7403626894942439,37.48,1.5737995822157407,Medium,True,0.338
SPG1_STRSG_Olson_2014,SPG1_STRSG,Progen2 L,2700000000.0,9.431363764158988,Prokaryote,Binding,448,2.651278013998144,0.0,-2.0,Low,True,0.239
SPG1_STRSG_Wu_2016,SPG1_STRSG,Progen2 L,2700000000.0,9.431363764158988,Prokaryote,Binding,448,2.651278013998144,1.34,0.12710479836480765,Medium,True,-0.031
SPG2_STRSG_Tsuboyama_2023_5UBS,SPG2_STRSG,Progen2 L,2700000000.0,9.431363764158988,Prokaryote,Stability,56,1.7481880270062005,56.55,1.7524326092614742,Medium,True,0.485
SPIKE_SARS2_Starr_2020_binding,SPIKE_SARS2,Progen2 L,2700000000.0,9.431363764158988,Virus,Binding,1273,3.1048284036536553,1.06,0.02530586526477026,Medium,True,0.378
SPIKE_SARS2_Starr_2020_expression,SPIKE_SARS2,Progen2 L,2700000000.0,9.431363764158988,Virus,Expression,1273,3.1048284036536553,1.06,0.02530586526477026,Medium,True,0.397
SPTN1_CHICK_Tsuboyama_2023_1TUD,SPTN1_CHICK,Progen2 L,2700000000.0,9.431363764158988,Eukaryote,Stability,60,1.7781512503836436,285.61,2.455773409227347,High,True,0.563
SQSTM_MOUSE_Tsuboyama_2023_2RRU,SQSTM_MOUSE,Progen2 L,2700000000.0,9.431363764158988,Eukaryote,Stability,40,1.6020599913279623,84.27,1.9256729939212405,Medium,True,0.506
SR43C_ARATH_Tsuboyama_2023_2N88,SR43C_ARATH,Progen2 L,2700000000.0,9.431363764158988,Eukaryote,Stability,48,1.6812412373755872,253.55,2.404063614883892,High,True,0.608
SRBS1_HUMAN_Tsuboyama_2023_2O2W,SRBS1_HUMAN,Progen2 L,2700000000.0,9.431363764158988,Human,Stability,67,1.8260748027008264,363.68,2.5607194183808955,High,True,0.63
SRC_HUMAN_Ahler_2019,SRC_HUMAN,Progen2 L,2700000000.0,9.431363764158988,Human,Activity,536,2.72916478969277,2.75,0.43933269383026263,Medium,True,0.422
SRC_HUMAN_Chakraborty_2023_binding-DAS_25uM,SRC_HUMAN,Progen2 L,2700000000.0,9.431363764158988,Human,Activity,536,2.72916478969277,3.38,0.5289167002776547,Medium,True,0.35
SRC_HUMAN_Nguyen_2022,SRC_HUMAN,Progen2 L,2700000000.0,9.431363764158988,Human,OrganismalFitness,536,2.72916478969277,3.38,0.5289167002776547,Medium,True,0.358
SUMO1_HUMAN_Weile_2017,SUMO1_HUMAN,Progen2 L,2700000000.0,9.431363764158988,Human,OrganismalFitness,101,2.0043213737826426,140.9,2.1489109931093564,High,True,0.431
SYUA_HUMAN_Newberry_2020,SYUA_HUMAN,Progen2 L,2700000000.0,9.431363764158988,Human,OrganismalFitness,140,2.146128035678238,47.17,1.673665876245702,Medium,True,0.105
TADBP_HUMAN_Bolognesi_2019,TADBP_HUMAN,Progen2 L,2700000000.0,9.431363764158988,Human,OrganismalFitness,414,2.617000341120899,0.33,-0.4814860601221125,Low,True,0.023
TAT_HV1BR_Fernandes_2016,TAT_HV1BR,Progen2 L,2700000000.0,9.431363764158988,Virus,OrganismalFitness,86,1.9344984512435677,115.56,2.062807533172159,High,True,0.246
TCRG1_MOUSE_Tsuboyama_2023_1E0L,TCRG1_MOUSE,Progen2 L,2700000000.0,9.431363764158988,Eukaryote,Stability,37,1.568201724066995,79.56,1.9006947744523979,Medium,True,0.648
THO1_YEAST_Tsuboyama_2023_2WQG,THO1_YEAST,Progen2 L,2700000000.0,9.431363764158988,Eukaryote,Stability,41,1.6127838567197355,206.87,2.3156975144495764,High,True,0.423
TNKS2_HUMAN_Tsuboyama_2023_5JRT,TNKS2_HUMAN,Progen2 L,2700000000.0,9.431363764158988,Human,Stability,59,1.7708520116421442,195.89,2.2920122662363456,High,True,0.395
TPK1_HUMAN_Weile_2017,TPK1_HUMAN,Progen2 L,2700000000.0,9.431363764158988,Human,OrganismalFitness,243,2.385606273598312,29.93,1.4761067168401913,Medium,True,0.253
TPMT_HUMAN_Matreyek_2018,TPMT_HUMAN,Progen2 L,2700000000.0,9.431363764158988,Human,Expression,245,2.3891660843645326,26.71,1.426673888021373,Medium,True,0.466
TPOR_HUMAN_Bridgford_2020,TPOR_HUMAN,Progen2 L,2700000000.0,9.431363764158988,Human,OrganismalFitness,635,2.8027737252919755,0.19,-0.721246399047171,Low,True,0.451
TRPC_SACS2_Chan_2017,TRPC_SACS2,Progen2 L,2700000000.0,9.431363764158988,Prokaryote,OrganismalFitness,248,2.3944516808262164,41.98,1.6230424342463816,Medium,True,0.521
TRPC_THEMA_Chan_2017,TRPC_THEMA,Progen2 L,2700000000.0,9.431363764158988,Prokaryote,OrganismalFitness,252,2.401400540781544,41.51,1.6181527333785195,Medium,True,0.387
UBC9_HUMAN_Weile_2017,UBC9_HUMAN,Progen2 L,2700000000.0,9.431363764158988,Human,OrganismalFitness,159,2.2013971243204513,55.33,1.7429606702141525,Medium,True,0.449
UBE4B_HUMAN_Tsuboyama_2023_3L1X,UBE4B_HUMAN,Progen2 L,2700000000.0,9.431363764158988,Human,Stability,69,1.8388490907372552,506.27,2.704382193196689,High,True,0.322
UBE4B_MOUSE_Starita_2013,UBE4B_MOUSE,Progen2 L,2700000000.0,9.431363764158988,Eukaryote,Activity,1173,3.0692980121155293,0.64,-0.1938200260161128,Low,True,0.376
UBR5_HUMAN_Tsuboyama_2023_1I2T,UBR5_HUMAN,Progen2 L,2700000000.0,9.431363764158988,Human,Stability,58,1.7634279935629373,17.55,1.2442771208018428,Medium,True,0.488
VG08_BPP22_Tsuboyama_2023_2GP8,VG08_BPP22,Progen2 L,2700000000.0,9.431363764158988,Virus,Stability,40,1.6020599913279623,1177.87,3.0710973605715015,High,True,0.467
VILI_CHICK_Tsuboyama_2023_1YU5,VILI_CHICK,Progen2 L,2700000000.0,9.431363764158988,Eukaryote,Stability,65,1.8129133566428555,761.62,2.8817383400187397,High,True,0.482
VKOR1_HUMAN_Chiasson_2020_abundance,VKOR1_HUMAN,Progen2 L,2700000000.0,9.431363764158988,Human,Expression,163,2.2121876044039577,29.05,1.4631461367263496,Medium,True,0.437
VKOR1_HUMAN_Chiasson_2020_activity,VKOR1_HUMAN,Progen2 L,2700000000.0,9.431363764158988,Human,Activity,163,2.2121876044039577,29.05,1.4631461367263496,Medium,True,0.36
VRPI_BPT7_Tsuboyama_2023_2WNM,VRPI_BPT7,Progen2 L,2700000000.0,9.431363764158988,Virus,Stability,56,1.7481880270062005,81.19,1.9095025414054154,Medium,True,0.199
YAIA_ECOLI_Tsuboyama_2023_2KVT,YAIA_ECOLI,Progen2 L,2700000000.0,9.431363764158988,Prokaryote,Stability,52,1.7160033436347992,16.25,1.2108533653148932,Medium,True,-0.023
YAP1_HUMAN_Araya_2012,YAP1_HUMAN,Progen2 L,2700000000.0,9.431363764158988,Human,Binding,504,2.7024305364455254,0.26,-0.585026652029182,Low,True,0.207
YNZC_BACSU_Tsuboyama_2023_2JVD,YNZC_BACSU,Progen2 L,2700000000.0,9.431363764158988,Prokaryote,Stability,39,1.591064607026499,40.99,1.6126779183165019,Medium,True,0.59
A0A140D2T1_ZIKV_Sourisseau_2019,A0A140D2T1_ZIKV,Progen2 XL,6400000000.0,9.806179973983888,Virus,OrganismalFitness,3423,3.534406899137877,1.63,0.21218760440395779,Medium,True,0.293
A0A192B1T2_9HIV1_Haddox_2018,A0A192B1T2_9HIV1,Progen2 XL,6400000000.0,9.806179973983888,Virus,OrganismalFitness,852,2.9304395947667,42.81,1.6315452278343094,Medium,True,0.484
A0A1I9GEU1_NEIME_Kennouche_2019,A0A1I9GEU1_NEIME,Progen2 XL,6400000000.0,9.806179973983888,Prokaryote,Activity,161,2.2068258760318495,14.07,1.1482940974347458,Medium,True,0.095
A0A247D711_LISMN_Stadelmann_2021,A0A247D711_LISMN,Progen2 XL,6400000000.0,9.806179973983888,Prokaryote,Activity,87,1.9395192526186185,0.1,-1.0,Low,True,0.106
A0A2Z5U3Z0_9INFA_Doud_2016,A0A2Z5U3Z0_9INFA,Progen2 XL,6400000000.0,9.806179973983888,Virus,OrganismalFitness,565,2.7520484478194387,16.01,1.2043913319192998,Medium,True,0.504
A0A2Z5U3Z0_9INFA_Wu_2014,A0A2Z5U3Z0_9INFA,Progen2 XL,6400000000.0,9.806179973983888,Virus,OrganismalFitness,565,2.7520484478194387,16.01,1.2043913319192998,Medium,True,0.475
A4_HUMAN_Seuma_2022,A4_HUMAN,Progen2 XL,6400000000.0,9.806179973983888,Human,Stability,770,2.886490725172482,0.08,-1.0969100130080565,Low,True,0.314
A4D664_9INFA_Soh_2019,A4D664_9INFA,Progen2 XL,6400000000.0,9.806179973983888,Virus,OrganismalFitness,759,2.88024177589548,1.7,0.2304489213782739,Medium,True,0.33
A4GRB6_PSEAI_Chen_2020,A4GRB6_PSEAI,Progen2 XL,6400000000.0,9.806179973983888,Prokaryote,OrganismalFitness,266,2.424881636631067,120.61,2.081383317462285,High,True,0.705
AACC1_PSEAI_Dandage_2018,AACC1_PSEAI,Progen2 XL,6400000000.0,9.806179973983888,Prokaryote,OrganismalFitness,177,2.247973266361807,985.3,2.9935684827897275,High,True,0.438
ACE2_HUMAN_Chan_2020,ACE2_HUMAN,Progen2 XL,6400000000.0,9.806179973983888,Human,Binding,805,2.9057958803678687,1.97,0.2944662261615929,Medium,True,0.261
ADRB2_HUMAN_Jones_2020,ADRB2_HUMAN,Progen2 XL,6400000000.0,9.806179973983888,Human,Activity,413,2.615950051656401,67.99,1.832445041174111,Medium,True,0.502
AICDA_HUMAN_Gajula_2014_3cycles,AICDA_HUMAN,Progen2 XL,6400000000.0,9.806179973983888,Human,Activity,198,2.296665190261531,18.4,1.2648178230095364,Medium,True,0.282
AMFR_HUMAN_Tsuboyama_2023_4G3O,AMFR_HUMAN,Progen2 XL,6400000000.0,9.806179973983888,Human,Stability,47,1.6720978579357175,26.51,1.4234097277330935,Medium,True,0.056
AMIE_PSEAE_Wrenbeck_2017,AMIE_PSEAE,Progen2 XL,6400000000.0,9.806179973983888,Prokaryote,Activity,346,2.5390760987927767,89.1,1.9498777040368747,Medium,True,0.508
ANCSZ_Hobbs_2022,ANCSZ,Progen2 XL,6400000000.0,9.806179973983888,Eukaryote,Activity,627,2.7972675408307164,1.79,0.2528530309798932,Medium,True,0.494
ARGR_ECOLI_Tsuboyama_2023_1AOY,ARGR_ECOLI,Progen2 XL,6400000000.0,9.806179973983888,Prokaryote,Stability,69,1.8388490907372552,54.24,1.734319680859007,Medium,True,0.418
B2L11_HUMAN_Dutta_2010_binding-Mcl-1,B2L11_HUMAN,Progen2 XL,6400000000.0,9.806179973983888,Human,Binding,198,2.296665190261531,0.45,-0.3467874862246563,Low,True,0.366
BBC1_YEAST_Tsuboyama_2023_1TG0,BBC1_YEAST,Progen2 XL,6400000000.0,9.806179973983888,Eukaryote,Stability,64,1.806179973983887,271.76,2.4341855338619713,High,True,0.307
BCHB_CHLTE_Tsuboyama_2023_2KRU,BCHB_CHLTE,Progen2 XL,6400000000.0,9.806179973983888,Prokaryote,Stability,52,1.7160033436347992,51.95,1.7155855518931962,Medium,True,0.435
BLAT_ECOLX_Deng_2012,BLAT_ECOLX,Progen2 XL,6400000000.0,9.806179973983888,Prokaryote,OrganismalFitness,286,2.456366033129043,177.98,2.2503712024344784,High,True,0.343
BLAT_ECOLX_Firnberg_2014,BLAT_ECOLX,Progen2 XL,6400000000.0,9.806179973983888,Prokaryote,OrganismalFitness,286,2.456366033129043,177.98,2.2503712024344784,High,True,0.452
BLAT_ECOLX_Jacquier_2013,BLAT_ECOLX,Progen2 XL,6400000000.0,9.806179973983888,Prokaryote,OrganismalFitness,286,2.456366033129043,177.98,2.2503712024344784,High,True,0.462
BLAT_ECOLX_Stiffler_2015,BLAT_ECOLX,Progen2 XL,6400000000.0,9.806179973983888,Prokaryote,OrganismalFitness,286,2.456366033129043,177.98,2.2503712024344784,High,True,0.46
BRCA1_HUMAN_Findlay_2018,BRCA1_HUMAN,Progen2 XL,6400000000.0,9.806179973983888,Human,OrganismalFitness,1863,3.2702128548962426,0.05,-1.3010299956639813,Low,True,0.423
BRCA2_HUMAN_Erwood_2022_HEK293T,BRCA2_HUMAN,Progen2 XL,6400000000.0,9.806179973983888,Human,OrganismalFitness,3418,3.533772058384718,0.02,-1.6989700043360187,Low,True,0.014
C6KNH7_9INFA_Lee_2018,C6KNH7_9INFA,Progen2 XL,6400000000.0,9.806179973983888,Virus,OrganismalFitness,566,2.7528164311882715,16.0,1.2041199826559248,Medium,True,0.37
CALM1_HUMAN_Weile_2017,CALM1_HUMAN,Progen2 XL,6400000000.0,9.806179973983888,Human,OrganismalFitness,149,2.173186268412274,190.77,2.280510079703276,High,True,0.313
CAPSD_AAV2S_Sinai_2021,CAPSD_AAV2S,Progen2 XL,6400000000.0,9.806179973983888,Virus,OrganismalFitness,735,2.8662873390841948,0.26,-0.585026652029182,Low,True,0.399
CAR11_HUMAN_Meitlis_2020_gof,CAR11_HUMAN,Progen2 XL,6400000000.0,9.806179973983888,Human,OrganismalFitness,1154,3.0622058088197126,0.04,-1.3979400086720375,Low,True,0.167
CAR11_HUMAN_Meitlis_2020_lof,CAR11_HUMAN,Progen2 XL,6400000000.0,9.806179973983888,Human,OrganismalFitness,1154,3.0622058088197126,0.04,-1.3979400086720375,Low,True,0.191
CAS9_STRP1_Spencer_2017_positive,CAS9_STRP1,Progen2 XL,6400000000.0,9.806179973983888,Prokaryote,Activity,1368,3.1360860973840974,1.14,0.05690485133647256,Medium,True,0.068
CASP3_HUMAN_Roychowdhury_2020,CASP3_HUMAN,Progen2 XL,6400000000.0,9.806179973983888,Human,Activity,258,2.41161970596323,111.55,2.0474695746198566,High,True,0.567
CASP7_HUMAN_Roychowdhury_2020,CASP7_HUMAN,Progen2 XL,6400000000.0,9.806179973983888,Human,Activity,281,2.44870631990508,80.66,1.9066582176715998,Medium,True,0.572
CATR_CHLRE_Tsuboyama_2023_2AMI,CATR_CHLRE,Progen2 XL,6400000000.0,9.806179973983888,Eukaryote,Stability,72,1.8573324964312685,1107.51,3.044347656272274,High,True,0.587
CBPA2_HUMAN_Tsuboyama_2023_1O6X,CBPA2_HUMAN,Progen2 XL,6400000000.0,9.806179973983888,Human,Stability,72,1.8573324964312685,43.64,1.6398847419163043,Medium,True,0.71
CBS_HUMAN_Sun_2020,CBS_HUMAN,Progen2 XL,6400000000.0,9.806179973983888,Human,OrganismalFitness,551,2.741151598851785,3.5,0.5440680443502757,Medium,True,0.31
CBX4_HUMAN_Tsuboyama_2023_2K28,CBX4_HUMAN,Progen2 XL,6400000000.0,9.806179973983888,Human,Stability,50,1.6989700043360187,269.65,2.430800424624181,High,True,0.569
CCDB_ECOLI_Adkar_2012,CCDB_ECOLI,Progen2 XL,6400000000.0,9.806179973983888,Prokaryote,Activity,101,2.0043213737826426,168.82,2.227423895933663,High,True,0.425
CCDB_ECOLI_Tripathi_2016,CCDB_ECOLI,Progen2 XL,6400000000.0,9.806179973983888,Prokaryote,OrganismalFitness,101,2.0043213737826426,168.82,2.227423895933663,High,True,0.476
CCR5_HUMAN_Gill_2023,CCR5_HUMAN,Progen2 XL,6400000000.0,9.806179973983888,Human,Binding,352,2.546542663478131,182.74,2.261833620575751,High,True,0.322
CD19_HUMAN_Klesmith_2019_FMC_singles,CD19_HUMAN,Progen2 XL,6400000000.0,9.806179973983888,Human,Binding,556,2.7450747915820575,0.5,-0.3010299956639812,Low,True,0.244
CP2C9_HUMAN_Amorosi_2021_abundance,CP2C9_HUMAN,Progen2 XL,6400000000.0,9.806179973983888,Human,Expression,490,2.690196080028514,165.48,2.2187455122234745,High,True,0.572
CP2C9_HUMAN_Amorosi_2021_activity,CP2C9_HUMAN,Progen2 XL,6400000000.0,9.806179973983888,Human,Binding,490,2.690196080028514,165.48,2.2187455122234745,High,True,0.582
CSN4_MOUSE_Tsuboyama_2023_1UFM,CSN4_MOUSE,Progen2 XL,6400000000.0,9.806179973983888,Eukaryote,Stability,72,1.8573324964312685,48.23,1.6833172619218826,Medium,True,0.501
CUE1_YEAST_Tsuboyama_2023_2MYX,CUE1_YEAST,Progen2 XL,6400000000.0,9.806179973983888,Eukaryote,Stability,52,1.7160033436347992,7.64,0.8830933585756899,Medium,True,0.434
D7PM05_CLYGR_Somermeyer_2022,D7PM05_CLYGR,Progen2 XL,6400000000.0,9.806179973983888,Eukaryote,Activity,235,2.3710678622717363,0.6,-0.2218487496163564,Low,True,0.361
DLG4_HUMAN_Faure_2021,DLG4_HUMAN,Progen2 XL,6400000000.0,9.806179973983888,Human,OrganismalFitness,724,2.859738566197147,0.46,-0.3372421683184259,Low,True,0.495
DLG4_RAT_McLaughlin_2012,DLG4_RAT,Progen2 XL,6400000000.0,9.806179973983888,Eukaryote,Binding,724,2.859738566197147,0.36,-0.44369749923271273,Low,True,0.395
DN7A_SACS2_Tsuboyama_2023_1JIC,DN7A_SACS2,Progen2 XL,6400000000.0,9.806179973983888,Prokaryote,Stability,55,1.7403626894942439,24.82,1.394801777162711,Medium,True,0.235
DNJA1_HUMAN_Tsuboyama_2023_2LO1,DNJA1_HUMAN,Progen2 XL,6400000000.0,9.806179973983888,Human,Stability,65,1.8129133566428555,547.68,2.7385268817938018,High,True,0.764
DOCK1_MOUSE_Tsuboyama_2023_2M0Y,DOCK1_MOUSE,Progen2 XL,6400000000.0,9.806179973983888,Eukaryote,Stability,66,1.8195439355418688,368.28,2.5661781344794474,High,True,0.395
DYR_ECOLI_Nguyen_2023,DYR_ECOLI,Progen2 XL,6400000000.0,9.806179973983888,Prokaryote,OrganismalFitness,159,2.2013971243204513,337.1,2.527758752520972,High,True,0.333
DYR_ECOLI_Thompson_2019,DYR_ECOLI,Progen2 XL,6400000000.0,9.806179973983888,Prokaryote,OrganismalFitness,159,2.2013971243204513,77.51,1.8893577368889316,Medium,True,0.418
ENV_HV1B9_DuenasDecamp_2016,ENV_HV1B9,Progen2 XL,6400000000.0,9.806179973983888,Virus,OrganismalFitness,853,2.930949031167523,47.92,1.680516809381255,Medium,True,0.374
ENV_HV1BR_Haddox_2016,ENV_HV1BR,Progen2 XL,6400000000.0,9.806179973983888,Virus,OrganismalFitness,861,2.935003151453655,43.39,1.637389650129212,Medium,True,0.362
ENVZ_ECOLI_Ghose_2023,ENVZ_ECOLI,Progen2 XL,6400000000.0,9.806179973983888,Prokaryote,Activity,60,1.7781512503836436,4595.33,3.6623167044126537,High,True,0.163
EPHB2_HUMAN_Tsuboyama_2023_1F0M,EPHB2_HUMAN,Progen2 XL,6400000000.0,9.806179973983888,Human,Stability,66,1.8195439355418688,126.33,2.1015064961399275,High,True,0.735
ERBB2_HUMAN_Elazar_2016,ERBB2_HUMAN,Progen2 XL,6400000000.0,9.806179973983888,Human,Expression,1255,3.098643725817057,0.32,-0.494850021680094,Low,True,0.506
ESTA_BACSU_Nutschel_2020,ESTA_BACSU,Progen2 XL,6400000000.0,9.806179973983888,Prokaryote,Stability,212,2.326335860928751,313.28,2.495932670123044,High,True,0.379
F7YBW8_MESOW_Ding_2023,F7YBW8_MESOW,Progen2 XL,6400000000.0,9.806179973983888,Prokaryote,OrganismalFitness,93,1.968482948553935,176.23,2.2460798412237666,High,True,0.386
F7YBW8_MESOW_Aakre_2015,F7YBW8_MESOW,Progen2 XL,6400000000.0,9.806179973983888,Prokaryote,OrganismalFitness,93,1.968482948553935,176.23,2.2460798412237666,High,True,0.403
FECA_ECOLI_Tsuboyama_2023_2D1U,FECA_ECOLI,Progen2 XL,6400000000.0,9.806179973983888,Prokaryote,Stability,72,1.8573324964312685,141.6,2.15106325335375,High,True,0.394
FKBP3_HUMAN_Tsuboyama_2023_2KFV,FKBP3_HUMAN,Progen2 XL,6400000000.0,9.806179973983888,Human,Stability,69,1.8388490907372552,1.85,0.26717172840301384,Medium,True,0.22
GAL4_YEAST_Kitzman_2015,GAL4_YEAST,Progen2 XL,6400000000.0,9.806179973983888,Eukaryote,OrganismalFitness,881,2.9449759084120477,10.02,1.000867721531227,Medium,True,0.579
GCN4_YEAST_Staller_2018,GCN4_YEAST,Progen2 XL,6400000000.0,9.806179973983888,Eukaryote,Binding,281,2.44870631990508,0.66,-0.1804560644581313,Low,True,0.164
GDIA_HUMAN_Silverstein_2021,GDIA_HUMAN,Progen2 XL,6400000000.0,9.806179973983888,Human,OrganismalFitness,447,2.6503075231319366,0.8,-0.09691001300805639,Low,True,0.397
GFP_AEQVI_Sarkisyan_2016,GFP_AEQVI,Progen2 XL,6400000000.0,9.806179973983888,Eukaryote,Activity,238,2.376576957056512,0.06,-1.2218487496163564,Low,True,0.647
GLPA_HUMAN_Elazar_2016,GLPA_HUMAN,Progen2 XL,6400000000.0,9.806179973983888,Human,Expression,150,2.1760912590556813,0.51,-0.2924298239020636,Low,True,0.49
GRB2_HUMAN_Faure_2021,GRB2_HUMAN,Progen2 XL,6400000000.0,9.806179973983888,Human,OrganismalFitness,217,2.3364597338485296,6.78,0.8312296938670634,Medium,True,0.448
HCP_LAMBD_Tsuboyama_2023_2L6Q,HCP_LAMBD,Progen2 XL,6400000000.0,9.806179973983888,Virus,Stability,55,1.7403626894942439,30.76,1.4879863311293935,Medium,True,0.515
HECD1_HUMAN_Tsuboyama_2023_3DKM,HECD1_HUMAN,Progen2 XL,6400000000.0,9.806179973983888,Human,Stability,72,1.8573324964312685,17.22,1.236033147117636,Medium,True,0.214
HEM3_HUMAN_Loggerenberg_2023,HEM3_HUMAN,Progen2 XL,6400000000.0,9.806179973983888,Human,Activity,361,2.5575072019056577,32.84,1.5164031484474032,Medium,True,0.402
HIS7_YEAST_Pokusaeva_2019,HIS7_YEAST,Progen2 XL,6400000000.0,9.806179973983888,Eukaryote,OrganismalFitness,220,2.342422680822206,23.97,1.3796680340336538,Medium,True,0.539
HMDH_HUMAN_Jiang_2019,HMDH_HUMAN,Progen2 XL,6400000000.0,9.806179973983888,Human,OrganismalFitness,888,2.948412965778601,0.58,-0.23657200643706275,Low,True,0.213
HSP82_YEAST_Cote-Hammarlof_2020_growth-H2O2,HSP82_YEAST,Progen2 XL,6400000000.0,9.806179973983888,Eukaryote,OrganismalFitness,709,2.8506462351830666,6.47,0.8109042806687004,Medium,True,0.42
HSP82_YEAST_Flynn_2019,HSP82_YEAST,Progen2 XL,6400000000.0,9.806179973983888,Eukaryote,OrganismalFitness,709,2.8506462351830666,5.45,0.7363965022766424,Medium,True,0.434
HSP82_YEAST_Mishra_2016,HSP82_YEAST,Progen2 XL,6400000000.0,9.806179973983888,Eukaryote,OrganismalFitness,709,2.8506462351830666,5.45,0.7363965022766424,Medium,True,0.515
HXK4_HUMAN_Gersing_2022_activity,HXK4_HUMAN,Progen2 XL,6400000000.0,9.806179973983888,Human,OrganismalFitness,465,2.667452952889954,4.99,0.69810054562339,Medium,True,0.402
HXK4_HUMAN_Gersing_2023_abundance,HXK4_HUMAN,Progen2 XL,6400000000.0,9.806179973983888,Human,Expression,465,2.667452952889954,5.38,0.7307822756663892,Medium,True,0.32
I6TAH8_I68A0_Doud_2015,I6TAH8_I68A0,Progen2 XL,6400000000.0,9.806179973983888,Virus,OrganismalFitness,498,2.6972293427597176,2.15,0.33243845991560533,Medium,True,0.302
IF1_ECOLI_Kelsic_2016,IF1_ECOLI,Progen2 XL,6400000000.0,9.806179973983888,Prokaryote,OrganismalFitness,72,1.8573324964312685,536.24,2.72935920638567,High,True,0.459
ILF3_HUMAN_Tsuboyama_2023_2L33,ILF3_HUMAN,Progen2 XL,6400000000.0,9.806179973983888,Human,Stability,71,1.8512583487190752,309.51,2.490674685261338,High,True,0.259
ISDH_STAAW_Tsuboyama_2023_2LHR,ISDH_STAAW,Progen2 XL,6400000000.0,9.806179973983888,Prokaryote,Stability,55,1.7403626894942439,713.67,2.8534974410356244,High,True,0.36
KCNE1_HUMAN_Muhammad_2023_expression,KCNE1_HUMAN,Progen2 XL,6400000000.0,9.806179973983888,Human,Expression,129,2.110589710299249,1.74,0.24054924828259971,Medium,True,0.046
KCNE1_HUMAN_Muhammad_2023_function,KCNE1_HUMAN,Progen2 XL,6400000000.0,9.806179973983888,Human,Activity,129,2.110589710299249,1.74,0.24054924828259971,Medium,True,0.575
KCNH2_HUMAN_Kozek_2020,KCNH2_HUMAN,Progen2 XL,6400000000.0,9.806179973983888,Human,Activity,1159,3.064083435963596,6.29,0.798650645445269,Medium,True,0.481
KCNJ2_MOUSE_Coyote-Maestas_2022_function,KCNJ2_MOUSE,Progen2 XL,6400000000.0,9.806179973983888,Eukaryote,Activity,428,2.6314437690131722,5.28,0.7226339225338123,Medium,True,0.224
KCNJ2_MOUSE_Coyote-Maestas_2022_surface,KCNJ2_MOUSE,Progen2 XL,6400000000.0,9.806179973983888,Eukaryote,Expression,428,2.6314437690131722,5.28,0.7226339225338123,Medium,True,0.251
KKA2_KLEPN_Melnikov_2014,KKA2_KLEPN,Progen2 XL,6400000000.0,9.806179973983888,Prokaryote,OrganismalFitness,264,2.4216039268698313,298.65,2.475162519083091,High,True,0.638
LGK_LIPST_Klesmith_2015,LGK_LIPST,Progen2 XL,6400000000.0,9.806179973983888,Eukaryote,Activity,439,2.6424645202421213,18.83,1.2748503200166648,Medium,True,0.552
LYAM1_HUMAN_Elazar_2016,LYAM1_HUMAN,Progen2 XL,6400000000.0,9.806179973983888,Human,Expression,372,2.5705429398818973,1.09,0.037426497940623665,Medium,True,0.339
MAFG_MOUSE_Tsuboyama_2023_1K1V,MAFG_MOUSE,Progen2 XL,6400000000.0,9.806179973983888,Eukaryote,Stability,41,1.6127838567197355,3.89,0.5899496013257077,Medium,True,0.49
MBD11_ARATH_Tsuboyama_2023_6ACV,MBD11_ARATH,Progen2 XL,6400000000.0,9.806179973983888,Eukaryote,Stability,66,1.8195439355418688,24.91,1.3963737275365065,Medium,True,0.714
MET_HUMAN_Estevam_2023,MET_HUMAN,Progen2 XL,6400000000.0,9.806179973983888,Human,Activity,287,2.4578818967339924,17.78,1.249931756634195,Medium,True,0.454
MK01_HUMAN_Brenan_2016,MK01_HUMAN,Progen2 XL,6400000000.0,9.806179973983888,Human,OrganismalFitness,360,2.5563025007672873,25.98,1.4146391467370092,Medium,True,-0.067
MLAC_ECOLI_MacRae_2023,MLAC_ECOLI,Progen2 XL,6400000000.0,9.806179973983888,Prokaryote,OrganismalFitness,211,2.3242824552976926,37.67,1.5759956202032677,Medium,True,0.424
MSH2_HUMAN_Jia_2020,MSH2_HUMAN,Progen2 XL,6400000000.0,9.806179973983888,Human,OrganismalFitness,934,2.9703468762300935,11.71,1.0685568950723632,Medium,True,0.301
MTH3_HAEAE_RockahShmuel_2015,MTH3_HAEAE,Progen2 XL,6400000000.0,9.806179973983888,Prokaryote,OrganismalFitness,330,2.5185139398778875,82.51,1.9165065871151556,Medium,True,0.727
MTHR_HUMAN_Weile_2021,MTHR_HUMAN,Progen2 XL,6400000000.0,9.806179973983888,Human,OrganismalFitness,656,2.8169038393756605,0.99,-0.004364805402450088,Low,True,0.295
MYO3_YEAST_Tsuboyama_2023_2BTT,MYO3_YEAST,Progen2 XL,6400000000.0,9.806179973983888,Eukaryote,Stability,61,1.7853298350107671,208.4,2.3188977146274867,High,True,0.336
NCAP_I34A1_Doud_2015,NCAP_I34A1,Progen2 XL,6400000000.0,9.806179973983888,Virus,OrganismalFitness,498,2.6972293427597176,2.15,0.33243845991560533,Medium,True,0.352
NKX31_HUMAN_Tsuboyama_2023_2L9R,NKX31_HUMAN,Progen2 XL,6400000000.0,9.806179973983888,Human,Stability,61,1.7853298350107671,147.96,2.1701443226433565,High,True,0.577
NPC1_HUMAN_Erwood_2022_HEK293T,NPC1_HUMAN,Progen2 XL,6400000000.0,9.806179973983888,Human,Activity,1278,3.1065308538223815,0.67,-0.17392519729917355,Low,True,0.495
NPC1_HUMAN_Erwood_2022_RPE1,NPC1_HUMAN,Progen2 XL,6400000000.0,9.806179973983888,Human,Activity,1278,3.1065308538223815,0.67,-0.17392519729917355,Low,True,0.531
NRAM_I33A0_Jiang_2016,NRAM_I33A0,Progen2 XL,6400000000.0,9.806179973983888,Virus,OrganismalFitness,453,2.656098202012832,15.93,1.2022157758011316,Medium,True,0.654
NUD15_HUMAN_Suiter_2020,NUD15_HUMAN,Progen2 XL,6400000000.0,9.806179973983888,Human,Expression,164,2.214843848047698,281.51,2.4494938267812603,High,True,0.542
NUSA_ECOLI_Tsuboyama_2023_1WCL,NUSA_ECOLI,Progen2 XL,6400000000.0,9.806179973983888,Prokaryote,Stability,69,1.8388490907372552,598.86,2.777325305972129,High,True,0.572
NUSG_MYCTU_Tsuboyama_2023_2MI6,NUSG_MYCTU,Progen2 XL,6400000000.0,9.806179973983888,Prokaryote,Stability,55,1.7403626894942439,320.33,2.5055976137320095,High,True,0.378
OBSCN_HUMAN_Tsuboyama_2023_1V1C,OBSCN_HUMAN,Progen2 XL,6400000000.0,9.806179973983888,Human,Stability,65,1.8129133566428555,378.54,2.578111777789627,High,True,0.604
ODP2_GEOSE_Tsuboyama_2023_1W4G,ODP2_GEOSE,Progen2 XL,6400000000.0,9.806179973983888,Prokaryote,Stability,44,1.6434526764861874,397.86,2.5997302782956524,High,True,0.233
OPSD_HUMAN_Wan_2019,OPSD_HUMAN,Progen2 XL,6400000000.0,9.806179973983888,Human,Expression,348,2.5415792439465807,107.19,2.0301542709221025,High,True,0.57
OTC_HUMAN_Lo_2023,OTC_HUMAN,Progen2 XL,6400000000.0,9.806179973983888,Human,Activity,354,2.5490032620257876,53.97,1.7321524180652137,Medium,True,0.574
OTU7A_HUMAN_Tsuboyama_2023_2L2D,OTU7A_HUMAN,Progen2 XL,6400000000.0,9.806179973983888,Human,Stability,42,1.6232492903979006,12395.25,4.0932552904846835,High,True,0.148
OXDA_RHOTO_Vanella_2023_activity,OXDA_RHOTO,Progen2 XL,6400000000.0,9.806179973983888,Eukaryote,Activity,364,2.561101383649056,271.28,2.43341777677003,High,True,0.407
OXDA_RHOTO_Vanella_2023_expression,OXDA_RHOTO,Progen2 XL,6400000000.0,9.806179973983888,Eukaryote,Expression,364,2.561101383649056,271.28,2.43341777677003,High,True,0.31
P53_HUMAN_Giacomelli_2018_Null_Etoposide,P53_HUMAN,Progen2 XL,6400000000.0,9.806179973983888,Human,OrganismalFitness,393,2.5943925503754266,0.39,-0.4089353929735008,Low,True,0.368
P53_HUMAN_Giacomelli_2018_Null_Nutlin,P53_HUMAN,Progen2 XL,6400000000.0,9.806179973983888,Human,OrganismalFitness,393,2.5943925503754266,0.39,-0.4089353929735008,Low,True,0.329
P53_HUMAN_Giacomelli_2018_WT_Nutlin,P53_HUMAN,Progen2 XL,6400000000.0,9.806179973983888,Human,OrganismalFitness,393,2.5943925503754266,0.39,-0.4089353929735008,Low,True,0.285
P53_HUMAN_Kotler_2018,P53_HUMAN,Progen2 XL,6400000000.0,9.806179973983888,Human,OrganismalFitness,393,2.5943925503754266,0.37,-0.431798275933005,Low,True,0.493
P84126_THETH_Chan_2017,P84126_THETH,Progen2 XL,6400000000.0,9.806179973983888,Prokaryote,OrganismalFitness,254,2.404833716619938,41.7,1.6201360549737576,Medium,True,0.653
PA_I34A1_Wu_2015,PA_I34A1,Progen2 XL,6400000000.0,9.806179973983888,Virus,OrganismalFitness,716,2.8549130223078554,1.75,0.24303804868629444,Medium,True,0.438
PABP_YEAST_Melamed_2013,PABP_YEAST,Progen2 XL,6400000000.0,9.806179973983888,Eukaryote,OrganismalFitness,577,2.7611758131557314,1.42,0.15228834438305647,Medium,True,0.666
PAI1_HUMAN_Huttinger_2021,PAI1_HUMAN,Progen2 XL,6400000000.0,9.806179973983888,Human,Activity,402,2.60422605308447,30.34,1.4820155764507117,Medium,True,0.33
PHOT_CHLRE_Chen_2023,PHOT_CHLRE,Progen2 XL,6400000000.0,9.806179973983888,Eukaryote,Activity,118,2.0718820073061255,5215.65,3.717308440053486,High,True,0.602
PIN1_HUMAN_Tsuboyama_2023_1I6C,PIN1_HUMAN,Progen2 XL,6400000000.0,9.806179973983888,Human,Stability,39,1.591064607026499,287.66,2.458879476116883,High,True,0.658
PITX2_HUMAN_Tsuboyama_2023_2L7M,PITX2_HUMAN,Progen2 XL,6400000000.0,9.806179973983888,Human,Stability,52,1.7160033436347992,191.76,2.2827580210255976,High,True,0.468
PKN1_HUMAN_Tsuboyama_2023_1URF,PKN1_HUMAN,Progen2 XL,6400000000.0,9.806179973983888,Human,Stability,71,1.8512583487190752,772.42,2.8878535102875573,High,True,0.295
POLG_CXB3N_Mattenberger_2021,POLG_CXB3N,Progen2 XL,6400000000.0,9.806179973983888,Virus,OrganismalFitness,2185,3.3394514413064407,1.79,0.2528530309798932,Medium,True,0.393
POLG_DEN26_Suphatrakul_2023,POLG_DEN26,Progen2 XL,6400000000.0,9.806179973983888,Virus,OrganismalFitness,900,2.9542425094393248,0.55,-0.2596373105057561,Low,True,0.461
POLG_HCVJF_Qi_2014,POLG_HCVJF,Progen2 XL,6400000000.0,9.806179973983888,Virus,OrganismalFitness,3033,3.4818724103106633,41.97,1.62293896921149,Medium,True,0.517
POLG_PESV_Tsuboyama_2023_2MXD,POLG_PESV,Progen2 XL,6400000000.0,9.806179973983888,Virus,Stability,53,1.724275869600789,262.74,2.419526195575769,High,True,0.17
PPARG_HUMAN_Majithia_2016,PPARG_HUMAN,Progen2 XL,6400000000.0,9.806179973983888,Human,Activity,505,2.7032913781186614,6.24,0.795184589682424,Medium,True,0.299
PPM1D_HUMAN_Miller_2022,PPM1D_HUMAN,Progen2 XL,6400000000.0,9.806179973983888,Human,OrganismalFitness,605,2.781755374652469,0.56,-0.25181197299379954,Low,True,0.419
PR40A_HUMAN_Tsuboyama_2023_1UZC,PR40A_HUMAN,Progen2 XL,6400000000.0,9.806179973983888,Human,Stability,63,1.7993405494535817,56.72,1.7537362221750101,Medium,True,0.744
PRKN_HUMAN_Clausen_2023,PRKN_HUMAN,Progen2 XL,6400000000.0,9.806179973983888,Human,Expression,465,2.667452952889954,0.37,-0.431798275933005,Low,True,0.52
PSAE_PICP2_Tsuboyama_2023_1PSE,PSAE_PICP2,Progen2 XL,6400000000.0,9.806179973983888,Prokaryote,Stability,68,1.8325089127062364,1.85,0.26717172840301384,Medium,True,0.529
PTEN_HUMAN_Matreyek_2021,PTEN_HUMAN,Progen2 XL,6400000000.0,9.806179973983888,Human,Expression,403,2.6053050461411096,3.72,0.5705429398818975,Medium,True,0.294
PTEN_HUMAN_Mighell_2018,PTEN_HUMAN,Progen2 XL,6400000000.0,9.806179973983888,Human,Activity,403,2.6053050461411096,3.72,0.5705429398818975,Medium,True,0.228
Q2N0S5_9HIV1_Haddox_2018,Q2N0S5_9HIV1,Progen2 XL,6400000000.0,9.806179973983888,Virus,OrganismalFitness,860,2.934498451243568,42.86,1.6320521667058099,Medium,True,0.354
Q53Z42_HUMAN_McShan_2019_binding-TAPBPR,Q53Z42_HUMAN,Progen2 XL,6400000000.0,9.806179973983888,Human,Binding,365,2.5622928644564746,13.24,1.1218879851036812,Medium,True,0.299
Q53Z42_HUMAN_McShan_2019_expression,Q53Z42_HUMAN,Progen2 XL,6400000000.0,9.806179973983888,Human,Expression,365,2.5622928644564746,13.24,1.1218879851036812,Medium,True,0.534
Q59976_STRSQ_Romero_2015,Q59976_STRSQ,Progen2 XL,6400000000.0,9.806179973983888,Prokaryote,Activity,501,2.699837725867246,27.97,1.4466924663715273,Medium,True,0.68
Q6WV12_9MAXI_Somermeyer_2022,Q6WV12_9MAXI,Progen2 XL,6400000000.0,9.806179973983888,Eukaryote,Activity,222,2.346352974450639,0.44,-0.3565473235138126,Low,True,-0.013
Q837P4_ENTFA_Meier_2023,Q837P4_ENTFA,Progen2 XL,6400000000.0,9.806179973983888,Prokaryote,Activity,589,2.7701152947871015,90.8,1.958085848521085,Medium,True,0.521
Q837P5_ENTFA_Meier_2023,Q837P5_ENTFA,Progen2 XL,6400000000.0,9.806179973983888,Prokaryote,Activity,571,2.756636108245848,95.02,1.9778150260831866,Medium,True,0.455
Q8WTC7_9CNID_Somermeyer_2022,Q8WTC7_9CNID,Progen2 XL,6400000000.0,9.806179973983888,Eukaryote,Activity,238,2.376576957056512,0.51,-0.2924298239020636,Low,True,0.267
R1AB_SARS2_Flynn_2022,R1AB_SARS2,Progen2 XL,6400000000.0,9.806179973983888,Virus,OrganismalFitness,306,2.48572142648158,1.14,0.05690485133647256,Medium,True,0.224
RAD_ANTMA_Tsuboyama_2023_2CJJ,RAD_ANTMA,Progen2 XL,6400000000.0,9.806179973983888,Eukaryote,Stability,54,1.7323937598229686,777.81,2.8908735224022113,High,True,0.417
RAF1_HUMAN_Zinkus-Boltz_2019,RAF1_HUMAN,Progen2 XL,6400000000.0,9.806179973983888,Human,OrganismalFitness,648,2.8115750058705933,0.59,-0.22914798835785583,Low,True,0.359
RASH_HUMAN_Bandaru_2017,RASH_HUMAN,Progen2 XL,6400000000.0,9.806179973983888,Human,Activity,189,2.2764618041732443,125.77,2.0995770609167086,High,True,0.305
RASK_HUMAN_Weng_2022_abundance,RASK_HUMAN,Progen2 XL,6400000000.0,9.806179973983888,Human,Expression,188,2.27415784926368,146.37,2.1654520728319286,High,True,0.47
RASK_HUMAN_Weng_2022_binding-DARPin_K55,RASK_HUMAN,Progen2 XL,6400000000.0,9.806179973983888,Human,Binding,188,2.27415784926368,146.37,2.1654520728319286,High,True,0.358
RBP1_HUMAN_Tsuboyama_2023_2KWH,RBP1_HUMAN,Progen2 XL,6400000000.0,9.806179973983888,Human,Stability,52,1.7160033436347992,976.49,2.9896678001409684,High,True,0.202
RCD1_ARATH_Tsuboyama_2023_5OAO,RCD1_ARATH,Progen2 XL,6400000000.0,9.806179973983888,Eukaryote,Stability,57,1.7558748556724915,28.23,1.4507108781469193,Medium,True,0.465
RCRO_LAMBD_Tsuboyama_2023_1ORC,RCRO_LAMBD,Progen2 XL,6400000000.0,9.806179973983888,Virus,Stability,63,1.7993405494535817,803.73,2.905110179092208,High,True,0.577
RD23A_HUMAN_Tsuboyama_2023_1IFY,RD23A_HUMAN,Progen2 XL,6400000000.0,9.806179973983888,Human,Stability,44,1.6434526764861874,182.36,2.260929583529925,High,True,0.494
RDRP_I33A0_Li_2023,RDRP_I33A0,Progen2 XL,6400000000.0,9.806179973983888,Virus,OrganismalFitness,757,2.8790958795000727,1.52,0.18184358794477254,Medium,True,0.413
REV_HV1H2_Fernandes_2016,REV_HV1H2,Progen2 XL,6400000000.0,9.806179973983888,Virus,OrganismalFitness,116,2.0644579892269186,104.82,2.0204441553665746,High,True,0.255
RFAH_ECOLI_Tsuboyama_2023_2LCL,RFAH_ECOLI,Progen2 XL,6400000000.0,9.806179973983888,Prokaryote,Stability,55,1.7403626894942439,258.65,2.412712482745101,High,True,0.158
RL20_AQUAE_Tsuboyama_2023_1GYZ,RL20_AQUAE,Progen2 XL,6400000000.0,9.806179973983888,Prokaryote,Stability,59,1.7708520116421442,1816.95,3.2593429762772845,High,True,0.622
RL40A_YEAST_Mavor_2016,RL40A_YEAST,Progen2 XL,6400000000.0,9.806179973983888,Eukaryote,OrganismalFitness,128,2.1072099696478683,30.52,1.4845845292828428,Medium,True,0.4
RL40A_YEAST_Roscoe_2013,RL40A_YEAST,Progen2 XL,6400000000.0,9.806179973983888,Eukaryote,OrganismalFitness,128,2.1072099696478683,30.52,1.4845845292828428,Medium,True,0.46
RL40A_YEAST_Roscoe_2014,RL40A_YEAST,Progen2 XL,6400000000.0,9.806179973983888,Eukaryote,Activity,128,2.1072099696478683,30.52,1.4845845292828428,Medium,True,0.325
RNC_ECOLI_Weeks_2023,RNC_ECOLI,Progen2 XL,6400000000.0,9.806179973983888,Prokaryote,Activity,226,2.3541084391474008,70.7,1.8494194137968993,Medium,True,0.571
RPC1_BP434_Tsuboyama_2023_1R69,RPC1_BP434,Progen2 XL,6400000000.0,9.806179973983888,Virus,Stability,61,1.7853298350107671,9091.45,3.958633154594723,High,True,0.66
RPC1_LAMBD_Li_2019_high-expression,RPC1_LAMBD,Progen2 XL,6400000000.0,9.806179973983888,Virus,Activity,237,2.374748346010104,121.45,2.0843975191411492,High,True,0.467
RPC1_LAMBD_Li_2019_low-expression,RPC1_LAMBD,Progen2 XL,6400000000.0,9.806179973983888,Virus,Activity,237,2.374748346010104,121.45,2.0843975191411492,High,True,0.562
RS15_GEOSE_Tsuboyama_2023_1A32,RS15_GEOSE,Progen2 XL,6400000000.0,9.806179973983888,Prokaryote,Stability,63,1.7993405494535817,68.91,1.8382822499146885,Medium,True,0.367
S22A1_HUMAN_Yee_2023_abundance,S22A1_HUMAN,Progen2 XL,6400000000.0,9.806179973983888,Human,Expression,553,2.7427251313046983,62.71,1.7973368007753499,Medium,True,0.557
S22A1_HUMAN_Yee_2023_activity,S22A1_HUMAN,Progen2 XL,6400000000.0,9.806179973983888,Human,Activity,553,2.7427251313046983,62.71,1.7973368007753499,Medium,True,0.533
SAV1_MOUSE_Tsuboyama_2023_2YSB,SAV1_MOUSE,Progen2 XL,6400000000.0,9.806179973983888,Eukaryote,Stability,43,1.6334684555795864,105.1,2.021602716028242,High,True,0.482
SBI_STAAM_Tsuboyama_2023_2JVG,SBI_STAAM,Progen2 XL,6400000000.0,9.806179973983888,Prokaryote,Stability,56,1.7481880270062005,27.03,1.4318460456987254,Medium,True,0.339
SC6A4_HUMAN_Young_2021,SC6A4_HUMAN,Progen2 XL,6400000000.0,9.806179973983888,Human,Activity,630,2.7993405494535817,8.81,0.9449759084120479,Medium,True,0.511
SCIN_STAAR_Tsuboyama_2023_2QFF,SCIN_STAAR,Progen2 XL,6400000000.0,9.806179973983888,Prokaryote,Stability,70,1.845098040014257,163.66,2.213942546840078,High,True,0.215
SCN5A_HUMAN_Glazer_2019,SCN5A_HUMAN,Progen2 XL,6400000000.0,9.806179973983888,Human,OrganismalFitness,2016,3.3044905277734875,26.58,1.4245549766067132,Medium,True,0.167
SDA_BACSU_Tsuboyama_2023_1PV0,SDA_BACSU,Progen2 XL,6400000000.0,9.806179973983888,Prokaryote,Stability,44,1.6434526764861874,20.05,1.3021143769562011,Medium,True,0.214
SERC_HUMAN_Xie_2023,SERC_HUMAN,Progen2 XL,6400000000.0,9.806179973983888,Human,OrganismalFitness,370,2.568201724066995,117.4,2.0696680969115957,High,True,0.504
SHOC2_HUMAN_Kwon_2022,SHOC2_HUMAN,Progen2 XL,6400000000.0,9.806179973983888,Human,OrganismalFitness,582,2.7649229846498886,15.55,1.1917303933628562,Medium,True,0.358
SOX30_HUMAN_Tsuboyama_2023_7JJK,SOX30_HUMAN,Progen2 XL,6400000000.0,9.806179973983888,Human,Stability,57,1.7558748556724915,262.24,2.418698936226424,High,True,0.189
SPA_STAAU_Tsuboyama_2023_1LP1,SPA_STAAU,Progen2 XL,6400000000.0,9.806179973983888,Prokaryote,Stability,55,1.7403626894942439,37.48,1.5737995822157407,Medium,True,0.428
SPG1_STRSG_Olson_2014,SPG1_STRSG,Progen2 XL,6400000000.0,9.806179973983888,Prokaryote,Binding,448,2.651278013998144,0.0,-2.0,Low,True,0.354
SPG1_STRSG_Wu_2016,SPG1_STRSG,Progen2 XL,6400000000.0,9.806179973983888,Prokaryote,Binding,448,2.651278013998144,1.34,0.12710479836480765,Medium,True,-0.031
SPG2_STRSG_Tsuboyama_2023_5UBS,SPG2_STRSG,Progen2 XL,6400000000.0,9.806179973983888,Prokaryote,Stability,56,1.7481880270062005,56.55,1.7524326092614742,Medium,True,0.501
SPIKE_SARS2_Starr_2020_binding,SPIKE_SARS2,Progen2 XL,6400000000.0,9.806179973983888,Virus,Binding,1273,3.1048284036536553,1.06,0.02530586526477026,Medium,True,0.319
SPIKE_SARS2_Starr_2020_expression,SPIKE_SARS2,Progen2 XL,6400000000.0,9.806179973983888,Virus,Expression,1273,3.1048284036536553,1.06,0.02530586526477026,Medium,True,0.328
SPTN1_CHICK_Tsuboyama_2023_1TUD,SPTN1_CHICK,Progen2 XL,6400000000.0,9.806179973983888,Eukaryote,Stability,60,1.7781512503836436,285.61,2.455773409227347,High,True,0.601
SQSTM_MOUSE_Tsuboyama_2023_2RRU,SQSTM_MOUSE,Progen2 XL,6400000000.0,9.806179973983888,Eukaryote,Stability,40,1.6020599913279623,84.27,1.9256729939212405,Medium,True,0.538
SR43C_ARATH_Tsuboyama_2023_2N88,SR43C_ARATH,Progen2 XL,6400000000.0,9.806179973983888,Eukaryote,Stability,48,1.6812412373755872,253.55,2.404063614883892,High,True,0.61
SRBS1_HUMAN_Tsuboyama_2023_2O2W,SRBS1_HUMAN,Progen2 XL,6400000000.0,9.806179973983888,Human,Stability,67,1.8260748027008264,363.68,2.5607194183808955,High,True,0.607
SRC_HUMAN_Ahler_2019,SRC_HUMAN,Progen2 XL,6400000000.0,9.806179973983888,Human,Activity,536,2.72916478969277,2.75,0.43933269383026263,Medium,True,0.33
SRC_HUMAN_Chakraborty_2023_binding-DAS_25uM,SRC_HUMAN,Progen2 XL,6400000000.0,9.806179973983888,Human,Activity,536,2.72916478969277,3.38,0.5289167002776547,Medium,True,0.257
SRC_HUMAN_Nguyen_2022,SRC_HUMAN,Progen2 XL,6400000000.0,9.806179973983888,Human,OrganismalFitness,536,2.72916478969277,3.38,0.5289167002776547,Medium,True,0.269
SUMO1_HUMAN_Weile_2017,SUMO1_HUMAN,Progen2 XL,6400000000.0,9.806179973983888,Human,OrganismalFitness,101,2.0043213737826426,140.9,2.1489109931093564,High,True,0.333
SYUA_HUMAN_Newberry_2020,SYUA_HUMAN,Progen2 XL,6400000000.0,9.806179973983888,Human,OrganismalFitness,140,2.146128035678238,47.17,1.673665876245702,Medium,True,0.136
TADBP_HUMAN_Bolognesi_2019,TADBP_HUMAN,Progen2 XL,6400000000.0,9.806179973983888,Human,OrganismalFitness,414,2.617000341120899,0.33,-0.4814860601221125,Low,True,-0.014
TAT_HV1BR_Fernandes_2016,TAT_HV1BR,Progen2 XL,6400000000.0,9.806179973983888,Virus,OrganismalFitness,86,1.9344984512435677,115.56,2.062807533172159,High,True,0.223
TCRG1_MOUSE_Tsuboyama_2023_1E0L,TCRG1_MOUSE,Progen2 XL,6400000000.0,9.806179973983888,Eukaryote,Stability,37,1.568201724066995,79.56,1.9006947744523979,Medium,True,0.597
THO1_YEAST_Tsuboyama_2023_2WQG,THO1_YEAST,Progen2 XL,6400000000.0,9.806179973983888,Eukaryote,Stability,41,1.6127838567197355,206.87,2.3156975144495764,High,True,0.534
TNKS2_HUMAN_Tsuboyama_2023_5JRT,TNKS2_HUMAN,Progen2 XL,6400000000.0,9.806179973983888,Human,Stability,59,1.7708520116421442,195.89,2.2920122662363456,High,True,0.436
TPK1_HUMAN_Weile_2017,TPK1_HUMAN,Progen2 XL,6400000000.0,9.806179973983888,Human,OrganismalFitness,243,2.385606273598312,29.93,1.4761067168401913,Medium,True,0.306
TPMT_HUMAN_Matreyek_2018,TPMT_HUMAN,Progen2 XL,6400000000.0,9.806179973983888,Human,Expression,245,2.3891660843645326,26.71,1.426673888021373,Medium,True,0.424
TPOR_HUMAN_Bridgford_2020,TPOR_HUMAN,Progen2 XL,6400000000.0,9.806179973983888,Human,OrganismalFitness,635,2.8027737252919755,0.19,-0.721246399047171,Low,True,0.34
TRPC_SACS2_Chan_2017,TRPC_SACS2,Progen2 XL,6400000000.0,9.806179973983888,Prokaryote,OrganismalFitness,248,2.3944516808262164,41.98,1.6230424342463816,Medium,True,0.524
TRPC_THEMA_Chan_2017,TRPC_THEMA,Progen2 XL,6400000000.0,9.806179973983888,Prokaryote,OrganismalFitness,252,2.401400540781544,41.51,1.6181527333785195,Medium,True,0.478
UBC9_HUMAN_Weile_2017,UBC9_HUMAN,Progen2 XL,6400000000.0,9.806179973983888,Human,OrganismalFitness,159,2.2013971243204513,55.33,1.7429606702141525,Medium,True,0.442
UBE4B_HUMAN_Tsuboyama_2023_3L1X,UBE4B_HUMAN,Progen2 XL,6400000000.0,9.806179973983888,Human,Stability,69,1.8388490907372552,506.27,2.704382193196689,High,True,0.355
UBE4B_MOUSE_Starita_2013,UBE4B_MOUSE,Progen2 XL,6400000000.0,9.806179973983888,Eukaryote,Activity,1173,3.0692980121155293,0.64,-0.1938200260161128,Low,True,0.289
UBR5_HUMAN_Tsuboyama_2023_1I2T,UBR5_HUMAN,Progen2 XL,6400000000.0,9.806179973983888,Human,Stability,58,1.7634279935629373,17.55,1.2442771208018428,Medium,True,0.492
VG08_BPP22_Tsuboyama_2023_2GP8,VG08_BPP22,Progen2 XL,6400000000.0,9.806179973983888,Virus,Stability,40,1.6020599913279623,1177.87,3.0710973605715015,High,True,0.516
VILI_CHICK_Tsuboyama_2023_1YU5,VILI_CHICK,Progen2 XL,6400000000.0,9.806179973983888,Eukaryote,Stability,65,1.8129133566428555,761.62,2.8817383400187397,High,True,0.579
VKOR1_HUMAN_Chiasson_2020_abundance,VKOR1_HUMAN,Progen2 XL,6400000000.0,9.806179973983888,Human,Expression,163,2.2121876044039577,29.05,1.4631461367263496,Medium,True,0.442
VKOR1_HUMAN_Chiasson_2020_activity,VKOR1_HUMAN,Progen2 XL,6400000000.0,9.806179973983888,Human,Activity,163,2.2121876044039577,29.05,1.4631461367263496,Medium,True,0.385
VRPI_BPT7_Tsuboyama_2023_2WNM,VRPI_BPT7,Progen2 XL,6400000000.0,9.806179973983888,Virus,Stability,56,1.7481880270062005,81.19,1.9095025414054154,Medium,True,0.291
YAIA_ECOLI_Tsuboyama_2023_2KVT,YAIA_ECOLI,Progen2 XL,6400000000.0,9.806179973983888,Prokaryote,Stability,52,1.7160033436347992,16.25,1.2108533653148932,Medium,True,0.52
YAP1_HUMAN_Araya_2012,YAP1_HUMAN,Progen2 XL,6400000000.0,9.806179973983888,Human,Binding,504,2.7024305364455254,0.26,-0.585026652029182,Low,True,0.15
YNZC_BACSU_Tsuboyama_2023_2JVD,YNZC_BACSU,Progen2 XL,6400000000.0,9.806179973983888,Prokaryote,Stability,39,1.591064607026499,40.99,1.6126779183165019,Medium,True,0.643
