assay,UniProt_ID,model,params,log_params,taxon,selection_type,seq_len,log_seq_len,MSA_Neff_L,log_msa_depth,MSA_Neff_L_category,upper_segment,rho
A0A140D2T1_ZIKV_Sourisseau_2019,A0A140D2T1_ZIKV,Progen3 112m,112000000.0,8.049218022670182,Virus,OrganismalFitness,3423,3.534406899137877,1.63,0.21218760440395779,Medium,False,0.032
A0A192B1T2_9HIV1_Haddox_2018,A0A192B1T2_9HIV1,Progen3 112m,112000000.0,8.049218022670182,Virus,OrganismalFitness,852,2.9304395947667,42.81,1.6315452278343094,Medium,False,0.409
A0A1I9GEU1_NEIME_Kennouche_2019,A0A1I9GEU1_NEIME,Progen3 112m,112000000.0,8.049218022670182,Prokaryote,Activity,161,2.2068258760318495,14.07,1.1482940974347458,Medium,False,-0.019
A0A247D711_LISMN_Stadelmann_2021,A0A247D711_LISMN,Progen3 112m,112000000.0,8.049218022670182,Prokaryote,Activity,87,1.9395192526186185,0.1,-1.0,Low,False,0.047
A0A2Z5U3Z0_9INFA_Doud_2016,A0A2Z5U3Z0_9INFA,Progen3 112m,112000000.0,8.049218022670182,Virus,OrganismalFitness,565,2.7520484478194387,16.01,1.2043913319192998,Medium,False,0.441
A0A2Z5U3Z0_9INFA_Wu_2014,A0A2Z5U3Z0_9INFA,Progen3 112m,112000000.0,8.049218022670182,Virus,OrganismalFitness,565,2.7520484478194387,16.01,1.2043913319192998,Medium,False,0.425
A4_HUMAN_Seuma_2022,A4_HUMAN,Progen3 112m,112000000.0,8.049218022670182,Human,Stability,770,2.886490725172482,0.08,-1.0969100130080565,Low,False,0.345
A4D664_9INFA_Soh_2019,A4D664_9INFA,Progen3 112m,112000000.0,8.049218022670182,Virus,OrganismalFitness,759,2.88024177589548,1.7,0.2304489213782739,Medium,False,0.337
A4GRB6_PSEAI_Chen_2020,A4GRB6_PSEAI,Progen3 112m,112000000.0,8.049218022670182,Prokaryote,OrganismalFitness,266,2.424881636631067,120.61,2.081383317462285,High,False,0.447
AACC1_PSEAI_Dandage_2018,AACC1_PSEAI,Progen3 112m,112000000.0,8.049218022670182,Prokaryote,OrganismalFitness,177,2.247973266361807,985.3,2.9935684827897275,High,False,0.247
ACE2_HUMAN_Chan_2020,ACE2_HUMAN,Progen3 112m,112000000.0,8.049218022670182,Human,Binding,805,2.9057958803678687,1.97,0.2944662261615929,Medium,False,0.072
ADRB2_HUMAN_Jones_2020,ADRB2_HUMAN,Progen3 112m,112000000.0,8.049218022670182,Human,Activity,413,2.615950051656401,67.99,1.832445041174111,Medium,False,0.452
AICDA_HUMAN_Gajula_2014_3cycles,AICDA_HUMAN,Progen3 112m,112000000.0,8.049218022670182,Human,Activity,198,2.296665190261531,18.4,1.2648178230095364,Medium,False,-0.242
AMFR_HUMAN_Tsuboyama_2023_4G3O,AMFR_HUMAN,Progen3 112m,112000000.0,8.049218022670182,Human,Stability,47,1.6720978579357175,26.51,1.4234097277330935,Medium,False,-0.257
AMIE_PSEAE_Wrenbeck_2017,AMIE_PSEAE,Progen3 112m,112000000.0,8.049218022670182,Prokaryote,Activity,346,2.5390760987927767,89.1,1.9498777040368747,Medium,False,0.607
ANCSZ_Hobbs_2022,ANCSZ,Progen3 112m,112000000.0,8.049218022670182,Eukaryote,Activity,627,2.7972675408307164,1.79,0.2528530309798932,Medium,False,0.412
ARGR_ECOLI_Tsuboyama_2023_1AOY,ARGR_ECOLI,Progen3 112m,112000000.0,8.049218022670182,Prokaryote,Stability,69,1.8388490907372552,54.24,1.734319680859007,Medium,False,0.371
B2L11_HUMAN_Dutta_2010_binding-Mcl-1,B2L11_HUMAN,Progen3 112m,112000000.0,8.049218022670182,Human,Binding,198,2.296665190261531,0.45,-0.3467874862246563,Low,False,0.44
BBC1_YEAST_Tsuboyama_2023_1TG0,BBC1_YEAST,Progen3 112m,112000000.0,8.049218022670182,Eukaryote,Stability,64,1.806179973983887,271.76,2.4341855338619713,High,False,0.325
BCHB_CHLTE_Tsuboyama_2023_2KRU,BCHB_CHLTE,Progen3 112m,112000000.0,8.049218022670182,Prokaryote,Stability,52,1.7160033436347992,51.95,1.7155855518931962,Medium,False,0.246
BLAT_ECOLX_Deng_2012,BLAT_ECOLX,Progen3 112m,112000000.0,8.049218022670182,Prokaryote,OrganismalFitness,286,2.456366033129043,177.98,2.2503712024344784,High,False,0.354
BLAT_ECOLX_Firnberg_2014,BLAT_ECOLX,Progen3 112m,112000000.0,8.049218022670182,Prokaryote,OrganismalFitness,286,2.456366033129043,177.98,2.2503712024344784,High,False,0.514
BLAT_ECOLX_Jacquier_2013,BLAT_ECOLX,Progen3 112m,112000000.0,8.049218022670182,Prokaryote,OrganismalFitness,286,2.456366033129043,177.98,2.2503712024344784,High,False,0.519
BLAT_ECOLX_Stiffler_2015,BLAT_ECOLX,Progen3 112m,112000000.0,8.049218022670182,Prokaryote,OrganismalFitness,286,2.456366033129043,177.98,2.2503712024344784,High,False,0.503
BRCA1_HUMAN_Findlay_2018,BRCA1_HUMAN,Progen3 112m,112000000.0,8.049218022670182,Human,OrganismalFitness,1863,3.2702128548962426,0.05,-1.3010299956639813,Low,False,0.145
BRCA2_HUMAN_Erwood_2022_HEK293T,BRCA2_HUMAN,Progen3 112m,112000000.0,8.049218022670182,Human,OrganismalFitness,3418,3.533772058384718,0.02,-1.6989700043360187,Low,False,0.023
C6KNH7_9INFA_Lee_2018,C6KNH7_9INFA,Progen3 112m,112000000.0,8.049218022670182,Virus,OrganismalFitness,566,2.7528164311882715,16.0,1.2041199826559248,Medium,False,0.374
CALM1_HUMAN_Weile_2017,CALM1_HUMAN,Progen3 112m,112000000.0,8.049218022670182,Human,OrganismalFitness,149,2.173186268412274,190.77,2.280510079703276,High,False,0.201
CAPSD_AAV2S_Sinai_2021,CAPSD_AAV2S,Progen3 112m,112000000.0,8.049218022670182,Virus,OrganismalFitness,735,2.8662873390841948,0.26,-0.585026652029182,Low,False,0.197
CAR11_HUMAN_Meitlis_2020_gof,CAR11_HUMAN,Progen3 112m,112000000.0,8.049218022670182,Human,OrganismalFitness,1154,3.0622058088197126,0.04,-1.3979400086720375,Low,False,0.097
CAR11_HUMAN_Meitlis_2020_lof,CAR11_HUMAN,Progen3 112m,112000000.0,8.049218022670182,Human,OrganismalFitness,1154,3.0622058088197126,0.04,-1.3979400086720375,Low,False,0.048
CAS9_STRP1_Spencer_2017_positive,CAS9_STRP1,Progen3 112m,112000000.0,8.049218022670182,Prokaryote,Activity,1368,3.1360860973840974,1.14,0.05690485133647256,Medium,False,0.116
CASP3_HUMAN_Roychowdhury_2020,CASP3_HUMAN,Progen3 112m,112000000.0,8.049218022670182,Human,Activity,258,2.41161970596323,111.55,2.0474695746198566,High,False,0.209
CASP7_HUMAN_Roychowdhury_2020,CASP7_HUMAN,Progen3 112m,112000000.0,8.049218022670182,Human,Activity,281,2.44870631990508,80.66,1.9066582176715998,Medium,False,0.206
CATR_CHLRE_Tsuboyama_2023_2AMI,CATR_CHLRE,Progen3 112m,112000000.0,8.049218022670182,Eukaryote,Stability,72,1.8573324964312685,1107.51,3.044347656272274,High,False,0.663
CBPA2_HUMAN_Tsuboyama_2023_1O6X,CBPA2_HUMAN,Progen3 112m,112000000.0,8.049218022670182,Human,Stability,72,1.8573324964312685,43.64,1.6398847419163043,Medium,False,0.37
CBS_HUMAN_Sun_2020,CBS_HUMAN,Progen3 112m,112000000.0,8.049218022670182,Human,OrganismalFitness,551,2.741151598851785,3.5,0.5440680443502757,Medium,False,0.353
CBX4_HUMAN_Tsuboyama_2023_2K28,CBX4_HUMAN,Progen3 112m,112000000.0,8.049218022670182,Human,Stability,50,1.6989700043360187,269.65,2.430800424624181,High,False,-0.289
CCDB_ECOLI_Adkar_2012,CCDB_ECOLI,Progen3 112m,112000000.0,8.049218022670182,Prokaryote,Activity,101,2.0043213737826426,168.82,2.227423895933663,High,False,-0.05
CCDB_ECOLI_Tripathi_2016,CCDB_ECOLI,Progen3 112m,112000000.0,8.049218022670182,Prokaryote,OrganismalFitness,101,2.0043213737826426,168.82,2.227423895933663,High,False,-0.019
CCR5_HUMAN_Gill_2023,CCR5_HUMAN,Progen3 112m,112000000.0,8.049218022670182,Human,Binding,352,2.546542663478131,182.74,2.261833620575751,High,False,0.348
CD19_HUMAN_Klesmith_2019_FMC_singles,CD19_HUMAN,Progen3 112m,112000000.0,8.049218022670182,Human,Binding,556,2.7450747915820575,0.5,-0.3010299956639812,Low,False,0.039
CP2C9_HUMAN_Amorosi_2021_abundance,CP2C9_HUMAN,Progen3 112m,112000000.0,8.049218022670182,Human,Expression,490,2.690196080028514,165.48,2.2187455122234745,High,False,0.533
CP2C9_HUMAN_Amorosi_2021_activity,CP2C9_HUMAN,Progen3 112m,112000000.0,8.049218022670182,Human,Binding,490,2.690196080028514,165.48,2.2187455122234745,High,False,0.558
CSN4_MOUSE_Tsuboyama_2023_1UFM,CSN4_MOUSE,Progen3 112m,112000000.0,8.049218022670182,Eukaryote,Stability,72,1.8573324964312685,48.23,1.6833172619218826,Medium,False,0.448
CUE1_YEAST_Tsuboyama_2023_2MYX,CUE1_YEAST,Progen3 112m,112000000.0,8.049218022670182,Eukaryote,Stability,52,1.7160033436347992,7.64,0.8830933585756899,Medium,False,0.142
D7PM05_CLYGR_Somermeyer_2022,D7PM05_CLYGR,Progen3 112m,112000000.0,8.049218022670182,Eukaryote,Activity,235,2.3710678622717363,0.6,-0.2218487496163564,Low,False,0.034
DLG4_HUMAN_Faure_2021,DLG4_HUMAN,Progen3 112m,112000000.0,8.049218022670182,Human,OrganismalFitness,724,2.859738566197147,0.46,-0.3372421683184259,Low,False,0.67
DLG4_RAT_McLaughlin_2012,DLG4_RAT,Progen3 112m,112000000.0,8.049218022670182,Eukaryote,Binding,724,2.859738566197147,0.36,-0.44369749923271273,Low,False,0.383
DN7A_SACS2_Tsuboyama_2023_1JIC,DN7A_SACS2,Progen3 112m,112000000.0,8.049218022670182,Prokaryote,Stability,55,1.7403626894942439,24.82,1.394801777162711,Medium,False,0.023
DNJA1_HUMAN_Tsuboyama_2023_2LO1,DNJA1_HUMAN,Progen3 112m,112000000.0,8.049218022670182,Human,Stability,65,1.8129133566428555,547.68,2.7385268817938018,High,False,0.725
DOCK1_MOUSE_Tsuboyama_2023_2M0Y,DOCK1_MOUSE,Progen3 112m,112000000.0,8.049218022670182,Eukaryote,Stability,66,1.8195439355418688,368.28,2.5661781344794474,High,False,0.21
DYR_ECOLI_Nguyen_2023,DYR_ECOLI,Progen3 112m,112000000.0,8.049218022670182,Prokaryote,OrganismalFitness,159,2.2013971243204513,337.1,2.527758752520972,High,False,0.477
DYR_ECOLI_Thompson_2019,DYR_ECOLI,Progen3 112m,112000000.0,8.049218022670182,Prokaryote,OrganismalFitness,159,2.2013971243204513,77.51,1.8893577368889316,Medium,False,0.368
ENV_HV1B9_DuenasDecamp_2016,ENV_HV1B9,Progen3 112m,112000000.0,8.049218022670182,Virus,OrganismalFitness,853,2.930949031167523,47.92,1.680516809381255,Medium,False,0.229
ENV_HV1BR_Haddox_2016,ENV_HV1BR,Progen3 112m,112000000.0,8.049218022670182,Virus,OrganismalFitness,861,2.935003151453655,43.39,1.637389650129212,Medium,False,0.303
ENVZ_ECOLI_Ghose_2023,ENVZ_ECOLI,Progen3 112m,112000000.0,8.049218022670182,Prokaryote,Activity,60,1.7781512503836436,4595.33,3.6623167044126537,High,False,0.133
EPHB2_HUMAN_Tsuboyama_2023_1F0M,EPHB2_HUMAN,Progen3 112m,112000000.0,8.049218022670182,Human,Stability,66,1.8195439355418688,126.33,2.1015064961399275,High,False,-0.054
ERBB2_HUMAN_Elazar_2016,ERBB2_HUMAN,Progen3 112m,112000000.0,8.049218022670182,Human,Expression,1255,3.098643725817057,0.32,-0.494850021680094,Low,False,0.501
ESTA_BACSU_Nutschel_2020,ESTA_BACSU,Progen3 112m,112000000.0,8.049218022670182,Prokaryote,Stability,212,2.326335860928751,313.28,2.495932670123044,High,False,0.253
F7YBW8_MESOW_Ding_2023,F7YBW8_MESOW,Progen3 112m,112000000.0,8.049218022670182,Prokaryote,OrganismalFitness,93,1.968482948553935,176.23,2.2460798412237666,High,False,0.513
F7YBW8_MESOW_Aakre_2015,F7YBW8_MESOW,Progen3 112m,112000000.0,8.049218022670182,Prokaryote,OrganismalFitness,93,1.968482948553935,176.23,2.2460798412237666,High,False,-0.082
FECA_ECOLI_Tsuboyama_2023_2D1U,FECA_ECOLI,Progen3 112m,112000000.0,8.049218022670182,Prokaryote,Stability,72,1.8573324964312685,141.6,2.15106325335375,High,False,0.064
FKBP3_HUMAN_Tsuboyama_2023_2KFV,FKBP3_HUMAN,Progen3 112m,112000000.0,8.049218022670182,Human,Stability,69,1.8388490907372552,1.85,0.26717172840301384,Medium,False,0.121
GAL4_YEAST_Kitzman_2015,GAL4_YEAST,Progen3 112m,112000000.0,8.049218022670182,Eukaryote,OrganismalFitness,881,2.9449759084120477,10.02,1.000867721531227,Medium,False,0.257
GCN4_YEAST_Staller_2018,GCN4_YEAST,Progen3 112m,112000000.0,8.049218022670182,Eukaryote,Binding,281,2.44870631990508,0.66,-0.1804560644581313,Low,False,0.193
GDIA_HUMAN_Silverstein_2021,GDIA_HUMAN,Progen3 112m,112000000.0,8.049218022670182,Human,OrganismalFitness,447,2.6503075231319366,0.8,-0.09691001300805639,Low,False,0.265
GFP_AEQVI_Sarkisyan_2016,GFP_AEQVI,Progen3 112m,112000000.0,8.049218022670182,Eukaryote,Activity,238,2.376576957056512,0.06,-1.2218487496163564,Low,False,0.091
GLPA_HUMAN_Elazar_2016,GLPA_HUMAN,Progen3 112m,112000000.0,8.049218022670182,Human,Expression,150,2.1760912590556813,0.51,-0.2924298239020636,Low,False,0.342
GRB2_HUMAN_Faure_2021,GRB2_HUMAN,Progen3 112m,112000000.0,8.049218022670182,Human,OrganismalFitness,217,2.3364597338485296,6.78,0.8312296938670634,Medium,False,0.449
HCP_LAMBD_Tsuboyama_2023_2L6Q,HCP_LAMBD,Progen3 112m,112000000.0,8.049218022670182,Virus,Stability,55,1.7403626894942439,30.76,1.4879863311293935,Medium,False,0.373
HECD1_HUMAN_Tsuboyama_2023_3DKM,HECD1_HUMAN,Progen3 112m,112000000.0,8.049218022670182,Human,Stability,72,1.8573324964312685,17.22,1.236033147117636,Medium,False,0.184
HEM3_HUMAN_Loggerenberg_2023,HEM3_HUMAN,Progen3 112m,112000000.0,8.049218022670182,Human,Activity,361,2.5575072019056577,32.84,1.5164031484474032,Medium,False,0.374
HIS7_YEAST_Pokusaeva_2019,HIS7_YEAST,Progen3 112m,112000000.0,8.049218022670182,Eukaryote,OrganismalFitness,220,2.342422680822206,23.97,1.3796680340336538,Medium,False,0.442
HMDH_HUMAN_Jiang_2019,HMDH_HUMAN,Progen3 112m,112000000.0,8.049218022670182,Human,OrganismalFitness,888,2.948412965778601,0.58,-0.23657200643706275,Low,False,0.428
HSP82_YEAST_Cote-Hammarlof_2020_growth-H2O2,HSP82_YEAST,Progen3 112m,112000000.0,8.049218022670182,Eukaryote,OrganismalFitness,709,2.8506462351830666,6.47,0.8109042806687004,Medium,False,0.307
HSP82_YEAST_Flynn_2019,HSP82_YEAST,Progen3 112m,112000000.0,8.049218022670182,Eukaryote,OrganismalFitness,709,2.8506462351830666,5.45,0.7363965022766424,Medium,False,0.381
HSP82_YEAST_Mishra_2016,HSP82_YEAST,Progen3 112m,112000000.0,8.049218022670182,Eukaryote,OrganismalFitness,709,2.8506462351830666,5.45,0.7363965022766424,Medium,False,0.522
HXK4_HUMAN_Gersing_2022_activity,HXK4_HUMAN,Progen3 112m,112000000.0,8.049218022670182,Human,OrganismalFitness,465,2.667452952889954,4.99,0.69810054562339,Medium,False,0.368
HXK4_HUMAN_Gersing_2023_abundance,HXK4_HUMAN,Progen3 112m,112000000.0,8.049218022670182,Human,Expression,465,2.667452952889954,5.38,0.7307822756663892,Medium,False,0.153
I6TAH8_I68A0_Doud_2015,I6TAH8_I68A0,Progen3 112m,112000000.0,8.049218022670182,Virus,OrganismalFitness,498,2.6972293427597176,2.15,0.33243845991560533,Medium,False,0.319
IF1_ECOLI_Kelsic_2016,IF1_ECOLI,Progen3 112m,112000000.0,8.049218022670182,Prokaryote,OrganismalFitness,72,1.8573324964312685,536.24,2.72935920638567,High,False,0.513
ILF3_HUMAN_Tsuboyama_2023_2L33,ILF3_HUMAN,Progen3 112m,112000000.0,8.049218022670182,Human,Stability,71,1.8512583487190752,309.51,2.490674685261338,High,False,0.18
ISDH_STAAW_Tsuboyama_2023_2LHR,ISDH_STAAW,Progen3 112m,112000000.0,8.049218022670182,Prokaryote,Stability,55,1.7403626894942439,713.67,2.8534974410356244,High,False,0.346
KCNE1_HUMAN_Muhammad_2023_expression,KCNE1_HUMAN,Progen3 112m,112000000.0,8.049218022670182,Human,Expression,129,2.110589710299249,1.74,0.24054924828259971,Medium,False,0.159
KCNE1_HUMAN_Muhammad_2023_function,KCNE1_HUMAN,Progen3 112m,112000000.0,8.049218022670182,Human,Activity,129,2.110589710299249,1.74,0.24054924828259971,Medium,False,0.251
KCNH2_HUMAN_Kozek_2020,KCNH2_HUMAN,Progen3 112m,112000000.0,8.049218022670182,Human,Activity,1159,3.064083435963596,6.29,0.798650645445269,Medium,False,0.504
KCNJ2_MOUSE_Coyote-Maestas_2022_function,KCNJ2_MOUSE,Progen3 112m,112000000.0,8.049218022670182,Eukaryote,Activity,428,2.6314437690131722,5.28,0.7226339225338123,Medium,False,0.259
KCNJ2_MOUSE_Coyote-Maestas_2022_surface,KCNJ2_MOUSE,Progen3 112m,112000000.0,8.049218022670182,Eukaryote,Expression,428,2.6314437690131722,5.28,0.7226339225338123,Medium,False,0.27
KKA2_KLEPN_Melnikov_2014,KKA2_KLEPN,Progen3 112m,112000000.0,8.049218022670182,Prokaryote,OrganismalFitness,264,2.4216039268698313,298.65,2.475162519083091,High,False,0.33
LGK_LIPST_Klesmith_2015,LGK_LIPST,Progen3 112m,112000000.0,8.049218022670182,Eukaryote,Activity,439,2.6424645202421213,18.83,1.2748503200166648,Medium,False,0.326
LYAM1_HUMAN_Elazar_2016,LYAM1_HUMAN,Progen3 112m,112000000.0,8.049218022670182,Human,Expression,372,2.5705429398818973,1.09,0.037426497940623665,Medium,False,0.302
MAFG_MOUSE_Tsuboyama_2023_1K1V,MAFG_MOUSE,Progen3 112m,112000000.0,8.049218022670182,Eukaryote,Stability,41,1.6127838567197355,3.89,0.5899496013257077,Medium,False,0.284
MBD11_ARATH_Tsuboyama_2023_6ACV,MBD11_ARATH,Progen3 112m,112000000.0,8.049218022670182,Eukaryote,Stability,66,1.8195439355418688,24.91,1.3963737275365065,Medium,False,-0.081
MET_HUMAN_Estevam_2023,MET_HUMAN,Progen3 112m,112000000.0,8.049218022670182,Human,Activity,287,2.4578818967339924,17.78,1.249931756634195,Medium,False,0.449
MK01_HUMAN_Brenan_2016,MK01_HUMAN,Progen3 112m,112000000.0,8.049218022670182,Human,OrganismalFitness,360,2.5563025007672873,25.98,1.4146391467370092,Medium,False,0.218
MLAC_ECOLI_MacRae_2023,MLAC_ECOLI,Progen3 112m,112000000.0,8.049218022670182,Prokaryote,OrganismalFitness,211,2.3242824552976926,37.67,1.5759956202032677,Medium,False,0.35
MSH2_HUMAN_Jia_2020,MSH2_HUMAN,Progen3 112m,112000000.0,8.049218022670182,Human,OrganismalFitness,934,2.9703468762300935,11.71,1.0685568950723632,Medium,False,0.285
MTH3_HAEAE_RockahShmuel_2015,MTH3_HAEAE,Progen3 112m,112000000.0,8.049218022670182,Prokaryote,OrganismalFitness,330,2.5185139398778875,82.51,1.9165065871151556,Medium,False,0.595
MTHR_HUMAN_Weile_2021,MTHR_HUMAN,Progen3 112m,112000000.0,8.049218022670182,Human,OrganismalFitness,656,2.8169038393756605,0.99,-0.004364805402450088,Low,False,0.435
MYO3_YEAST_Tsuboyama_2023_2BTT,MYO3_YEAST,Progen3 112m,112000000.0,8.049218022670182,Eukaryote,Stability,61,1.7853298350107671,208.4,2.3188977146274867,High,False,0.178
NCAP_I34A1_Doud_2015,NCAP_I34A1,Progen3 112m,112000000.0,8.049218022670182,Virus,OrganismalFitness,498,2.6972293427597176,2.15,0.33243845991560533,Medium,False,0.314
NKX31_HUMAN_Tsuboyama_2023_2L9R,NKX31_HUMAN,Progen3 112m,112000000.0,8.049218022670182,Human,Stability,61,1.7853298350107671,147.96,2.1701443226433565,High,False,0.537
NPC1_HUMAN_Erwood_2022_HEK293T,NPC1_HUMAN,Progen3 112m,112000000.0,8.049218022670182,Human,Activity,1278,3.1065308538223815,0.67,-0.17392519729917355,Low,False,0.205
NPC1_HUMAN_Erwood_2022_RPE1,NPC1_HUMAN,Progen3 112m,112000000.0,8.049218022670182,Human,Activity,1278,3.1065308538223815,0.67,-0.17392519729917355,Low,False,0.207
NRAM_I33A0_Jiang_2016,NRAM_I33A0,Progen3 112m,112000000.0,8.049218022670182,Virus,OrganismalFitness,453,2.656098202012832,15.93,1.2022157758011316,Medium,False,0.587
NUD15_HUMAN_Suiter_2020,NUD15_HUMAN,Progen3 112m,112000000.0,8.049218022670182,Human,Expression,164,2.214843848047698,281.51,2.4494938267812603,High,False,0.407
NUSA_ECOLI_Tsuboyama_2023_1WCL,NUSA_ECOLI,Progen3 112m,112000000.0,8.049218022670182,Prokaryote,Stability,69,1.8388490907372552,598.86,2.777325305972129,High,False,0.395
NUSG_MYCTU_Tsuboyama_2023_2MI6,NUSG_MYCTU,Progen3 112m,112000000.0,8.049218022670182,Prokaryote,Stability,55,1.7403626894942439,320.33,2.5055976137320095,High,False,0.33
OBSCN_HUMAN_Tsuboyama_2023_1V1C,OBSCN_HUMAN,Progen3 112m,112000000.0,8.049218022670182,Human,Stability,65,1.8129133566428555,378.54,2.578111777789627,High,False,0.473
ODP2_GEOSE_Tsuboyama_2023_1W4G,ODP2_GEOSE,Progen3 112m,112000000.0,8.049218022670182,Prokaryote,Stability,44,1.6434526764861874,397.86,2.5997302782956524,High,False,-0.094
OPSD_HUMAN_Wan_2019,OPSD_HUMAN,Progen3 112m,112000000.0,8.049218022670182,Human,Expression,348,2.5415792439465807,107.19,2.0301542709221025,High,False,0.426
OTC_HUMAN_Lo_2023,OTC_HUMAN,Progen3 112m,112000000.0,8.049218022670182,Human,Activity,354,2.5490032620257876,53.97,1.7321524180652137,Medium,False,0.468
OTU7A_HUMAN_Tsuboyama_2023_2L2D,OTU7A_HUMAN,Progen3 112m,112000000.0,8.049218022670182,Human,Stability,42,1.6232492903979006,12395.25,4.0932552904846835,High,False,0.248
OXDA_RHOTO_Vanella_2023_activity,OXDA_RHOTO,Progen3 112m,112000000.0,8.049218022670182,Eukaryote,Activity,364,2.561101383649056,271.28,2.43341777677003,High,False,0.16
OXDA_RHOTO_Vanella_2023_expression,OXDA_RHOTO,Progen3 112m,112000000.0,8.049218022670182,Eukaryote,Expression,364,2.561101383649056,271.28,2.43341777677003,High,False,0.19
P53_HUMAN_Giacomelli_2018_Null_Etoposide,P53_HUMAN,Progen3 112m,112000000.0,8.049218022670182,Human,OrganismalFitness,393,2.5943925503754266,0.39,-0.4089353929735008,Low,False,-0.114
P53_HUMAN_Giacomelli_2018_Null_Nutlin,P53_HUMAN,Progen3 112m,112000000.0,8.049218022670182,Human,OrganismalFitness,393,2.5943925503754266,0.39,-0.4089353929735008,Low,False,-0.126
P53_HUMAN_Giacomelli_2018_WT_Nutlin,P53_HUMAN,Progen3 112m,112000000.0,8.049218022670182,Human,OrganismalFitness,393,2.5943925503754266,0.39,-0.4089353929735008,Low,False,-0.147
P53_HUMAN_Kotler_2018,P53_HUMAN,Progen3 112m,112000000.0,8.049218022670182,Human,OrganismalFitness,393,2.5943925503754266,0.37,-0.431798275933005,Low,False,0.099
P84126_THETH_Chan_2017,P84126_THETH,Progen3 112m,112000000.0,8.049218022670182,Prokaryote,OrganismalFitness,254,2.404833716619938,41.7,1.6201360549737576,Medium,False,0.465
PA_I34A1_Wu_2015,PA_I34A1,Progen3 112m,112000000.0,8.049218022670182,Virus,OrganismalFitness,716,2.8549130223078554,1.75,0.24303804868629444,Medium,False,0.417
PABP_YEAST_Melamed_2013,PABP_YEAST,Progen3 112m,112000000.0,8.049218022670182,Eukaryote,OrganismalFitness,577,2.7611758131557314,1.42,0.15228834438305647,Medium,False,0.641
PAI1_HUMAN_Huttinger_2021,PAI1_HUMAN,Progen3 112m,112000000.0,8.049218022670182,Human,Activity,402,2.60422605308447,30.34,1.4820155764507117,Medium,False,0.317
PHOT_CHLRE_Chen_2023,PHOT_CHLRE,Progen3 112m,112000000.0,8.049218022670182,Eukaryote,Activity,118,2.0718820073061255,5215.65,3.717308440053486,High,False,0.531
PIN1_HUMAN_Tsuboyama_2023_1I6C,PIN1_HUMAN,Progen3 112m,112000000.0,8.049218022670182,Human,Stability,39,1.591064607026499,287.66,2.458879476116883,High,False,0.034
PITX2_HUMAN_Tsuboyama_2023_2L7M,PITX2_HUMAN,Progen3 112m,112000000.0,8.049218022670182,Human,Stability,52,1.7160033436347992,191.76,2.2827580210255976,High,False,0.443
PKN1_HUMAN_Tsuboyama_2023_1URF,PKN1_HUMAN,Progen3 112m,112000000.0,8.049218022670182,Human,Stability,71,1.8512583487190752,772.42,2.8878535102875573,High,False,0.233
POLG_CXB3N_Mattenberger_2021,POLG_CXB3N,Progen3 112m,112000000.0,8.049218022670182,Virus,OrganismalFitness,2185,3.3394514413064407,1.79,0.2528530309798932,Medium,False,-0.035
POLG_DEN26_Suphatrakul_2023,POLG_DEN26,Progen3 112m,112000000.0,8.049218022670182,Virus,OrganismalFitness,900,2.9542425094393248,0.55,-0.2596373105057561,Low,False,0.357
POLG_HCVJF_Qi_2014,POLG_HCVJF,Progen3 112m,112000000.0,8.049218022670182,Virus,OrganismalFitness,3033,3.4818724103106633,41.97,1.62293896921149,Medium,False,0.126
POLG_PESV_Tsuboyama_2023_2MXD,POLG_PESV,Progen3 112m,112000000.0,8.049218022670182,Virus,Stability,53,1.724275869600789,262.74,2.419526195575769,High,False,0.195
PPARG_HUMAN_Majithia_2016,PPARG_HUMAN,Progen3 112m,112000000.0,8.049218022670182,Human,Activity,505,2.7032913781186614,6.24,0.795184589682424,Medium,False,0.374
PPM1D_HUMAN_Miller_2022,PPM1D_HUMAN,Progen3 112m,112000000.0,8.049218022670182,Human,OrganismalFitness,605,2.781755374652469,0.56,-0.25181197299379954,Low,False,0.338
PR40A_HUMAN_Tsuboyama_2023_1UZC,PR40A_HUMAN,Progen3 112m,112000000.0,8.049218022670182,Human,Stability,63,1.7993405494535817,56.72,1.7537362221750101,Medium,False,0.339
PRKN_HUMAN_Clausen_2023,PRKN_HUMAN,Progen3 112m,112000000.0,8.049218022670182,Human,Expression,465,2.667452952889954,0.37,-0.431798275933005,Low,False,0.183
PSAE_PICP2_Tsuboyama_2023_1PSE,PSAE_PICP2,Progen3 112m,112000000.0,8.049218022670182,Prokaryote,Stability,68,1.8325089127062364,1.85,0.26717172840301384,Medium,False,0.441
PTEN_HUMAN_Matreyek_2021,PTEN_HUMAN,Progen3 112m,112000000.0,8.049218022670182,Human,Expression,403,2.6053050461411096,3.72,0.5705429398818975,Medium,False,0.19
PTEN_HUMAN_Mighell_2018,PTEN_HUMAN,Progen3 112m,112000000.0,8.049218022670182,Human,Activity,403,2.6053050461411096,3.72,0.5705429398818975,Medium,False,0.254
Q2N0S5_9HIV1_Haddox_2018,Q2N0S5_9HIV1,Progen3 112m,112000000.0,8.049218022670182,Virus,OrganismalFitness,860,2.934498451243568,42.86,1.6320521667058099,Medium,False,0.439
Q53Z42_HUMAN_McShan_2019_binding-TAPBPR,Q53Z42_HUMAN,Progen3 112m,112000000.0,8.049218022670182,Human,Binding,365,2.5622928644564746,13.24,1.1218879851036812,Medium,False,0.153
Q53Z42_HUMAN_McShan_2019_expression,Q53Z42_HUMAN,Progen3 112m,112000000.0,8.049218022670182,Human,Expression,365,2.5622928644564746,13.24,1.1218879851036812,Medium,False,0.147
Q59976_STRSQ_Romero_2015,Q59976_STRSQ,Progen3 112m,112000000.0,8.049218022670182,Prokaryote,Activity,501,2.699837725867246,27.97,1.4466924663715273,Medium,False,0.589
Q6WV12_9MAXI_Somermeyer_2022,Q6WV12_9MAXI,Progen3 112m,112000000.0,8.049218022670182,Eukaryote,Activity,222,2.346352974450639,0.44,-0.3565473235138126,Low,False,-0.014
Q837P4_ENTFA_Meier_2023,Q837P4_ENTFA,Progen3 112m,112000000.0,8.049218022670182,Prokaryote,Activity,589,2.7701152947871015,90.8,1.958085848521085,Medium,False,0.541
Q837P5_ENTFA_Meier_2023,Q837P5_ENTFA,Progen3 112m,112000000.0,8.049218022670182,Prokaryote,Activity,571,2.756636108245848,95.02,1.9778150260831866,Medium,False,0.421
Q8WTC7_9CNID_Somermeyer_2022,Q8WTC7_9CNID,Progen3 112m,112000000.0,8.049218022670182,Eukaryote,Activity,238,2.376576957056512,0.51,-0.2924298239020636,Low,False,-0.018
R1AB_SARS2_Flynn_2022,R1AB_SARS2,Progen3 112m,112000000.0,8.049218022670182,Virus,OrganismalFitness,306,2.48572142648158,1.14,0.05690485133647256,Medium,False,0.031
RAD_ANTMA_Tsuboyama_2023_2CJJ,RAD_ANTMA,Progen3 112m,112000000.0,8.049218022670182,Eukaryote,Stability,54,1.7323937598229686,777.81,2.8908735224022113,High,False,0.374
RAF1_HUMAN_Zinkus-Boltz_2019,RAF1_HUMAN,Progen3 112m,112000000.0,8.049218022670182,Human,OrganismalFitness,648,2.8115750058705933,0.59,-0.22914798835785583,Low,False,0.057
RASH_HUMAN_Bandaru_2017,RASH_HUMAN,Progen3 112m,112000000.0,8.049218022670182,Human,Activity,189,2.2764618041732443,125.77,2.0995770609167086,High,False,0.429
RASK_HUMAN_Weng_2022_abundance,RASK_HUMAN,Progen3 112m,112000000.0,8.049218022670182,Human,Expression,188,2.27415784926368,146.37,2.1654520728319286,High,False,0.189
RASK_HUMAN_Weng_2022_binding-DARPin_K55,RASK_HUMAN,Progen3 112m,112000000.0,8.049218022670182,Human,Binding,188,2.27415784926368,146.37,2.1654520728319286,High,False,0.573
RBP1_HUMAN_Tsuboyama_2023_2KWH,RBP1_HUMAN,Progen3 112m,112000000.0,8.049218022670182,Human,Stability,52,1.7160033436347992,976.49,2.9896678001409684,High,False,0.315
RCD1_ARATH_Tsuboyama_2023_5OAO,RCD1_ARATH,Progen3 112m,112000000.0,8.049218022670182,Eukaryote,Stability,57,1.7558748556724915,28.23,1.4507108781469193,Medium,False,0.302
RCRO_LAMBD_Tsuboyama_2023_1ORC,RCRO_LAMBD,Progen3 112m,112000000.0,8.049218022670182,Virus,Stability,63,1.7993405494535817,803.73,2.905110179092208,High,False,0.169
RD23A_HUMAN_Tsuboyama_2023_1IFY,RD23A_HUMAN,Progen3 112m,112000000.0,8.049218022670182,Human,Stability,44,1.6434526764861874,182.36,2.260929583529925,High,False,0.133
RDRP_I33A0_Li_2023,RDRP_I33A0,Progen3 112m,112000000.0,8.049218022670182,Virus,OrganismalFitness,757,2.8790958795000727,1.52,0.18184358794477254,Medium,False,0.34
REV_HV1H2_Fernandes_2016,REV_HV1H2,Progen3 112m,112000000.0,8.049218022670182,Virus,OrganismalFitness,116,2.0644579892269186,104.82,2.0204441553665746,High,False,0.05
RFAH_ECOLI_Tsuboyama_2023_2LCL,RFAH_ECOLI,Progen3 112m,112000000.0,8.049218022670182,Prokaryote,Stability,55,1.7403626894942439,258.65,2.412712482745101,High,False,-0.016
RL20_AQUAE_Tsuboyama_2023_1GYZ,RL20_AQUAE,Progen3 112m,112000000.0,8.049218022670182,Prokaryote,Stability,59,1.7708520116421442,1816.95,3.2593429762772845,High,False,0.463
RL40A_YEAST_Mavor_2016,RL40A_YEAST,Progen3 112m,112000000.0,8.049218022670182,Eukaryote,OrganismalFitness,128,2.1072099696478683,30.52,1.4845845292828428,Medium,False,0.313
RL40A_YEAST_Roscoe_2013,RL40A_YEAST,Progen3 112m,112000000.0,8.049218022670182,Eukaryote,OrganismalFitness,128,2.1072099696478683,30.52,1.4845845292828428,Medium,False,0.36
RL40A_YEAST_Roscoe_2014,RL40A_YEAST,Progen3 112m,112000000.0,8.049218022670182,Eukaryote,Activity,128,2.1072099696478683,30.52,1.4845845292828428,Medium,False,0.34
RNC_ECOLI_Weeks_2023,RNC_ECOLI,Progen3 112m,112000000.0,8.049218022670182,Prokaryote,Activity,226,2.3541084391474008,70.7,1.8494194137968993,Medium,False,0.579
RPC1_BP434_Tsuboyama_2023_1R69,RPC1_BP434,Progen3 112m,112000000.0,8.049218022670182,Virus,Stability,61,1.7853298350107671,9091.45,3.958633154594723,High,False,0.727
RPC1_LAMBD_Li_2019_high-expression,RPC1_LAMBD,Progen3 112m,112000000.0,8.049218022670182,Virus,Activity,237,2.374748346010104,121.45,2.0843975191411492,High,False,0.199
RPC1_LAMBD_Li_2019_low-expression,RPC1_LAMBD,Progen3 112m,112000000.0,8.049218022670182,Virus,Activity,237,2.374748346010104,121.45,2.0843975191411492,High,False,0.262
RS15_GEOSE_Tsuboyama_2023_1A32,RS15_GEOSE,Progen3 112m,112000000.0,8.049218022670182,Prokaryote,Stability,63,1.7993405494535817,68.91,1.8382822499146885,Medium,False,0.325
S22A1_HUMAN_Yee_2023_abundance,S22A1_HUMAN,Progen3 112m,112000000.0,8.049218022670182,Human,Expression,553,2.7427251313046983,62.71,1.7973368007753499,Medium,False,0.381
S22A1_HUMAN_Yee_2023_activity,S22A1_HUMAN,Progen3 112m,112000000.0,8.049218022670182,Human,Activity,553,2.7427251313046983,62.71,1.7973368007753499,Medium,False,0.387
SAV1_MOUSE_Tsuboyama_2023_2YSB,SAV1_MOUSE,Progen3 112m,112000000.0,8.049218022670182,Eukaryote,Stability,43,1.6334684555795864,105.1,2.021602716028242,High,False,0.083
SBI_STAAM_Tsuboyama_2023_2JVG,SBI_STAAM,Progen3 112m,112000000.0,8.049218022670182,Prokaryote,Stability,56,1.7481880270062005,27.03,1.4318460456987254,Medium,False,0.226
SC6A4_HUMAN_Young_2021,SC6A4_HUMAN,Progen3 112m,112000000.0,8.049218022670182,Human,Activity,630,2.7993405494535817,8.81,0.9449759084120479,Medium,False,0.408
SCIN_STAAR_Tsuboyama_2023_2QFF,SCIN_STAAR,Progen3 112m,112000000.0,8.049218022670182,Prokaryote,Stability,70,1.845098040014257,163.66,2.213942546840078,High,False,0.247
SCN5A_HUMAN_Glazer_2019,SCN5A_HUMAN,Progen3 112m,112000000.0,8.049218022670182,Human,OrganismalFitness,2016,3.3044905277734875,26.58,1.4245549766067132,Medium,False,0.069
SDA_BACSU_Tsuboyama_2023_1PV0,SDA_BACSU,Progen3 112m,112000000.0,8.049218022670182,Prokaryote,Stability,44,1.6434526764861874,20.05,1.3021143769562011,Medium,False,0.161
SERC_HUMAN_Xie_2023,SERC_HUMAN,Progen3 112m,112000000.0,8.049218022670182,Human,OrganismalFitness,370,2.568201724066995,117.4,2.0696680969115957,High,False,0.488
SHOC2_HUMAN_Kwon_2022,SHOC2_HUMAN,Progen3 112m,112000000.0,8.049218022670182,Human,OrganismalFitness,582,2.7649229846498886,15.55,1.1917303933628562,Medium,False,0.233
SOX30_HUMAN_Tsuboyama_2023_7JJK,SOX30_HUMAN,Progen3 112m,112000000.0,8.049218022670182,Human,Stability,57,1.7558748556724915,262.24,2.418698936226424,High,False,0.229
SPA_STAAU_Tsuboyama_2023_1LP1,SPA_STAAU,Progen3 112m,112000000.0,8.049218022670182,Prokaryote,Stability,55,1.7403626894942439,37.48,1.5737995822157407,Medium,False,-0.068
SPG1_STRSG_Olson_2014,SPG1_STRSG,Progen3 112m,112000000.0,8.049218022670182,Prokaryote,Binding,448,2.651278013998144,0.0,-2.0,Low,False,0.205
SPG1_STRSG_Wu_2016,SPG1_STRSG,Progen3 112m,112000000.0,8.049218022670182,Prokaryote,Binding,448,2.651278013998144,1.34,0.12710479836480765,Medium,False,-0.028
SPG2_STRSG_Tsuboyama_2023_5UBS,SPG2_STRSG,Progen3 112m,112000000.0,8.049218022670182,Prokaryote,Stability,56,1.7481880270062005,56.55,1.7524326092614742,Medium,False,0.38
SPIKE_SARS2_Starr_2020_binding,SPIKE_SARS2,Progen3 112m,112000000.0,8.049218022670182,Virus,Binding,1273,3.1048284036536553,1.06,0.02530586526477026,Medium,False,0.377
SPIKE_SARS2_Starr_2020_expression,SPIKE_SARS2,Progen3 112m,112000000.0,8.049218022670182,Virus,Expression,1273,3.1048284036536553,1.06,0.02530586526477026,Medium,False,0.42
SPTN1_CHICK_Tsuboyama_2023_1TUD,SPTN1_CHICK,Progen3 112m,112000000.0,8.049218022670182,Eukaryote,Stability,60,1.7781512503836436,285.61,2.455773409227347,High,False,0.302
SQSTM_MOUSE_Tsuboyama_2023_2RRU,SQSTM_MOUSE,Progen3 112m,112000000.0,8.049218022670182,Eukaryote,Stability,40,1.6020599913279623,84.27,1.9256729939212405,Medium,False,0.135
SR43C_ARATH_Tsuboyama_2023_2N88,SR43C_ARATH,Progen3 112m,112000000.0,8.049218022670182,Eukaryote,Stability,48,1.6812412373755872,253.55,2.404063614883892,High,False,-0.241
SRBS1_HUMAN_Tsuboyama_2023_2O2W,SRBS1_HUMAN,Progen3 112m,112000000.0,8.049218022670182,Human,Stability,67,1.8260748027008264,363.68,2.5607194183808955,High,False,0.566
SRC_HUMAN_Ahler_2019,SRC_HUMAN,Progen3 112m,112000000.0,8.049218022670182,Human,Activity,536,2.72916478969277,2.75,0.43933269383026263,Medium,False,0.487
SRC_HUMAN_Chakraborty_2023_binding-DAS_25uM,SRC_HUMAN,Progen3 112m,112000000.0,8.049218022670182,Human,Activity,536,2.72916478969277,3.38,0.5289167002776547,Medium,False,0.416
SRC_HUMAN_Nguyen_2022,SRC_HUMAN,Progen3 112m,112000000.0,8.049218022670182,Human,OrganismalFitness,536,2.72916478969277,3.38,0.5289167002776547,Medium,False,0.41
SUMO1_HUMAN_Weile_2017,SUMO1_HUMAN,Progen3 112m,112000000.0,8.049218022670182,Human,OrganismalFitness,101,2.0043213737826426,140.9,2.1489109931093564,High,False,0.165
SYUA_HUMAN_Newberry_2020,SYUA_HUMAN,Progen3 112m,112000000.0,8.049218022670182,Human,OrganismalFitness,140,2.146128035678238,47.17,1.673665876245702,Medium,False,0.08
TADBP_HUMAN_Bolognesi_2019,TADBP_HUMAN,Progen3 112m,112000000.0,8.049218022670182,Human,OrganismalFitness,414,2.617000341120899,0.33,-0.4814860601221125,Low,False,0.214
TAT_HV1BR_Fernandes_2016,TAT_HV1BR,Progen3 112m,112000000.0,8.049218022670182,Virus,OrganismalFitness,86,1.9344984512435677,115.56,2.062807533172159,High,False,0.462
TCRG1_MOUSE_Tsuboyama_2023_1E0L,TCRG1_MOUSE,Progen3 112m,112000000.0,8.049218022670182,Eukaryote,Stability,37,1.568201724066995,79.56,1.9006947744523979,Medium,False,0.282
THO1_YEAST_Tsuboyama_2023_2WQG,THO1_YEAST,Progen3 112m,112000000.0,8.049218022670182,Eukaryote,Stability,41,1.6127838567197355,206.87,2.3156975144495764,High,False,0.312
TNKS2_HUMAN_Tsuboyama_2023_5JRT,TNKS2_HUMAN,Progen3 112m,112000000.0,8.049218022670182,Human,Stability,59,1.7708520116421442,195.89,2.2920122662363456,High,False,-0.209
TPK1_HUMAN_Weile_2017,TPK1_HUMAN,Progen3 112m,112000000.0,8.049218022670182,Human,OrganismalFitness,243,2.385606273598312,29.93,1.4761067168401913,Medium,False,0.11
TPMT_HUMAN_Matreyek_2018,TPMT_HUMAN,Progen3 112m,112000000.0,8.049218022670182,Human,Expression,245,2.3891660843645326,26.71,1.426673888021373,Medium,False,0.372
TPOR_HUMAN_Bridgford_2020,TPOR_HUMAN,Progen3 112m,112000000.0,8.049218022670182,Human,OrganismalFitness,635,2.8027737252919755,0.19,-0.721246399047171,Low,False,0.266
TRPC_SACS2_Chan_2017,TRPC_SACS2,Progen3 112m,112000000.0,8.049218022670182,Prokaryote,OrganismalFitness,248,2.3944516808262164,41.98,1.6230424342463816,Medium,False,0.529
TRPC_THEMA_Chan_2017,TRPC_THEMA,Progen3 112m,112000000.0,8.049218022670182,Prokaryote,OrganismalFitness,252,2.401400540781544,41.51,1.6181527333785195,Medium,False,0.423
UBC9_HUMAN_Weile_2017,UBC9_HUMAN,Progen3 112m,112000000.0,8.049218022670182,Human,OrganismalFitness,159,2.2013971243204513,55.33,1.7429606702141525,Medium,False,0.208
UBE4B_HUMAN_Tsuboyama_2023_3L1X,UBE4B_HUMAN,Progen3 112m,112000000.0,8.049218022670182,Human,Stability,69,1.8388490907372552,506.27,2.704382193196689,High,False,-0.066
UBE4B_MOUSE_Starita_2013,UBE4B_MOUSE,Progen3 112m,112000000.0,8.049218022670182,Eukaryote,Activity,1173,3.0692980121155293,0.64,-0.1938200260161128,Low,False,0.08
UBR5_HUMAN_Tsuboyama_2023_1I2T,UBR5_HUMAN,Progen3 112m,112000000.0,8.049218022670182,Human,Stability,58,1.7634279935629373,17.55,1.2442771208018428,Medium,False,0.205
VG08_BPP22_Tsuboyama_2023_2GP8,VG08_BPP22,Progen3 112m,112000000.0,8.049218022670182,Virus,Stability,40,1.6020599913279623,1177.87,3.0710973605715015,High,False,0.312
VILI_CHICK_Tsuboyama_2023_1YU5,VILI_CHICK,Progen3 112m,112000000.0,8.049218022670182,Eukaryote,Stability,65,1.8129133566428555,761.62,2.8817383400187397,High,False,0.162
VKOR1_HUMAN_Chiasson_2020_abundance,VKOR1_HUMAN,Progen3 112m,112000000.0,8.049218022670182,Human,Expression,163,2.2121876044039577,29.05,1.4631461367263496,Medium,False,0.271
VKOR1_HUMAN_Chiasson_2020_activity,VKOR1_HUMAN,Progen3 112m,112000000.0,8.049218022670182,Human,Activity,163,2.2121876044039577,29.05,1.4631461367263496,Medium,False,0.035
VRPI_BPT7_Tsuboyama_2023_2WNM,VRPI_BPT7,Progen3 112m,112000000.0,8.049218022670182,Virus,Stability,56,1.7481880270062005,81.19,1.9095025414054154,Medium,False,0.289
YAIA_ECOLI_Tsuboyama_2023_2KVT,YAIA_ECOLI,Progen3 112m,112000000.0,8.049218022670182,Prokaryote,Stability,52,1.7160033436347992,16.25,1.2108533653148932,Medium,False,-0.074
YAP1_HUMAN_Araya_2012,YAP1_HUMAN,Progen3 112m,112000000.0,8.049218022670182,Human,Binding,504,2.7024305364455254,0.26,-0.585026652029182,Low,False,0.384
YNZC_BACSU_Tsuboyama_2023_2JVD,YNZC_BACSU,Progen3 112m,112000000.0,8.049218022670182,Prokaryote,Stability,39,1.591064607026499,40.99,1.6126779183165019,Medium,False,0.603
A0A140D2T1_ZIKV_Sourisseau_2019,A0A140D2T1_ZIKV,Progen3 219m,219000000.0,8.340444114840118,Virus,OrganismalFitness,3423,3.534406899137877,1.63,0.21218760440395779,Medium,False,0.191
A0A192B1T2_9HIV1_Haddox_2018,A0A192B1T2_9HIV1,Progen3 219m,219000000.0,8.340444114840118,Virus,OrganismalFitness,852,2.9304395947667,42.81,1.6315452278343094,Medium,False,0.482
A0A1I9GEU1_NEIME_Kennouche_2019,A0A1I9GEU1_NEIME,Progen3 219m,219000000.0,8.340444114840118,Prokaryote,Activity,161,2.2068258760318495,14.07,1.1482940974347458,Medium,False,0.008
A0A247D711_LISMN_Stadelmann_2021,A0A247D711_LISMN,Progen3 219m,219000000.0,8.340444114840118,Prokaryote,Activity,87,1.9395192526186185,0.1,-1.0,Low,False,0.076
A0A2Z5U3Z0_9INFA_Doud_2016,A0A2Z5U3Z0_9INFA,Progen3 219m,219000000.0,8.340444114840118,Virus,OrganismalFitness,565,2.7520484478194387,16.01,1.2043913319192998,Medium,False,0.466
A0A2Z5U3Z0_9INFA_Wu_2014,A0A2Z5U3Z0_9INFA,Progen3 219m,219000000.0,8.340444114840118,Virus,OrganismalFitness,565,2.7520484478194387,16.01,1.2043913319192998,Medium,False,0.435
A4_HUMAN_Seuma_2022,A4_HUMAN,Progen3 219m,219000000.0,8.340444114840118,Human,Stability,770,2.886490725172482,0.08,-1.0969100130080565,Low,False,0.38
A4D664_9INFA_Soh_2019,A4D664_9INFA,Progen3 219m,219000000.0,8.340444114840118,Virus,OrganismalFitness,759,2.88024177589548,1.7,0.2304489213782739,Medium,False,0.349
A4GRB6_PSEAI_Chen_2020,A4GRB6_PSEAI,Progen3 219m,219000000.0,8.340444114840118,Prokaryote,OrganismalFitness,266,2.424881636631067,120.61,2.081383317462285,High,False,0.52
AACC1_PSEAI_Dandage_2018,AACC1_PSEAI,Progen3 219m,219000000.0,8.340444114840118,Prokaryote,OrganismalFitness,177,2.247973266361807,985.3,2.9935684827897275,High,False,0.34
ACE2_HUMAN_Chan_2020,ACE2_HUMAN,Progen3 219m,219000000.0,8.340444114840118,Human,Binding,805,2.9057958803678687,1.97,0.2944662261615929,Medium,False,0.076
ADRB2_HUMAN_Jones_2020,ADRB2_HUMAN,Progen3 219m,219000000.0,8.340444114840118,Human,Activity,413,2.615950051656401,67.99,1.832445041174111,Medium,False,0.505
AICDA_HUMAN_Gajula_2014_3cycles,AICDA_HUMAN,Progen3 219m,219000000.0,8.340444114840118,Human,Activity,198,2.296665190261531,18.4,1.2648178230095364,Medium,False,-0.224
AMFR_HUMAN_Tsuboyama_2023_4G3O,AMFR_HUMAN,Progen3 219m,219000000.0,8.340444114840118,Human,Stability,47,1.6720978579357175,26.51,1.4234097277330935,Medium,False,-0.164
AMIE_PSEAE_Wrenbeck_2017,AMIE_PSEAE,Progen3 219m,219000000.0,8.340444114840118,Prokaryote,Activity,346,2.5390760987927767,89.1,1.9498777040368747,Medium,False,0.516
ANCSZ_Hobbs_2022,ANCSZ,Progen3 219m,219000000.0,8.340444114840118,Eukaryote,Activity,627,2.7972675408307164,1.79,0.2528530309798932,Medium,False,0.488
ARGR_ECOLI_Tsuboyama_2023_1AOY,ARGR_ECOLI,Progen3 219m,219000000.0,8.340444114840118,Prokaryote,Stability,69,1.8388490907372552,54.24,1.734319680859007,Medium,False,0.421
B2L11_HUMAN_Dutta_2010_binding-Mcl-1,B2L11_HUMAN,Progen3 219m,219000000.0,8.340444114840118,Human,Binding,198,2.296665190261531,0.45,-0.3467874862246563,Low,False,0.341
BBC1_YEAST_Tsuboyama_2023_1TG0,BBC1_YEAST,Progen3 219m,219000000.0,8.340444114840118,Eukaryote,Stability,64,1.806179973983887,271.76,2.4341855338619713,High,False,0.216
BCHB_CHLTE_Tsuboyama_2023_2KRU,BCHB_CHLTE,Progen3 219m,219000000.0,8.340444114840118,Prokaryote,Stability,52,1.7160033436347992,51.95,1.7155855518931962,Medium,False,0.378
BLAT_ECOLX_Deng_2012,BLAT_ECOLX,Progen3 219m,219000000.0,8.340444114840118,Prokaryote,OrganismalFitness,286,2.456366033129043,177.98,2.2503712024344784,High,False,0.366
BLAT_ECOLX_Firnberg_2014,BLAT_ECOLX,Progen3 219m,219000000.0,8.340444114840118,Prokaryote,OrganismalFitness,286,2.456366033129043,177.98,2.2503712024344784,High,False,0.534
BLAT_ECOLX_Jacquier_2013,BLAT_ECOLX,Progen3 219m,219000000.0,8.340444114840118,Prokaryote,OrganismalFitness,286,2.456366033129043,177.98,2.2503712024344784,High,False,0.55
BLAT_ECOLX_Stiffler_2015,BLAT_ECOLX,Progen3 219m,219000000.0,8.340444114840118,Prokaryote,OrganismalFitness,286,2.456366033129043,177.98,2.2503712024344784,High,False,0.525
BRCA1_HUMAN_Findlay_2018,BRCA1_HUMAN,Progen3 219m,219000000.0,8.340444114840118,Human,OrganismalFitness,1863,3.2702128548962426,0.05,-1.3010299956639813,Low,False,0.146
BRCA2_HUMAN_Erwood_2022_HEK293T,BRCA2_HUMAN,Progen3 219m,219000000.0,8.340444114840118,Human,OrganismalFitness,3418,3.533772058384718,0.02,-1.6989700043360187,Low,False,0.087
C6KNH7_9INFA_Lee_2018,C6KNH7_9INFA,Progen3 219m,219000000.0,8.340444114840118,Virus,OrganismalFitness,566,2.7528164311882715,16.0,1.2041199826559248,Medium,False,0.385
CALM1_HUMAN_Weile_2017,CALM1_HUMAN,Progen3 219m,219000000.0,8.340444114840118,Human,OrganismalFitness,149,2.173186268412274,190.77,2.280510079703276,High,False,0.201
CAPSD_AAV2S_Sinai_2021,CAPSD_AAV2S,Progen3 219m,219000000.0,8.340444114840118,Virus,OrganismalFitness,735,2.8662873390841948,0.26,-0.585026652029182,Low,False,0.276
CAR11_HUMAN_Meitlis_2020_gof,CAR11_HUMAN,Progen3 219m,219000000.0,8.340444114840118,Human,OrganismalFitness,1154,3.0622058088197126,0.04,-1.3979400086720375,Low,False,0.056
CAR11_HUMAN_Meitlis_2020_lof,CAR11_HUMAN,Progen3 219m,219000000.0,8.340444114840118,Human,OrganismalFitness,1154,3.0622058088197126,0.04,-1.3979400086720375,Low,False,0.032
CAS9_STRP1_Spencer_2017_positive,CAS9_STRP1,Progen3 219m,219000000.0,8.340444114840118,Prokaryote,Activity,1368,3.1360860973840974,1.14,0.05690485133647256,Medium,False,0.167
CASP3_HUMAN_Roychowdhury_2020,CASP3_HUMAN,Progen3 219m,219000000.0,8.340444114840118,Human,Activity,258,2.41161970596323,111.55,2.0474695746198566,High,False,0.312
CASP7_HUMAN_Roychowdhury_2020,CASP7_HUMAN,Progen3 219m,219000000.0,8.340444114840118,Human,Activity,281,2.44870631990508,80.66,1.9066582176715998,Medium,False,0.343
CATR_CHLRE_Tsuboyama_2023_2AMI,CATR_CHLRE,Progen3 219m,219000000.0,8.340444114840118,Eukaryote,Stability,72,1.8573324964312685,1107.51,3.044347656272274,High,False,0.633
CBPA2_HUMAN_Tsuboyama_2023_1O6X,CBPA2_HUMAN,Progen3 219m,219000000.0,8.340444114840118,Human,Stability,72,1.8573324964312685,43.64,1.6398847419163043,Medium,False,0.592
CBS_HUMAN_Sun_2020,CBS_HUMAN,Progen3 219m,219000000.0,8.340444114840118,Human,OrganismalFitness,551,2.741151598851785,3.5,0.5440680443502757,Medium,False,0.356
CBX4_HUMAN_Tsuboyama_2023_2K28,CBX4_HUMAN,Progen3 219m,219000000.0,8.340444114840118,Human,Stability,50,1.6989700043360187,269.65,2.430800424624181,High,False,0.375
CCDB_ECOLI_Adkar_2012,CCDB_ECOLI,Progen3 219m,219000000.0,8.340444114840118,Prokaryote,Activity,101,2.0043213737826426,168.82,2.227423895933663,High,False,0.068
CCDB_ECOLI_Tripathi_2016,CCDB_ECOLI,Progen3 219m,219000000.0,8.340444114840118,Prokaryote,OrganismalFitness,101,2.0043213737826426,168.82,2.227423895933663,High,False,0.094
CCR5_HUMAN_Gill_2023,CCR5_HUMAN,Progen3 219m,219000000.0,8.340444114840118,Human,Binding,352,2.546542663478131,182.74,2.261833620575751,High,False,0.352
CD19_HUMAN_Klesmith_2019_FMC_singles,CD19_HUMAN,Progen3 219m,219000000.0,8.340444114840118,Human,Binding,556,2.7450747915820575,0.5,-0.3010299956639812,Low,False,0.041
CP2C9_HUMAN_Amorosi_2021_abundance,CP2C9_HUMAN,Progen3 219m,219000000.0,8.340444114840118,Human,Expression,490,2.690196080028514,165.48,2.2187455122234745,High,False,0.571
CP2C9_HUMAN_Amorosi_2021_activity,CP2C9_HUMAN,Progen3 219m,219000000.0,8.340444114840118,Human,Binding,490,2.690196080028514,165.48,2.2187455122234745,High,False,0.606
CSN4_MOUSE_Tsuboyama_2023_1UFM,CSN4_MOUSE,Progen3 219m,219000000.0,8.340444114840118,Eukaryote,Stability,72,1.8573324964312685,48.23,1.6833172619218826,Medium,False,0.486
CUE1_YEAST_Tsuboyama_2023_2MYX,CUE1_YEAST,Progen3 219m,219000000.0,8.340444114840118,Eukaryote,Stability,52,1.7160033436347992,7.64,0.8830933585756899,Medium,False,0.163
D7PM05_CLYGR_Somermeyer_2022,D7PM05_CLYGR,Progen3 219m,219000000.0,8.340444114840118,Eukaryote,Activity,235,2.3710678622717363,0.6,-0.2218487496163564,Low,False,0.079
DLG4_HUMAN_Faure_2021,DLG4_HUMAN,Progen3 219m,219000000.0,8.340444114840118,Human,OrganismalFitness,724,2.859738566197147,0.46,-0.3372421683184259,Low,False,0.611
DLG4_RAT_McLaughlin_2012,DLG4_RAT,Progen3 219m,219000000.0,8.340444114840118,Eukaryote,Binding,724,2.859738566197147,0.36,-0.44369749923271273,Low,False,0.38
DN7A_SACS2_Tsuboyama_2023_1JIC,DN7A_SACS2,Progen3 219m,219000000.0,8.340444114840118,Prokaryote,Stability,55,1.7403626894942439,24.82,1.394801777162711,Medium,False,0.114
DNJA1_HUMAN_Tsuboyama_2023_2LO1,DNJA1_HUMAN,Progen3 219m,219000000.0,8.340444114840118,Human,Stability,65,1.8129133566428555,547.68,2.7385268817938018,High,False,0.742
DOCK1_MOUSE_Tsuboyama_2023_2M0Y,DOCK1_MOUSE,Progen3 219m,219000000.0,8.340444114840118,Eukaryote,Stability,66,1.8195439355418688,368.28,2.5661781344794474,High,False,0.187
DYR_ECOLI_Nguyen_2023,DYR_ECOLI,Progen3 219m,219000000.0,8.340444114840118,Prokaryote,OrganismalFitness,159,2.2013971243204513,337.1,2.527758752520972,High,False,0.435
DYR_ECOLI_Thompson_2019,DYR_ECOLI,Progen3 219m,219000000.0,8.340444114840118,Prokaryote,OrganismalFitness,159,2.2013971243204513,77.51,1.8893577368889316,Medium,False,0.424
ENV_HV1B9_DuenasDecamp_2016,ENV_HV1B9,Progen3 219m,219000000.0,8.340444114840118,Virus,OrganismalFitness,853,2.930949031167523,47.92,1.680516809381255,Medium,False,0.305
ENV_HV1BR_Haddox_2016,ENV_HV1BR,Progen3 219m,219000000.0,8.340444114840118,Virus,OrganismalFitness,861,2.935003151453655,43.39,1.637389650129212,Medium,False,0.325
ENVZ_ECOLI_Ghose_2023,ENVZ_ECOLI,Progen3 219m,219000000.0,8.340444114840118,Prokaryote,Activity,60,1.7781512503836436,4595.33,3.6623167044126537,High,False,0.173
EPHB2_HUMAN_Tsuboyama_2023_1F0M,EPHB2_HUMAN,Progen3 219m,219000000.0,8.340444114840118,Human,Stability,66,1.8195439355418688,126.33,2.1015064961399275,High,False,0.478
ERBB2_HUMAN_Elazar_2016,ERBB2_HUMAN,Progen3 219m,219000000.0,8.340444114840118,Human,Expression,1255,3.098643725817057,0.32,-0.494850021680094,Low,False,0.55
ESTA_BACSU_Nutschel_2020,ESTA_BACSU,Progen3 219m,219000000.0,8.340444114840118,Prokaryote,Stability,212,2.326335860928751,313.28,2.495932670123044,High,False,0.294
F7YBW8_MESOW_Ding_2023,F7YBW8_MESOW,Progen3 219m,219000000.0,8.340444114840118,Prokaryote,OrganismalFitness,93,1.968482948553935,176.23,2.2460798412237666,High,False,0.495
F7YBW8_MESOW_Aakre_2015,F7YBW8_MESOW,Progen3 219m,219000000.0,8.340444114840118,Prokaryote,OrganismalFitness,93,1.968482948553935,176.23,2.2460798412237666,High,False,0.049
FECA_ECOLI_Tsuboyama_2023_2D1U,FECA_ECOLI,Progen3 219m,219000000.0,8.340444114840118,Prokaryote,Stability,72,1.8573324964312685,141.6,2.15106325335375,High,False,0.145
FKBP3_HUMAN_Tsuboyama_2023_2KFV,FKBP3_HUMAN,Progen3 219m,219000000.0,8.340444114840118,Human,Stability,69,1.8388490907372552,1.85,0.26717172840301384,Medium,False,0.177
GAL4_YEAST_Kitzman_2015,GAL4_YEAST,Progen3 219m,219000000.0,8.340444114840118,Eukaryote,OrganismalFitness,881,2.9449759084120477,10.02,1.000867721531227,Medium,False,0.328
GCN4_YEAST_Staller_2018,GCN4_YEAST,Progen3 219m,219000000.0,8.340444114840118,Eukaryote,Binding,281,2.44870631990508,0.66,-0.1804560644581313,Low,False,0.194
GDIA_HUMAN_Silverstein_2021,GDIA_HUMAN,Progen3 219m,219000000.0,8.340444114840118,Human,OrganismalFitness,447,2.6503075231319366,0.8,-0.09691001300805639,Low,False,0.321
GFP_AEQVI_Sarkisyan_2016,GFP_AEQVI,Progen3 219m,219000000.0,8.340444114840118,Eukaryote,Activity,238,2.376576957056512,0.06,-1.2218487496163564,Low,False,0.139
GLPA_HUMAN_Elazar_2016,GLPA_HUMAN,Progen3 219m,219000000.0,8.340444114840118,Human,Expression,150,2.1760912590556813,0.51,-0.2924298239020636,Low,False,0.363
GRB2_HUMAN_Faure_2021,GRB2_HUMAN,Progen3 219m,219000000.0,8.340444114840118,Human,OrganismalFitness,217,2.3364597338485296,6.78,0.8312296938670634,Medium,False,0.444
HCP_LAMBD_Tsuboyama_2023_2L6Q,HCP_LAMBD,Progen3 219m,219000000.0,8.340444114840118,Virus,Stability,55,1.7403626894942439,30.76,1.4879863311293935,Medium,False,0.367
HECD1_HUMAN_Tsuboyama_2023_3DKM,HECD1_HUMAN,Progen3 219m,219000000.0,8.340444114840118,Human,Stability,72,1.8573324964312685,17.22,1.236033147117636,Medium,False,0.204
HEM3_HUMAN_Loggerenberg_2023,HEM3_HUMAN,Progen3 219m,219000000.0,8.340444114840118,Human,Activity,361,2.5575072019056577,32.84,1.5164031484474032,Medium,False,0.362
HIS7_YEAST_Pokusaeva_2019,HIS7_YEAST,Progen3 219m,219000000.0,8.340444114840118,Eukaryote,OrganismalFitness,220,2.342422680822206,23.97,1.3796680340336538,Medium,False,0.43
HMDH_HUMAN_Jiang_2019,HMDH_HUMAN,Progen3 219m,219000000.0,8.340444114840118,Human,OrganismalFitness,888,2.948412965778601,0.58,-0.23657200643706275,Low,False,0.52
HSP82_YEAST_Cote-Hammarlof_2020_growth-H2O2,HSP82_YEAST,Progen3 219m,219000000.0,8.340444114840118,Eukaryote,OrganismalFitness,709,2.8506462351830666,6.47,0.8109042806687004,Medium,False,0.334
HSP82_YEAST_Flynn_2019,HSP82_YEAST,Progen3 219m,219000000.0,8.340444114840118,Eukaryote,OrganismalFitness,709,2.8506462351830666,5.45,0.7363965022766424,Medium,False,0.402
HSP82_YEAST_Mishra_2016,HSP82_YEAST,Progen3 219m,219000000.0,8.340444114840118,Eukaryote,OrganismalFitness,709,2.8506462351830666,5.45,0.7363965022766424,Medium,False,0.547
HXK4_HUMAN_Gersing_2022_activity,HXK4_HUMAN,Progen3 219m,219000000.0,8.340444114840118,Human,OrganismalFitness,465,2.667452952889954,4.99,0.69810054562339,Medium,False,0.431
HXK4_HUMAN_Gersing_2023_abundance,HXK4_HUMAN,Progen3 219m,219000000.0,8.340444114840118,Human,Expression,465,2.667452952889954,5.38,0.7307822756663892,Medium,False,0.238
I6TAH8_I68A0_Doud_2015,I6TAH8_I68A0,Progen3 219m,219000000.0,8.340444114840118,Virus,OrganismalFitness,498,2.6972293427597176,2.15,0.33243845991560533,Medium,False,0.319
IF1_ECOLI_Kelsic_2016,IF1_ECOLI,Progen3 219m,219000000.0,8.340444114840118,Prokaryote,OrganismalFitness,72,1.8573324964312685,536.24,2.72935920638567,High,False,0.483
ILF3_HUMAN_Tsuboyama_2023_2L33,ILF3_HUMAN,Progen3 219m,219000000.0,8.340444114840118,Human,Stability,71,1.8512583487190752,309.51,2.490674685261338,High,False,0.21
ISDH_STAAW_Tsuboyama_2023_2LHR,ISDH_STAAW,Progen3 219m,219000000.0,8.340444114840118,Prokaryote,Stability,55,1.7403626894942439,713.67,2.8534974410356244,High,False,0.348
KCNE1_HUMAN_Muhammad_2023_expression,KCNE1_HUMAN,Progen3 219m,219000000.0,8.340444114840118,Human,Expression,129,2.110589710299249,1.74,0.24054924828259971,Medium,False,0.151
KCNE1_HUMAN_Muhammad_2023_function,KCNE1_HUMAN,Progen3 219m,219000000.0,8.340444114840118,Human,Activity,129,2.110589710299249,1.74,0.24054924828259971,Medium,False,0.174
KCNH2_HUMAN_Kozek_2020,KCNH2_HUMAN,Progen3 219m,219000000.0,8.340444114840118,Human,Activity,1159,3.064083435963596,6.29,0.798650645445269,Medium,False,0.517
KCNJ2_MOUSE_Coyote-Maestas_2022_function,KCNJ2_MOUSE,Progen3 219m,219000000.0,8.340444114840118,Eukaryote,Activity,428,2.6314437690131722,5.28,0.7226339225338123,Medium,False,0.326
KCNJ2_MOUSE_Coyote-Maestas_2022_surface,KCNJ2_MOUSE,Progen3 219m,219000000.0,8.340444114840118,Eukaryote,Expression,428,2.6314437690131722,5.28,0.7226339225338123,Medium,False,0.302
KKA2_KLEPN_Melnikov_2014,KKA2_KLEPN,Progen3 219m,219000000.0,8.340444114840118,Prokaryote,OrganismalFitness,264,2.4216039268698313,298.65,2.475162519083091,High,False,0.451
LGK_LIPST_Klesmith_2015,LGK_LIPST,Progen3 219m,219000000.0,8.340444114840118,Eukaryote,Activity,439,2.6424645202421213,18.83,1.2748503200166648,Medium,False,0.346
LYAM1_HUMAN_Elazar_2016,LYAM1_HUMAN,Progen3 219m,219000000.0,8.340444114840118,Human,Expression,372,2.5705429398818973,1.09,0.037426497940623665,Medium,False,0.325
MAFG_MOUSE_Tsuboyama_2023_1K1V,MAFG_MOUSE,Progen3 219m,219000000.0,8.340444114840118,Eukaryote,Stability,41,1.6127838567197355,3.89,0.5899496013257077,Medium,False,0.56
MBD11_ARATH_Tsuboyama_2023_6ACV,MBD11_ARATH,Progen3 219m,219000000.0,8.340444114840118,Eukaryote,Stability,66,1.8195439355418688,24.91,1.3963737275365065,Medium,False,0.04
MET_HUMAN_Estevam_2023,MET_HUMAN,Progen3 219m,219000000.0,8.340444114840118,Human,Activity,287,2.4578818967339924,17.78,1.249931756634195,Medium,False,0.499
MK01_HUMAN_Brenan_2016,MK01_HUMAN,Progen3 219m,219000000.0,8.340444114840118,Human,OrganismalFitness,360,2.5563025007672873,25.98,1.4146391467370092,Medium,False,0.203
MLAC_ECOLI_MacRae_2023,MLAC_ECOLI,Progen3 219m,219000000.0,8.340444114840118,Prokaryote,OrganismalFitness,211,2.3242824552976926,37.67,1.5759956202032677,Medium,False,0.366
MSH2_HUMAN_Jia_2020,MSH2_HUMAN,Progen3 219m,219000000.0,8.340444114840118,Human,OrganismalFitness,934,2.9703468762300935,11.71,1.0685568950723632,Medium,False,0.27
MTH3_HAEAE_RockahShmuel_2015,MTH3_HAEAE,Progen3 219m,219000000.0,8.340444114840118,Prokaryote,OrganismalFitness,330,2.5185139398778875,82.51,1.9165065871151556,Medium,False,0.654
MTHR_HUMAN_Weile_2021,MTHR_HUMAN,Progen3 219m,219000000.0,8.340444114840118,Human,OrganismalFitness,656,2.8169038393756605,0.99,-0.004364805402450088,Low,False,0.452
MYO3_YEAST_Tsuboyama_2023_2BTT,MYO3_YEAST,Progen3 219m,219000000.0,8.340444114840118,Eukaryote,Stability,61,1.7853298350107671,208.4,2.3188977146274867,High,False,0.249
NCAP_I34A1_Doud_2015,NCAP_I34A1,Progen3 219m,219000000.0,8.340444114840118,Virus,OrganismalFitness,498,2.6972293427597176,2.15,0.33243845991560533,Medium,False,0.314
NKX31_HUMAN_Tsuboyama_2023_2L9R,NKX31_HUMAN,Progen3 219m,219000000.0,8.340444114840118,Human,Stability,61,1.7853298350107671,147.96,2.1701443226433565,High,False,0.637
NPC1_HUMAN_Erwood_2022_HEK293T,NPC1_HUMAN,Progen3 219m,219000000.0,8.340444114840118,Human,Activity,1278,3.1065308538223815,0.67,-0.17392519729917355,Low,False,0.345
NPC1_HUMAN_Erwood_2022_RPE1,NPC1_HUMAN,Progen3 219m,219000000.0,8.340444114840118,Human,Activity,1278,3.1065308538223815,0.67,-0.17392519729917355,Low,False,0.291
NRAM_I33A0_Jiang_2016,NRAM_I33A0,Progen3 219m,219000000.0,8.340444114840118,Virus,OrganismalFitness,453,2.656098202012832,15.93,1.2022157758011316,Medium,False,0.621
NUD15_HUMAN_Suiter_2020,NUD15_HUMAN,Progen3 219m,219000000.0,8.340444114840118,Human,Expression,164,2.214843848047698,281.51,2.4494938267812603,High,False,0.418
NUSA_ECOLI_Tsuboyama_2023_1WCL,NUSA_ECOLI,Progen3 219m,219000000.0,8.340444114840118,Prokaryote,Stability,69,1.8388490907372552,598.86,2.777325305972129,High,False,0.35
NUSG_MYCTU_Tsuboyama_2023_2MI6,NUSG_MYCTU,Progen3 219m,219000000.0,8.340444114840118,Prokaryote,Stability,55,1.7403626894942439,320.33,2.5055976137320095,High,False,0.394
OBSCN_HUMAN_Tsuboyama_2023_1V1C,OBSCN_HUMAN,Progen3 219m,219000000.0,8.340444114840118,Human,Stability,65,1.8129133566428555,378.54,2.578111777789627,High,False,0.394
ODP2_GEOSE_Tsuboyama_2023_1W4G,ODP2_GEOSE,Progen3 219m,219000000.0,8.340444114840118,Prokaryote,Stability,44,1.6434526764861874,397.86,2.5997302782956524,High,False,0.092
OPSD_HUMAN_Wan_2019,OPSD_HUMAN,Progen3 219m,219000000.0,8.340444114840118,Human,Expression,348,2.5415792439465807,107.19,2.0301542709221025,High,False,0.523
OTC_HUMAN_Lo_2023,OTC_HUMAN,Progen3 219m,219000000.0,8.340444114840118,Human,Activity,354,2.5490032620257876,53.97,1.7321524180652137,Medium,False,0.512
OTU7A_HUMAN_Tsuboyama_2023_2L2D,OTU7A_HUMAN,Progen3 219m,219000000.0,8.340444114840118,Human,Stability,42,1.6232492903979006,12395.25,4.0932552904846835,High,False,0.211
OXDA_RHOTO_Vanella_2023_activity,OXDA_RHOTO,Progen3 219m,219000000.0,8.340444114840118,Eukaryote,Activity,364,2.561101383649056,271.28,2.43341777677003,High,False,0.18
OXDA_RHOTO_Vanella_2023_expression,OXDA_RHOTO,Progen3 219m,219000000.0,8.340444114840118,Eukaryote,Expression,364,2.561101383649056,271.28,2.43341777677003,High,False,0.223
P53_HUMAN_Giacomelli_2018_Null_Etoposide,P53_HUMAN,Progen3 219m,219000000.0,8.340444114840118,Human,OrganismalFitness,393,2.5943925503754266,0.39,-0.4089353929735008,Low,False,-0.049
P53_HUMAN_Giacomelli_2018_Null_Nutlin,P53_HUMAN,Progen3 219m,219000000.0,8.340444114840118,Human,OrganismalFitness,393,2.5943925503754266,0.39,-0.4089353929735008,Low,False,-0.062
P53_HUMAN_Giacomelli_2018_WT_Nutlin,P53_HUMAN,Progen3 219m,219000000.0,8.340444114840118,Human,OrganismalFitness,393,2.5943925503754266,0.39,-0.4089353929735008,Low,False,-0.12
P53_HUMAN_Kotler_2018,P53_HUMAN,Progen3 219m,219000000.0,8.340444114840118,Human,OrganismalFitness,393,2.5943925503754266,0.37,-0.431798275933005,Low,False,0.252
P84126_THETH_Chan_2017,P84126_THETH,Progen3 219m,219000000.0,8.340444114840118,Prokaryote,OrganismalFitness,254,2.404833716619938,41.7,1.6201360549737576,Medium,False,0.471
PA_I34A1_Wu_2015,PA_I34A1,Progen3 219m,219000000.0,8.340444114840118,Virus,OrganismalFitness,716,2.8549130223078554,1.75,0.24303804868629444,Medium,False,0.443
PABP_YEAST_Melamed_2013,PABP_YEAST,Progen3 219m,219000000.0,8.340444114840118,Eukaryote,OrganismalFitness,577,2.7611758131557314,1.42,0.15228834438305647,Medium,False,0.626
PAI1_HUMAN_Huttinger_2021,PAI1_HUMAN,Progen3 219m,219000000.0,8.340444114840118,Human,Activity,402,2.60422605308447,30.34,1.4820155764507117,Medium,False,0.36
PHOT_CHLRE_Chen_2023,PHOT_CHLRE,Progen3 219m,219000000.0,8.340444114840118,Eukaryote,Activity,118,2.0718820073061255,5215.65,3.717308440053486,High,False,0.47
PIN1_HUMAN_Tsuboyama_2023_1I6C,PIN1_HUMAN,Progen3 219m,219000000.0,8.340444114840118,Human,Stability,39,1.591064607026499,287.66,2.458879476116883,High,False,0.449
PITX2_HUMAN_Tsuboyama_2023_2L7M,PITX2_HUMAN,Progen3 219m,219000000.0,8.340444114840118,Human,Stability,52,1.7160033436347992,191.76,2.2827580210255976,High,False,0.574
PKN1_HUMAN_Tsuboyama_2023_1URF,PKN1_HUMAN,Progen3 219m,219000000.0,8.340444114840118,Human,Stability,71,1.8512583487190752,772.42,2.8878535102875573,High,False,0.344
POLG_CXB3N_Mattenberger_2021,POLG_CXB3N,Progen3 219m,219000000.0,8.340444114840118,Virus,OrganismalFitness,2185,3.3394514413064407,1.79,0.2528530309798932,Medium,False,-0.023
POLG_DEN26_Suphatrakul_2023,POLG_DEN26,Progen3 219m,219000000.0,8.340444114840118,Virus,OrganismalFitness,900,2.9542425094393248,0.55,-0.2596373105057561,Low,False,0.438
POLG_HCVJF_Qi_2014,POLG_HCVJF,Progen3 219m,219000000.0,8.340444114840118,Virus,OrganismalFitness,3033,3.4818724103106633,41.97,1.62293896921149,Medium,False,0.137
POLG_PESV_Tsuboyama_2023_2MXD,POLG_PESV,Progen3 219m,219000000.0,8.340444114840118,Virus,Stability,53,1.724275869600789,262.74,2.419526195575769,High,False,0.243
PPARG_HUMAN_Majithia_2016,PPARG_HUMAN,Progen3 219m,219000000.0,8.340444114840118,Human,Activity,505,2.7032913781186614,6.24,0.795184589682424,Medium,False,0.338
PPM1D_HUMAN_Miller_2022,PPM1D_HUMAN,Progen3 219m,219000000.0,8.340444114840118,Human,OrganismalFitness,605,2.781755374652469,0.56,-0.25181197299379954,Low,False,0.45
PR40A_HUMAN_Tsuboyama_2023_1UZC,PR40A_HUMAN,Progen3 219m,219000000.0,8.340444114840118,Human,Stability,63,1.7993405494535817,56.72,1.7537362221750101,Medium,False,0.513
PRKN_HUMAN_Clausen_2023,PRKN_HUMAN,Progen3 219m,219000000.0,8.340444114840118,Human,Expression,465,2.667452952889954,0.37,-0.431798275933005,Low,False,0.238
PSAE_PICP2_Tsuboyama_2023_1PSE,PSAE_PICP2,Progen3 219m,219000000.0,8.340444114840118,Prokaryote,Stability,68,1.8325089127062364,1.85,0.26717172840301384,Medium,False,0.537
PTEN_HUMAN_Matreyek_2021,PTEN_HUMAN,Progen3 219m,219000000.0,8.340444114840118,Human,Expression,403,2.6053050461411096,3.72,0.5705429398818975,Medium,False,0.202
PTEN_HUMAN_Mighell_2018,PTEN_HUMAN,Progen3 219m,219000000.0,8.340444114840118,Human,Activity,403,2.6053050461411096,3.72,0.5705429398818975,Medium,False,0.346
Q2N0S5_9HIV1_Haddox_2018,Q2N0S5_9HIV1,Progen3 219m,219000000.0,8.340444114840118,Virus,OrganismalFitness,860,2.934498451243568,42.86,1.6320521667058099,Medium,False,0.477
Q53Z42_HUMAN_McShan_2019_binding-TAPBPR,Q53Z42_HUMAN,Progen3 219m,219000000.0,8.340444114840118,Human,Binding,365,2.5622928644564746,13.24,1.1218879851036812,Medium,False,0.199
Q53Z42_HUMAN_McShan_2019_expression,Q53Z42_HUMAN,Progen3 219m,219000000.0,8.340444114840118,Human,Expression,365,2.5622928644564746,13.24,1.1218879851036812,Medium,False,0.321
Q59976_STRSQ_Romero_2015,Q59976_STRSQ,Progen3 219m,219000000.0,8.340444114840118,Prokaryote,Activity,501,2.699837725867246,27.97,1.4466924663715273,Medium,False,0.625
Q6WV12_9MAXI_Somermeyer_2022,Q6WV12_9MAXI,Progen3 219m,219000000.0,8.340444114840118,Eukaryote,Activity,222,2.346352974450639,0.44,-0.3565473235138126,Low,False,-0.015
Q837P4_ENTFA_Meier_2023,Q837P4_ENTFA,Progen3 219m,219000000.0,8.340444114840118,Prokaryote,Activity,589,2.7701152947871015,90.8,1.958085848521085,Medium,False,0.517
Q837P5_ENTFA_Meier_2023,Q837P5_ENTFA,Progen3 219m,219000000.0,8.340444114840118,Prokaryote,Activity,571,2.756636108245848,95.02,1.9778150260831866,Medium,False,0.428
Q8WTC7_9CNID_Somermeyer_2022,Q8WTC7_9CNID,Progen3 219m,219000000.0,8.340444114840118,Eukaryote,Activity,238,2.376576957056512,0.51,-0.2924298239020636,Low,False,0.032
R1AB_SARS2_Flynn_2022,R1AB_SARS2,Progen3 219m,219000000.0,8.340444114840118,Virus,OrganismalFitness,306,2.48572142648158,1.14,0.05690485133647256,Medium,False,0.072
RAD_ANTMA_Tsuboyama_2023_2CJJ,RAD_ANTMA,Progen3 219m,219000000.0,8.340444114840118,Eukaryote,Stability,54,1.7323937598229686,777.81,2.8908735224022113,High,False,0.381
RAF1_HUMAN_Zinkus-Boltz_2019,RAF1_HUMAN,Progen3 219m,219000000.0,8.340444114840118,Human,OrganismalFitness,648,2.8115750058705933,0.59,-0.22914798835785583,Low,False,0.058
RASH_HUMAN_Bandaru_2017,RASH_HUMAN,Progen3 219m,219000000.0,8.340444114840118,Human,Activity,189,2.2764618041732443,125.77,2.0995770609167086,High,False,0.411
RASK_HUMAN_Weng_2022_abundance,RASK_HUMAN,Progen3 219m,219000000.0,8.340444114840118,Human,Expression,188,2.27415784926368,146.37,2.1654520728319286,High,False,0.203
RASK_HUMAN_Weng_2022_binding-DARPin_K55,RASK_HUMAN,Progen3 219m,219000000.0,8.340444114840118,Human,Binding,188,2.27415784926368,146.37,2.1654520728319286,High,False,0.536
RBP1_HUMAN_Tsuboyama_2023_2KWH,RBP1_HUMAN,Progen3 219m,219000000.0,8.340444114840118,Human,Stability,52,1.7160033436347992,976.49,2.9896678001409684,High,False,0.317
RCD1_ARATH_Tsuboyama_2023_5OAO,RCD1_ARATH,Progen3 219m,219000000.0,8.340444114840118,Eukaryote,Stability,57,1.7558748556724915,28.23,1.4507108781469193,Medium,False,0.243
RCRO_LAMBD_Tsuboyama_2023_1ORC,RCRO_LAMBD,Progen3 219m,219000000.0,8.340444114840118,Virus,Stability,63,1.7993405494535817,803.73,2.905110179092208,High,False,-0.012
RD23A_HUMAN_Tsuboyama_2023_1IFY,RD23A_HUMAN,Progen3 219m,219000000.0,8.340444114840118,Human,Stability,44,1.6434526764861874,182.36,2.260929583529925,High,False,0.117
RDRP_I33A0_Li_2023,RDRP_I33A0,Progen3 219m,219000000.0,8.340444114840118,Virus,OrganismalFitness,757,2.8790958795000727,1.52,0.18184358794477254,Medium,False,0.368
REV_HV1H2_Fernandes_2016,REV_HV1H2,Progen3 219m,219000000.0,8.340444114840118,Virus,OrganismalFitness,116,2.0644579892269186,104.82,2.0204441553665746,High,False,0.218
RFAH_ECOLI_Tsuboyama_2023_2LCL,RFAH_ECOLI,Progen3 219m,219000000.0,8.340444114840118,Prokaryote,Stability,55,1.7403626894942439,258.65,2.412712482745101,High,False,0.119
RL20_AQUAE_Tsuboyama_2023_1GYZ,RL20_AQUAE,Progen3 219m,219000000.0,8.340444114840118,Prokaryote,Stability,59,1.7708520116421442,1816.95,3.2593429762772845,High,False,0.424
RL40A_YEAST_Mavor_2016,RL40A_YEAST,Progen3 219m,219000000.0,8.340444114840118,Eukaryote,OrganismalFitness,128,2.1072099696478683,30.52,1.4845845292828428,Medium,False,0.443
RL40A_YEAST_Roscoe_2013,RL40A_YEAST,Progen3 219m,219000000.0,8.340444114840118,Eukaryote,OrganismalFitness,128,2.1072099696478683,30.52,1.4845845292828428,Medium,False,0.514
RL40A_YEAST_Roscoe_2014,RL40A_YEAST,Progen3 219m,219000000.0,8.340444114840118,Eukaryote,Activity,128,2.1072099696478683,30.52,1.4845845292828428,Medium,False,0.405
RNC_ECOLI_Weeks_2023,RNC_ECOLI,Progen3 219m,219000000.0,8.340444114840118,Prokaryote,Activity,226,2.3541084391474008,70.7,1.8494194137968993,Medium,False,0.583
RPC1_BP434_Tsuboyama_2023_1R69,RPC1_BP434,Progen3 219m,219000000.0,8.340444114840118,Virus,Stability,61,1.7853298350107671,9091.45,3.958633154594723,High,False,0.739
RPC1_LAMBD_Li_2019_high-expression,RPC1_LAMBD,Progen3 219m,219000000.0,8.340444114840118,Virus,Activity,237,2.374748346010104,121.45,2.0843975191411492,High,False,0.306
RPC1_LAMBD_Li_2019_low-expression,RPC1_LAMBD,Progen3 219m,219000000.0,8.340444114840118,Virus,Activity,237,2.374748346010104,121.45,2.0843975191411492,High,False,0.252
RS15_GEOSE_Tsuboyama_2023_1A32,RS15_GEOSE,Progen3 219m,219000000.0,8.340444114840118,Prokaryote,Stability,63,1.7993405494535817,68.91,1.8382822499146885,Medium,False,0.355
S22A1_HUMAN_Yee_2023_abundance,S22A1_HUMAN,Progen3 219m,219000000.0,8.340444114840118,Human,Expression,553,2.7427251313046983,62.71,1.7973368007753499,Medium,False,0.426
S22A1_HUMAN_Yee_2023_activity,S22A1_HUMAN,Progen3 219m,219000000.0,8.340444114840118,Human,Activity,553,2.7427251313046983,62.71,1.7973368007753499,Medium,False,0.454
SAV1_MOUSE_Tsuboyama_2023_2YSB,SAV1_MOUSE,Progen3 219m,219000000.0,8.340444114840118,Eukaryote,Stability,43,1.6334684555795864,105.1,2.021602716028242,High,False,0.277
SBI_STAAM_Tsuboyama_2023_2JVG,SBI_STAAM,Progen3 219m,219000000.0,8.340444114840118,Prokaryote,Stability,56,1.7481880270062005,27.03,1.4318460456987254,Medium,False,0.244
SC6A4_HUMAN_Young_2021,SC6A4_HUMAN,Progen3 219m,219000000.0,8.340444114840118,Human,Activity,630,2.7993405494535817,8.81,0.9449759084120479,Medium,False,0.458
SCIN_STAAR_Tsuboyama_2023_2QFF,SCIN_STAAR,Progen3 219m,219000000.0,8.340444114840118,Prokaryote,Stability,70,1.845098040014257,163.66,2.213942546840078,High,False,0.255
SCN5A_HUMAN_Glazer_2019,SCN5A_HUMAN,Progen3 219m,219000000.0,8.340444114840118,Human,OrganismalFitness,2016,3.3044905277734875,26.58,1.4245549766067132,Medium,False,0.088
SDA_BACSU_Tsuboyama_2023_1PV0,SDA_BACSU,Progen3 219m,219000000.0,8.340444114840118,Prokaryote,Stability,44,1.6434526764861874,20.05,1.3021143769562011,Medium,False,0.15
SERC_HUMAN_Xie_2023,SERC_HUMAN,Progen3 219m,219000000.0,8.340444114840118,Human,OrganismalFitness,370,2.568201724066995,117.4,2.0696680969115957,High,False,0.498
SHOC2_HUMAN_Kwon_2022,SHOC2_HUMAN,Progen3 219m,219000000.0,8.340444114840118,Human,OrganismalFitness,582,2.7649229846498886,15.55,1.1917303933628562,Medium,False,0.233
SOX30_HUMAN_Tsuboyama_2023_7JJK,SOX30_HUMAN,Progen3 219m,219000000.0,8.340444114840118,Human,Stability,57,1.7558748556724915,262.24,2.418698936226424,High,False,0.304
SPA_STAAU_Tsuboyama_2023_1LP1,SPA_STAAU,Progen3 219m,219000000.0,8.340444114840118,Prokaryote,Stability,55,1.7403626894942439,37.48,1.5737995822157407,Medium,False,-0.016
SPG1_STRSG_Olson_2014,SPG1_STRSG,Progen3 219m,219000000.0,8.340444114840118,Prokaryote,Binding,448,2.651278013998144,0.0,-2.0,Low,False,0.181
SPG1_STRSG_Wu_2016,SPG1_STRSG,Progen3 219m,219000000.0,8.340444114840118,Prokaryote,Binding,448,2.651278013998144,1.34,0.12710479836480765,Medium,False,-0.007
SPG2_STRSG_Tsuboyama_2023_5UBS,SPG2_STRSG,Progen3 219m,219000000.0,8.340444114840118,Prokaryote,Stability,56,1.7481880270062005,56.55,1.7524326092614742,Medium,False,0.474
SPIKE_SARS2_Starr_2020_binding,SPIKE_SARS2,Progen3 219m,219000000.0,8.340444114840118,Virus,Binding,1273,3.1048284036536553,1.06,0.02530586526477026,Medium,False,0.386
SPIKE_SARS2_Starr_2020_expression,SPIKE_SARS2,Progen3 219m,219000000.0,8.340444114840118,Virus,Expression,1273,3.1048284036536553,1.06,0.02530586526477026,Medium,False,0.417
SPTN1_CHICK_Tsuboyama_2023_1TUD,SPTN1_CHICK,Progen3 219m,219000000.0,8.340444114840118,Eukaryote,Stability,60,1.7781512503836436,285.61,2.455773409227347,High,False,0.258
SQSTM_MOUSE_Tsuboyama_2023_2RRU,SQSTM_MOUSE,Progen3 219m,219000000.0,8.340444114840118,Eukaryote,Stability,40,1.6020599913279623,84.27,1.9256729939212405,Medium,False,0.08
SR43C_ARATH_Tsuboyama_2023_2N88,SR43C_ARATH,Progen3 219m,219000000.0,8.340444114840118,Eukaryote,Stability,48,1.6812412373755872,253.55,2.404063614883892,High,False,-0.082
SRBS1_HUMAN_Tsuboyama_2023_2O2W,SRBS1_HUMAN,Progen3 219m,219000000.0,8.340444114840118,Human,Stability,67,1.8260748027008264,363.68,2.5607194183808955,High,False,0.616
SRC_HUMAN_Ahler_2019,SRC_HUMAN,Progen3 219m,219000000.0,8.340444114840118,Human,Activity,536,2.72916478969277,2.75,0.43933269383026263,Medium,False,0.47
SRC_HUMAN_Chakraborty_2023_binding-DAS_25uM,SRC_HUMAN,Progen3 219m,219000000.0,8.340444114840118,Human,Activity,536,2.72916478969277,3.38,0.5289167002776547,Medium,False,0.403
SRC_HUMAN_Nguyen_2022,SRC_HUMAN,Progen3 219m,219000000.0,8.340444114840118,Human,OrganismalFitness,536,2.72916478969277,3.38,0.5289167002776547,Medium,False,0.398
SUMO1_HUMAN_Weile_2017,SUMO1_HUMAN,Progen3 219m,219000000.0,8.340444114840118,Human,OrganismalFitness,101,2.0043213737826426,140.9,2.1489109931093564,High,False,0.312
SYUA_HUMAN_Newberry_2020,SYUA_HUMAN,Progen3 219m,219000000.0,8.340444114840118,Human,OrganismalFitness,140,2.146128035678238,47.17,1.673665876245702,Medium,False,0.082
TADBP_HUMAN_Bolognesi_2019,TADBP_HUMAN,Progen3 219m,219000000.0,8.340444114840118,Human,OrganismalFitness,414,2.617000341120899,0.33,-0.4814860601221125,Low,False,0.151
TAT_HV1BR_Fernandes_2016,TAT_HV1BR,Progen3 219m,219000000.0,8.340444114840118,Virus,OrganismalFitness,86,1.9344984512435677,115.56,2.062807533172159,High,False,0.424
TCRG1_MOUSE_Tsuboyama_2023_1E0L,TCRG1_MOUSE,Progen3 219m,219000000.0,8.340444114840118,Eukaryote,Stability,37,1.568201724066995,79.56,1.9006947744523979,Medium,False,0.535
THO1_YEAST_Tsuboyama_2023_2WQG,THO1_YEAST,Progen3 219m,219000000.0,8.340444114840118,Eukaryote,Stability,41,1.6127838567197355,206.87,2.3156975144495764,High,False,0.376
TNKS2_HUMAN_Tsuboyama_2023_5JRT,TNKS2_HUMAN,Progen3 219m,219000000.0,8.340444114840118,Human,Stability,59,1.7708520116421442,195.89,2.2920122662363456,High,False,0.013
TPK1_HUMAN_Weile_2017,TPK1_HUMAN,Progen3 219m,219000000.0,8.340444114840118,Human,OrganismalFitness,243,2.385606273598312,29.93,1.4761067168401913,Medium,False,0.167
TPMT_HUMAN_Matreyek_2018,TPMT_HUMAN,Progen3 219m,219000000.0,8.340444114840118,Human,Expression,245,2.3891660843645326,26.71,1.426673888021373,Medium,False,0.444
TPOR_HUMAN_Bridgford_2020,TPOR_HUMAN,Progen3 219m,219000000.0,8.340444114840118,Human,OrganismalFitness,635,2.8027737252919755,0.19,-0.721246399047171,Low,False,0.273
TRPC_SACS2_Chan_2017,TRPC_SACS2,Progen3 219m,219000000.0,8.340444114840118,Prokaryote,OrganismalFitness,248,2.3944516808262164,41.98,1.6230424342463816,Medium,False,0.525
TRPC_THEMA_Chan_2017,TRPC_THEMA,Progen3 219m,219000000.0,8.340444114840118,Prokaryote,OrganismalFitness,252,2.401400540781544,41.51,1.6181527333785195,Medium,False,0.412
UBC9_HUMAN_Weile_2017,UBC9_HUMAN,Progen3 219m,219000000.0,8.340444114840118,Human,OrganismalFitness,159,2.2013971243204513,55.33,1.7429606702141525,Medium,False,0.282
UBE4B_HUMAN_Tsuboyama_2023_3L1X,UBE4B_HUMAN,Progen3 219m,219000000.0,8.340444114840118,Human,Stability,69,1.8388490907372552,506.27,2.704382193196689,High,False,-0.065
UBE4B_MOUSE_Starita_2013,UBE4B_MOUSE,Progen3 219m,219000000.0,8.340444114840118,Eukaryote,Activity,1173,3.0692980121155293,0.64,-0.1938200260161128,Low,False,0.162
UBR5_HUMAN_Tsuboyama_2023_1I2T,UBR5_HUMAN,Progen3 219m,219000000.0,8.340444114840118,Human,Stability,58,1.7634279935629373,17.55,1.2442771208018428,Medium,False,0.366
VG08_BPP22_Tsuboyama_2023_2GP8,VG08_BPP22,Progen3 219m,219000000.0,8.340444114840118,Virus,Stability,40,1.6020599913279623,1177.87,3.0710973605715015,High,False,0.353
VILI_CHICK_Tsuboyama_2023_1YU5,VILI_CHICK,Progen3 219m,219000000.0,8.340444114840118,Eukaryote,Stability,65,1.8129133566428555,761.62,2.8817383400187397,High,False,0.141
VKOR1_HUMAN_Chiasson_2020_abundance,VKOR1_HUMAN,Progen3 219m,219000000.0,8.340444114840118,Human,Expression,163,2.2121876044039577,29.05,1.4631461367263496,Medium,False,0.335
VKOR1_HUMAN_Chiasson_2020_activity,VKOR1_HUMAN,Progen3 219m,219000000.0,8.340444114840118,Human,Activity,163,2.2121876044039577,29.05,1.4631461367263496,Medium,False,0.213
VRPI_BPT7_Tsuboyama_2023_2WNM,VRPI_BPT7,Progen3 219m,219000000.0,8.340444114840118,Virus,Stability,56,1.7481880270062005,81.19,1.9095025414054154,Medium,False,0.196
YAIA_ECOLI_Tsuboyama_2023_2KVT,YAIA_ECOLI,Progen3 219m,219000000.0,8.340444114840118,Prokaryote,Stability,52,1.7160033436347992,16.25,1.2108533653148932,Medium,False,0.059
YAP1_HUMAN_Araya_2012,YAP1_HUMAN,Progen3 219m,219000000.0,8.340444114840118,Human,Binding,504,2.7024305364455254,0.26,-0.585026652029182,Low,False,0.322
YNZC_BACSU_Tsuboyama_2023_2JVD,YNZC_BACSU,Progen3 219m,219000000.0,8.340444114840118,Prokaryote,Stability,39,1.591064607026499,40.99,1.6126779183165019,Medium,False,0.592
A0A140D2T1_ZIKV_Sourisseau_2019,A0A140D2T1_ZIKV,Progen3 339m,339000000.0,8.530199698203083,Virus,OrganismalFitness,3423,3.534406899137877,1.63,0.21218760440395779,Medium,False,0.305
A0A192B1T2_9HIV1_Haddox_2018,A0A192B1T2_9HIV1,Progen3 339m,339000000.0,8.530199698203083,Virus,OrganismalFitness,852,2.9304395947667,42.81,1.6315452278343094,Medium,False,0.471
A0A1I9GEU1_NEIME_Kennouche_2019,A0A1I9GEU1_NEIME,Progen3 339m,339000000.0,8.530199698203083,Prokaryote,Activity,161,2.2068258760318495,14.07,1.1482940974347458,Medium,False,0.043
A0A247D711_LISMN_Stadelmann_2021,A0A247D711_LISMN,Progen3 339m,339000000.0,8.530199698203083,Prokaryote,Activity,87,1.9395192526186185,0.1,-1.0,Low,False,0.049
A0A2Z5U3Z0_9INFA_Doud_2016,A0A2Z5U3Z0_9INFA,Progen3 339m,339000000.0,8.530199698203083,Virus,OrganismalFitness,565,2.7520484478194387,16.01,1.2043913319192998,Medium,False,0.488
A0A2Z5U3Z0_9INFA_Wu_2014,A0A2Z5U3Z0_9INFA,Progen3 339m,339000000.0,8.530199698203083,Virus,OrganismalFitness,565,2.7520484478194387,16.01,1.2043913319192998,Medium,False,0.461
A4_HUMAN_Seuma_2022,A4_HUMAN,Progen3 339m,339000000.0,8.530199698203083,Human,Stability,770,2.886490725172482,0.08,-1.0969100130080565,Low,False,0.375
A4D664_9INFA_Soh_2019,A4D664_9INFA,Progen3 339m,339000000.0,8.530199698203083,Virus,OrganismalFitness,759,2.88024177589548,1.7,0.2304489213782739,Medium,False,0.352
A4GRB6_PSEAI_Chen_2020,A4GRB6_PSEAI,Progen3 339m,339000000.0,8.530199698203083,Prokaryote,OrganismalFitness,266,2.424881636631067,120.61,2.081383317462285,High,False,0.591
AACC1_PSEAI_Dandage_2018,AACC1_PSEAI,Progen3 339m,339000000.0,8.530199698203083,Prokaryote,OrganismalFitness,177,2.247973266361807,985.3,2.9935684827897275,High,False,0.405
ACE2_HUMAN_Chan_2020,ACE2_HUMAN,Progen3 339m,339000000.0,8.530199698203083,Human,Binding,805,2.9057958803678687,1.97,0.2944662261615929,Medium,False,0.106
ADRB2_HUMAN_Jones_2020,ADRB2_HUMAN,Progen3 339m,339000000.0,8.530199698203083,Human,Activity,413,2.615950051656401,67.99,1.832445041174111,Medium,False,0.52
AICDA_HUMAN_Gajula_2014_3cycles,AICDA_HUMAN,Progen3 339m,339000000.0,8.530199698203083,Human,Activity,198,2.296665190261531,18.4,1.2648178230095364,Medium,False,-0.226
AMFR_HUMAN_Tsuboyama_2023_4G3O,AMFR_HUMAN,Progen3 339m,339000000.0,8.530199698203083,Human,Stability,47,1.6720978579357175,26.51,1.4234097277330935,Medium,False,-0.253
AMIE_PSEAE_Wrenbeck_2017,AMIE_PSEAE,Progen3 339m,339000000.0,8.530199698203083,Prokaryote,Activity,346,2.5390760987927767,89.1,1.9498777040368747,Medium,False,0.512
ANCSZ_Hobbs_2022,ANCSZ,Progen3 339m,339000000.0,8.530199698203083,Eukaryote,Activity,627,2.7972675408307164,1.79,0.2528530309798932,Medium,False,0.494
ARGR_ECOLI_Tsuboyama_2023_1AOY,ARGR_ECOLI,Progen3 339m,339000000.0,8.530199698203083,Prokaryote,Stability,69,1.8388490907372552,54.24,1.734319680859007,Medium,False,0.457
B2L11_HUMAN_Dutta_2010_binding-Mcl-1,B2L11_HUMAN,Progen3 339m,339000000.0,8.530199698203083,Human,Binding,198,2.296665190261531,0.45,-0.3467874862246563,Low,False,0.238
BBC1_YEAST_Tsuboyama_2023_1TG0,BBC1_YEAST,Progen3 339m,339000000.0,8.530199698203083,Eukaryote,Stability,64,1.806179973983887,271.76,2.4341855338619713,High,False,0.443
BCHB_CHLTE_Tsuboyama_2023_2KRU,BCHB_CHLTE,Progen3 339m,339000000.0,8.530199698203083,Prokaryote,Stability,52,1.7160033436347992,51.95,1.7155855518931962,Medium,False,0.357
BLAT_ECOLX_Deng_2012,BLAT_ECOLX,Progen3 339m,339000000.0,8.530199698203083,Prokaryote,OrganismalFitness,286,2.456366033129043,177.98,2.2503712024344784,High,False,0.369
BLAT_ECOLX_Firnberg_2014,BLAT_ECOLX,Progen3 339m,339000000.0,8.530199698203083,Prokaryote,OrganismalFitness,286,2.456366033129043,177.98,2.2503712024344784,High,False,0.521
BLAT_ECOLX_Jacquier_2013,BLAT_ECOLX,Progen3 339m,339000000.0,8.530199698203083,Prokaryote,OrganismalFitness,286,2.456366033129043,177.98,2.2503712024344784,High,False,0.541
BLAT_ECOLX_Stiffler_2015,BLAT_ECOLX,Progen3 339m,339000000.0,8.530199698203083,Prokaryote,OrganismalFitness,286,2.456366033129043,177.98,2.2503712024344784,High,False,0.511
BRCA1_HUMAN_Findlay_2018,BRCA1_HUMAN,Progen3 339m,339000000.0,8.530199698203083,Human,OrganismalFitness,1863,3.2702128548962426,0.05,-1.3010299956639813,Low,False,0.152
BRCA2_HUMAN_Erwood_2022_HEK293T,BRCA2_HUMAN,Progen3 339m,339000000.0,8.530199698203083,Human,OrganismalFitness,3418,3.533772058384718,0.02,-1.6989700043360187,Low,False,0.062
C6KNH7_9INFA_Lee_2018,C6KNH7_9INFA,Progen3 339m,339000000.0,8.530199698203083,Virus,OrganismalFitness,566,2.7528164311882715,16.0,1.2041199826559248,Medium,False,0.39
CALM1_HUMAN_Weile_2017,CALM1_HUMAN,Progen3 339m,339000000.0,8.530199698203083,Human,OrganismalFitness,149,2.173186268412274,190.77,2.280510079703276,High,False,0.218
CAPSD_AAV2S_Sinai_2021,CAPSD_AAV2S,Progen3 339m,339000000.0,8.530199698203083,Virus,OrganismalFitness,735,2.8662873390841948,0.26,-0.585026652029182,Low,False,0.224
CAR11_HUMAN_Meitlis_2020_gof,CAR11_HUMAN,Progen3 339m,339000000.0,8.530199698203083,Human,OrganismalFitness,1154,3.0622058088197126,0.04,-1.3979400086720375,Low,False,0.07
CAR11_HUMAN_Meitlis_2020_lof,CAR11_HUMAN,Progen3 339m,339000000.0,8.530199698203083,Human,OrganismalFitness,1154,3.0622058088197126,0.04,-1.3979400086720375,Low,False,0.119
CAS9_STRP1_Spencer_2017_positive,CAS9_STRP1,Progen3 339m,339000000.0,8.530199698203083,Prokaryote,Activity,1368,3.1360860973840974,1.14,0.05690485133647256,Medium,False,0.185
CASP3_HUMAN_Roychowdhury_2020,CASP3_HUMAN,Progen3 339m,339000000.0,8.530199698203083,Human,Activity,258,2.41161970596323,111.55,2.0474695746198566,High,False,0.453
CASP7_HUMAN_Roychowdhury_2020,CASP7_HUMAN,Progen3 339m,339000000.0,8.530199698203083,Human,Activity,281,2.44870631990508,80.66,1.9066582176715998,Medium,False,0.506
CATR_CHLRE_Tsuboyama_2023_2AMI,CATR_CHLRE,Progen3 339m,339000000.0,8.530199698203083,Eukaryote,Stability,72,1.8573324964312685,1107.51,3.044347656272274,High,False,0.636
CBPA2_HUMAN_Tsuboyama_2023_1O6X,CBPA2_HUMAN,Progen3 339m,339000000.0,8.530199698203083,Human,Stability,72,1.8573324964312685,43.64,1.6398847419163043,Medium,False,0.61
CBS_HUMAN_Sun_2020,CBS_HUMAN,Progen3 339m,339000000.0,8.530199698203083,Human,OrganismalFitness,551,2.741151598851785,3.5,0.5440680443502757,Medium,False,0.362
CBX4_HUMAN_Tsuboyama_2023_2K28,CBX4_HUMAN,Progen3 339m,339000000.0,8.530199698203083,Human,Stability,50,1.6989700043360187,269.65,2.430800424624181,High,False,0.505
CCDB_ECOLI_Adkar_2012,CCDB_ECOLI,Progen3 339m,339000000.0,8.530199698203083,Prokaryote,Activity,101,2.0043213737826426,168.82,2.227423895933663,High,False,0.111
CCDB_ECOLI_Tripathi_2016,CCDB_ECOLI,Progen3 339m,339000000.0,8.530199698203083,Prokaryote,OrganismalFitness,101,2.0043213737826426,168.82,2.227423895933663,High,False,0.17
CCR5_HUMAN_Gill_2023,CCR5_HUMAN,Progen3 339m,339000000.0,8.530199698203083,Human,Binding,352,2.546542663478131,182.74,2.261833620575751,High,False,0.349
CD19_HUMAN_Klesmith_2019_FMC_singles,CD19_HUMAN,Progen3 339m,339000000.0,8.530199698203083,Human,Binding,556,2.7450747915820575,0.5,-0.3010299956639812,Low,False,0.103
CP2C9_HUMAN_Amorosi_2021_abundance,CP2C9_HUMAN,Progen3 339m,339000000.0,8.530199698203083,Human,Expression,490,2.690196080028514,165.48,2.2187455122234745,High,False,0.59
CP2C9_HUMAN_Amorosi_2021_activity,CP2C9_HUMAN,Progen3 339m,339000000.0,8.530199698203083,Human,Binding,490,2.690196080028514,165.48,2.2187455122234745,High,False,0.651
CSN4_MOUSE_Tsuboyama_2023_1UFM,CSN4_MOUSE,Progen3 339m,339000000.0,8.530199698203083,Eukaryote,Stability,72,1.8573324964312685,48.23,1.6833172619218826,Medium,False,0.584
CUE1_YEAST_Tsuboyama_2023_2MYX,CUE1_YEAST,Progen3 339m,339000000.0,8.530199698203083,Eukaryote,Stability,52,1.7160033436347992,7.64,0.8830933585756899,Medium,False,0.117
D7PM05_CLYGR_Somermeyer_2022,D7PM05_CLYGR,Progen3 339m,339000000.0,8.530199698203083,Eukaryote,Activity,235,2.3710678622717363,0.6,-0.2218487496163564,Low,False,0.071
DLG4_HUMAN_Faure_2021,DLG4_HUMAN,Progen3 339m,339000000.0,8.530199698203083,Human,OrganismalFitness,724,2.859738566197147,0.46,-0.3372421683184259,Low,False,0.605
DLG4_RAT_McLaughlin_2012,DLG4_RAT,Progen3 339m,339000000.0,8.530199698203083,Eukaryote,Binding,724,2.859738566197147,0.36,-0.44369749923271273,Low,False,0.325
DN7A_SACS2_Tsuboyama_2023_1JIC,DN7A_SACS2,Progen3 339m,339000000.0,8.530199698203083,Prokaryote,Stability,55,1.7403626894942439,24.82,1.394801777162711,Medium,False,0.08
DNJA1_HUMAN_Tsuboyama_2023_2LO1,DNJA1_HUMAN,Progen3 339m,339000000.0,8.530199698203083,Human,Stability,65,1.8129133566428555,547.68,2.7385268817938018,High,False,0.762
DOCK1_MOUSE_Tsuboyama_2023_2M0Y,DOCK1_MOUSE,Progen3 339m,339000000.0,8.530199698203083,Eukaryote,Stability,66,1.8195439355418688,368.28,2.5661781344794474,High,False,0.163
DYR_ECOLI_Nguyen_2023,DYR_ECOLI,Progen3 339m,339000000.0,8.530199698203083,Prokaryote,OrganismalFitness,159,2.2013971243204513,337.1,2.527758752520972,High,False,0.339
DYR_ECOLI_Thompson_2019,DYR_ECOLI,Progen3 339m,339000000.0,8.530199698203083,Prokaryote,OrganismalFitness,159,2.2013971243204513,77.51,1.8893577368889316,Medium,False,0.455
ENV_HV1B9_DuenasDecamp_2016,ENV_HV1B9,Progen3 339m,339000000.0,8.530199698203083,Virus,OrganismalFitness,853,2.930949031167523,47.92,1.680516809381255,Medium,False,0.25
ENV_HV1BR_Haddox_2016,ENV_HV1BR,Progen3 339m,339000000.0,8.530199698203083,Virus,OrganismalFitness,861,2.935003151453655,43.39,1.637389650129212,Medium,False,0.324
ENVZ_ECOLI_Ghose_2023,ENVZ_ECOLI,Progen3 339m,339000000.0,8.530199698203083,Prokaryote,Activity,60,1.7781512503836436,4595.33,3.6623167044126537,High,False,0.153
EPHB2_HUMAN_Tsuboyama_2023_1F0M,EPHB2_HUMAN,Progen3 339m,339000000.0,8.530199698203083,Human,Stability,66,1.8195439355418688,126.33,2.1015064961399275,High,False,0.5
ERBB2_HUMAN_Elazar_2016,ERBB2_HUMAN,Progen3 339m,339000000.0,8.530199698203083,Human,Expression,1255,3.098643725817057,0.32,-0.494850021680094,Low,False,0.452
ESTA_BACSU_Nutschel_2020,ESTA_BACSU,Progen3 339m,339000000.0,8.530199698203083,Prokaryote,Stability,212,2.326335860928751,313.28,2.495932670123044,High,False,0.319
F7YBW8_MESOW_Ding_2023,F7YBW8_MESOW,Progen3 339m,339000000.0,8.530199698203083,Prokaryote,OrganismalFitness,93,1.968482948553935,176.23,2.2460798412237666,High,False,0.417
F7YBW8_MESOW_Aakre_2015,F7YBW8_MESOW,Progen3 339m,339000000.0,8.530199698203083,Prokaryote,OrganismalFitness,93,1.968482948553935,176.23,2.2460798412237666,High,False,0.038
FECA_ECOLI_Tsuboyama_2023_2D1U,FECA_ECOLI,Progen3 339m,339000000.0,8.530199698203083,Prokaryote,Stability,72,1.8573324964312685,141.6,2.15106325335375,High,False,0.342
FKBP3_HUMAN_Tsuboyama_2023_2KFV,FKBP3_HUMAN,Progen3 339m,339000000.0,8.530199698203083,Human,Stability,69,1.8388490907372552,1.85,0.26717172840301384,Medium,False,0.185
GAL4_YEAST_Kitzman_2015,GAL4_YEAST,Progen3 339m,339000000.0,8.530199698203083,Eukaryote,OrganismalFitness,881,2.9449759084120477,10.02,1.000867721531227,Medium,False,0.33
GCN4_YEAST_Staller_2018,GCN4_YEAST,Progen3 339m,339000000.0,8.530199698203083,Eukaryote,Binding,281,2.44870631990508,0.66,-0.1804560644581313,Low,False,0.181
GDIA_HUMAN_Silverstein_2021,GDIA_HUMAN,Progen3 339m,339000000.0,8.530199698203083,Human,OrganismalFitness,447,2.6503075231319366,0.8,-0.09691001300805639,Low,False,0.405
GFP_AEQVI_Sarkisyan_2016,GFP_AEQVI,Progen3 339m,339000000.0,8.530199698203083,Eukaryote,Activity,238,2.376576957056512,0.06,-1.2218487496163564,Low,False,0.154
GLPA_HUMAN_Elazar_2016,GLPA_HUMAN,Progen3 339m,339000000.0,8.530199698203083,Human,Expression,150,2.1760912590556813,0.51,-0.2924298239020636,Low,False,0.381
GRB2_HUMAN_Faure_2021,GRB2_HUMAN,Progen3 339m,339000000.0,8.530199698203083,Human,OrganismalFitness,217,2.3364597338485296,6.78,0.8312296938670634,Medium,False,0.518
HCP_LAMBD_Tsuboyama_2023_2L6Q,HCP_LAMBD,Progen3 339m,339000000.0,8.530199698203083,Virus,Stability,55,1.7403626894942439,30.76,1.4879863311293935,Medium,False,0.364
HECD1_HUMAN_Tsuboyama_2023_3DKM,HECD1_HUMAN,Progen3 339m,339000000.0,8.530199698203083,Human,Stability,72,1.8573324964312685,17.22,1.236033147117636,Medium,False,0.133
HEM3_HUMAN_Loggerenberg_2023,HEM3_HUMAN,Progen3 339m,339000000.0,8.530199698203083,Human,Activity,361,2.5575072019056577,32.84,1.5164031484474032,Medium,False,0.381
HIS7_YEAST_Pokusaeva_2019,HIS7_YEAST,Progen3 339m,339000000.0,8.530199698203083,Eukaryote,OrganismalFitness,220,2.342422680822206,23.97,1.3796680340336538,Medium,False,0.457
HMDH_HUMAN_Jiang_2019,HMDH_HUMAN,Progen3 339m,339000000.0,8.530199698203083,Human,OrganismalFitness,888,2.948412965778601,0.58,-0.23657200643706275,Low,False,0.495
HSP82_YEAST_Cote-Hammarlof_2020_growth-H2O2,HSP82_YEAST,Progen3 339m,339000000.0,8.530199698203083,Eukaryote,OrganismalFitness,709,2.8506462351830666,6.47,0.8109042806687004,Medium,False,0.341
HSP82_YEAST_Flynn_2019,HSP82_YEAST,Progen3 339m,339000000.0,8.530199698203083,Eukaryote,OrganismalFitness,709,2.8506462351830666,5.45,0.7363965022766424,Medium,False,0.42
HSP82_YEAST_Mishra_2016,HSP82_YEAST,Progen3 339m,339000000.0,8.530199698203083,Eukaryote,OrganismalFitness,709,2.8506462351830666,5.45,0.7363965022766424,Medium,False,0.52
HXK4_HUMAN_Gersing_2022_activity,HXK4_HUMAN,Progen3 339m,339000000.0,8.530199698203083,Human,OrganismalFitness,465,2.667452952889954,4.99,0.69810054562339,Medium,False,0.469
HXK4_HUMAN_Gersing_2023_abundance,HXK4_HUMAN,Progen3 339m,339000000.0,8.530199698203083,Human,Expression,465,2.667452952889954,5.38,0.7307822756663892,Medium,False,0.271
I6TAH8_I68A0_Doud_2015,I6TAH8_I68A0,Progen3 339m,339000000.0,8.530199698203083,Virus,OrganismalFitness,498,2.6972293427597176,2.15,0.33243845991560533,Medium,False,0.321
IF1_ECOLI_Kelsic_2016,IF1_ECOLI,Progen3 339m,339000000.0,8.530199698203083,Prokaryote,OrganismalFitness,72,1.8573324964312685,536.24,2.72935920638567,High,False,0.471
ILF3_HUMAN_Tsuboyama_2023_2L33,ILF3_HUMAN,Progen3 339m,339000000.0,8.530199698203083,Human,Stability,71,1.8512583487190752,309.51,2.490674685261338,High,False,0.219
ISDH_STAAW_Tsuboyama_2023_2LHR,ISDH_STAAW,Progen3 339m,339000000.0,8.530199698203083,Prokaryote,Stability,55,1.7403626894942439,713.67,2.8534974410356244,High,False,0.321
KCNE1_HUMAN_Muhammad_2023_expression,KCNE1_HUMAN,Progen3 339m,339000000.0,8.530199698203083,Human,Expression,129,2.110589710299249,1.74,0.24054924828259971,Medium,False,0.26
KCNE1_HUMAN_Muhammad_2023_function,KCNE1_HUMAN,Progen3 339m,339000000.0,8.530199698203083,Human,Activity,129,2.110589710299249,1.74,0.24054924828259971,Medium,False,0.207
KCNH2_HUMAN_Kozek_2020,KCNH2_HUMAN,Progen3 339m,339000000.0,8.530199698203083,Human,Activity,1159,3.064083435963596,6.29,0.798650645445269,Medium,False,0.51
KCNJ2_MOUSE_Coyote-Maestas_2022_function,KCNJ2_MOUSE,Progen3 339m,339000000.0,8.530199698203083,Eukaryote,Activity,428,2.6314437690131722,5.28,0.7226339225338123,Medium,False,0.324
KCNJ2_MOUSE_Coyote-Maestas_2022_surface,KCNJ2_MOUSE,Progen3 339m,339000000.0,8.530199698203083,Eukaryote,Expression,428,2.6314437690131722,5.28,0.7226339225338123,Medium,False,0.295
KKA2_KLEPN_Melnikov_2014,KKA2_KLEPN,Progen3 339m,339000000.0,8.530199698203083,Prokaryote,OrganismalFitness,264,2.4216039268698313,298.65,2.475162519083091,High,False,0.537
LGK_LIPST_Klesmith_2015,LGK_LIPST,Progen3 339m,339000000.0,8.530199698203083,Eukaryote,Activity,439,2.6424645202421213,18.83,1.2748503200166648,Medium,False,0.412
LYAM1_HUMAN_Elazar_2016,LYAM1_HUMAN,Progen3 339m,339000000.0,8.530199698203083,Human,Expression,372,2.5705429398818973,1.09,0.037426497940623665,Medium,False,0.402
MAFG_MOUSE_Tsuboyama_2023_1K1V,MAFG_MOUSE,Progen3 339m,339000000.0,8.530199698203083,Eukaryote,Stability,41,1.6127838567197355,3.89,0.5899496013257077,Medium,False,0.618
MBD11_ARATH_Tsuboyama_2023_6ACV,MBD11_ARATH,Progen3 339m,339000000.0,8.530199698203083,Eukaryote,Stability,66,1.8195439355418688,24.91,1.3963737275365065,Medium,False,-0.089
MET_HUMAN_Estevam_2023,MET_HUMAN,Progen3 339m,339000000.0,8.530199698203083,Human,Activity,287,2.4578818967339924,17.78,1.249931756634195,Medium,False,0.499
MK01_HUMAN_Brenan_2016,MK01_HUMAN,Progen3 339m,339000000.0,8.530199698203083,Human,OrganismalFitness,360,2.5563025007672873,25.98,1.4146391467370092,Medium,False,0.23
MLAC_ECOLI_MacRae_2023,MLAC_ECOLI,Progen3 339m,339000000.0,8.530199698203083,Prokaryote,OrganismalFitness,211,2.3242824552976926,37.67,1.5759956202032677,Medium,False,0.337
MSH2_HUMAN_Jia_2020,MSH2_HUMAN,Progen3 339m,339000000.0,8.530199698203083,Human,OrganismalFitness,934,2.9703468762300935,11.71,1.0685568950723632,Medium,False,0.325
MTH3_HAEAE_RockahShmuel_2015,MTH3_HAEAE,Progen3 339m,339000000.0,8.530199698203083,Prokaryote,OrganismalFitness,330,2.5185139398778875,82.51,1.9165065871151556,Medium,False,0.674
MTHR_HUMAN_Weile_2021,MTHR_HUMAN,Progen3 339m,339000000.0,8.530199698203083,Human,OrganismalFitness,656,2.8169038393756605,0.99,-0.004364805402450088,Low,False,0.393
MYO3_YEAST_Tsuboyama_2023_2BTT,MYO3_YEAST,Progen3 339m,339000000.0,8.530199698203083,Eukaryote,Stability,61,1.7853298350107671,208.4,2.3188977146274867,High,False,0.199
NCAP_I34A1_Doud_2015,NCAP_I34A1,Progen3 339m,339000000.0,8.530199698203083,Virus,OrganismalFitness,498,2.6972293427597176,2.15,0.33243845991560533,Medium,False,0.34
NKX31_HUMAN_Tsuboyama_2023_2L9R,NKX31_HUMAN,Progen3 339m,339000000.0,8.530199698203083,Human,Stability,61,1.7853298350107671,147.96,2.1701443226433565,High,False,0.641
NPC1_HUMAN_Erwood_2022_HEK293T,NPC1_HUMAN,Progen3 339m,339000000.0,8.530199698203083,Human,Activity,1278,3.1065308538223815,0.67,-0.17392519729917355,Low,False,0.362
NPC1_HUMAN_Erwood_2022_RPE1,NPC1_HUMAN,Progen3 339m,339000000.0,8.530199698203083,Human,Activity,1278,3.1065308538223815,0.67,-0.17392519729917355,Low,False,0.453
NRAM_I33A0_Jiang_2016,NRAM_I33A0,Progen3 339m,339000000.0,8.530199698203083,Virus,OrganismalFitness,453,2.656098202012832,15.93,1.2022157758011316,Medium,False,0.641
NUD15_HUMAN_Suiter_2020,NUD15_HUMAN,Progen3 339m,339000000.0,8.530199698203083,Human,Expression,164,2.214843848047698,281.51,2.4494938267812603,High,False,0.471
NUSA_ECOLI_Tsuboyama_2023_1WCL,NUSA_ECOLI,Progen3 339m,339000000.0,8.530199698203083,Prokaryote,Stability,69,1.8388490907372552,598.86,2.777325305972129,High,False,0.396
NUSG_MYCTU_Tsuboyama_2023_2MI6,NUSG_MYCTU,Progen3 339m,339000000.0,8.530199698203083,Prokaryote,Stability,55,1.7403626894942439,320.33,2.5055976137320095,High,False,0.397
OBSCN_HUMAN_Tsuboyama_2023_1V1C,OBSCN_HUMAN,Progen3 339m,339000000.0,8.530199698203083,Human,Stability,65,1.8129133566428555,378.54,2.578111777789627,High,False,0.476
ODP2_GEOSE_Tsuboyama_2023_1W4G,ODP2_GEOSE,Progen3 339m,339000000.0,8.530199698203083,Prokaryote,Stability,44,1.6434526764861874,397.86,2.5997302782956524,High,False,0.071
OPSD_HUMAN_Wan_2019,OPSD_HUMAN,Progen3 339m,339000000.0,8.530199698203083,Human,Expression,348,2.5415792439465807,107.19,2.0301542709221025,High,False,0.467
OTC_HUMAN_Lo_2023,OTC_HUMAN,Progen3 339m,339000000.0,8.530199698203083,Human,Activity,354,2.5490032620257876,53.97,1.7321524180652137,Medium,False,0.512
OTU7A_HUMAN_Tsuboyama_2023_2L2D,OTU7A_HUMAN,Progen3 339m,339000000.0,8.530199698203083,Human,Stability,42,1.6232492903979006,12395.25,4.0932552904846835,High,False,0.254
OXDA_RHOTO_Vanella_2023_activity,OXDA_RHOTO,Progen3 339m,339000000.0,8.530199698203083,Eukaryote,Activity,364,2.561101383649056,271.28,2.43341777677003,High,False,0.255
OXDA_RHOTO_Vanella_2023_expression,OXDA_RHOTO,Progen3 339m,339000000.0,8.530199698203083,Eukaryote,Expression,364,2.561101383649056,271.28,2.43341777677003,High,False,0.258
P53_HUMAN_Giacomelli_2018_Null_Etoposide,P53_HUMAN,Progen3 339m,339000000.0,8.530199698203083,Human,OrganismalFitness,393,2.5943925503754266,0.39,-0.4089353929735008,Low,False,-0.117
P53_HUMAN_Giacomelli_2018_Null_Nutlin,P53_HUMAN,Progen3 339m,339000000.0,8.530199698203083,Human,OrganismalFitness,393,2.5943925503754266,0.39,-0.4089353929735008,Low,False,-0.119
P53_HUMAN_Giacomelli_2018_WT_Nutlin,P53_HUMAN,Progen3 339m,339000000.0,8.530199698203083,Human,OrganismalFitness,393,2.5943925503754266,0.39,-0.4089353929735008,Low,False,-0.163
P53_HUMAN_Kotler_2018,P53_HUMAN,Progen3 339m,339000000.0,8.530199698203083,Human,OrganismalFitness,393,2.5943925503754266,0.37,-0.431798275933005,Low,False,0.088
P84126_THETH_Chan_2017,P84126_THETH,Progen3 339m,339000000.0,8.530199698203083,Prokaryote,OrganismalFitness,254,2.404833716619938,41.7,1.6201360549737576,Medium,False,0.492
PA_I34A1_Wu_2015,PA_I34A1,Progen3 339m,339000000.0,8.530199698203083,Virus,OrganismalFitness,716,2.8549130223078554,1.75,0.24303804868629444,Medium,False,0.441
PABP_YEAST_Melamed_2013,PABP_YEAST,Progen3 339m,339000000.0,8.530199698203083,Eukaryote,OrganismalFitness,577,2.7611758131557314,1.42,0.15228834438305647,Medium,False,0.65
PAI1_HUMAN_Huttinger_2021,PAI1_HUMAN,Progen3 339m,339000000.0,8.530199698203083,Human,Activity,402,2.60422605308447,30.34,1.4820155764507117,Medium,False,0.369
PHOT_CHLRE_Chen_2023,PHOT_CHLRE,Progen3 339m,339000000.0,8.530199698203083,Eukaryote,Activity,118,2.0718820073061255,5215.65,3.717308440053486,High,False,0.523
PIN1_HUMAN_Tsuboyama_2023_1I6C,PIN1_HUMAN,Progen3 339m,339000000.0,8.530199698203083,Human,Stability,39,1.591064607026499,287.66,2.458879476116883,High,False,0.534
PITX2_HUMAN_Tsuboyama_2023_2L7M,PITX2_HUMAN,Progen3 339m,339000000.0,8.530199698203083,Human,Stability,52,1.7160033436347992,191.76,2.2827580210255976,High,False,0.602
PKN1_HUMAN_Tsuboyama_2023_1URF,PKN1_HUMAN,Progen3 339m,339000000.0,8.530199698203083,Human,Stability,71,1.8512583487190752,772.42,2.8878535102875573,High,False,0.291
POLG_CXB3N_Mattenberger_2021,POLG_CXB3N,Progen3 339m,339000000.0,8.530199698203083,Virus,OrganismalFitness,2185,3.3394514413064407,1.79,0.2528530309798932,Medium,False,0.052
POLG_DEN26_Suphatrakul_2023,POLG_DEN26,Progen3 339m,339000000.0,8.530199698203083,Virus,OrganismalFitness,900,2.9542425094393248,0.55,-0.2596373105057561,Low,False,0.442
POLG_HCVJF_Qi_2014,POLG_HCVJF,Progen3 339m,339000000.0,8.530199698203083,Virus,OrganismalFitness,3033,3.4818724103106633,41.97,1.62293896921149,Medium,False,0.032
POLG_PESV_Tsuboyama_2023_2MXD,POLG_PESV,Progen3 339m,339000000.0,8.530199698203083,Virus,Stability,53,1.724275869600789,262.74,2.419526195575769,High,False,0.077
PPARG_HUMAN_Majithia_2016,PPARG_HUMAN,Progen3 339m,339000000.0,8.530199698203083,Human,Activity,505,2.7032913781186614,6.24,0.795184589682424,Medium,False,0.568
PPM1D_HUMAN_Miller_2022,PPM1D_HUMAN,Progen3 339m,339000000.0,8.530199698203083,Human,OrganismalFitness,605,2.781755374652469,0.56,-0.25181197299379954,Low,False,0.493
PR40A_HUMAN_Tsuboyama_2023_1UZC,PR40A_HUMAN,Progen3 339m,339000000.0,8.530199698203083,Human,Stability,63,1.7993405494535817,56.72,1.7537362221750101,Medium,False,0.598
PRKN_HUMAN_Clausen_2023,PRKN_HUMAN,Progen3 339m,339000000.0,8.530199698203083,Human,Expression,465,2.667452952889954,0.37,-0.431798275933005,Low,False,0.342
PSAE_PICP2_Tsuboyama_2023_1PSE,PSAE_PICP2,Progen3 339m,339000000.0,8.530199698203083,Prokaryote,Stability,68,1.8325089127062364,1.85,0.26717172840301384,Medium,False,0.344
PTEN_HUMAN_Matreyek_2021,PTEN_HUMAN,Progen3 339m,339000000.0,8.530199698203083,Human,Expression,403,2.6053050461411096,3.72,0.5705429398818975,Medium,False,0.232
PTEN_HUMAN_Mighell_2018,PTEN_HUMAN,Progen3 339m,339000000.0,8.530199698203083,Human,Activity,403,2.6053050461411096,3.72,0.5705429398818975,Medium,False,0.368
Q2N0S5_9HIV1_Haddox_2018,Q2N0S5_9HIV1,Progen3 339m,339000000.0,8.530199698203083,Virus,OrganismalFitness,860,2.934498451243568,42.86,1.6320521667058099,Medium,False,0.499
Q53Z42_HUMAN_McShan_2019_binding-TAPBPR,Q53Z42_HUMAN,Progen3 339m,339000000.0,8.530199698203083,Human,Binding,365,2.5622928644564746,13.24,1.1218879851036812,Medium,False,0.24
Q53Z42_HUMAN_McShan_2019_expression,Q53Z42_HUMAN,Progen3 339m,339000000.0,8.530199698203083,Human,Expression,365,2.5622928644564746,13.24,1.1218879851036812,Medium,False,0.391
Q59976_STRSQ_Romero_2015,Q59976_STRSQ,Progen3 339m,339000000.0,8.530199698203083,Prokaryote,Activity,501,2.699837725867246,27.97,1.4466924663715273,Medium,False,0.623
Q6WV12_9MAXI_Somermeyer_2022,Q6WV12_9MAXI,Progen3 339m,339000000.0,8.530199698203083,Eukaryote,Activity,222,2.346352974450639,0.44,-0.3565473235138126,Low,False,-0.005
Q837P4_ENTFA_Meier_2023,Q837P4_ENTFA,Progen3 339m,339000000.0,8.530199698203083,Prokaryote,Activity,589,2.7701152947871015,90.8,1.958085848521085,Medium,False,0.496
Q837P5_ENTFA_Meier_2023,Q837P5_ENTFA,Progen3 339m,339000000.0,8.530199698203083,Prokaryote,Activity,571,2.756636108245848,95.02,1.9778150260831866,Medium,False,0.4
Q8WTC7_9CNID_Somermeyer_2022,Q8WTC7_9CNID,Progen3 339m,339000000.0,8.530199698203083,Eukaryote,Activity,238,2.376576957056512,0.51,-0.2924298239020636,Low,False,-0.001
R1AB_SARS2_Flynn_2022,R1AB_SARS2,Progen3 339m,339000000.0,8.530199698203083,Virus,OrganismalFitness,306,2.48572142648158,1.14,0.05690485133647256,Medium,False,0.18
RAD_ANTMA_Tsuboyama_2023_2CJJ,RAD_ANTMA,Progen3 339m,339000000.0,8.530199698203083,Eukaryote,Stability,54,1.7323937598229686,777.81,2.8908735224022113,High,False,0.532
RAF1_HUMAN_Zinkus-Boltz_2019,RAF1_HUMAN,Progen3 339m,339000000.0,8.530199698203083,Human,OrganismalFitness,648,2.8115750058705933,0.59,-0.22914798835785583,Low,False,0.15
RASH_HUMAN_Bandaru_2017,RASH_HUMAN,Progen3 339m,339000000.0,8.530199698203083,Human,Activity,189,2.2764618041732443,125.77,2.0995770609167086,High,False,0.438
RASK_HUMAN_Weng_2022_abundance,RASK_HUMAN,Progen3 339m,339000000.0,8.530199698203083,Human,Expression,188,2.27415784926368,146.37,2.1654520728319286,High,False,0.264
RASK_HUMAN_Weng_2022_binding-DARPin_K55,RASK_HUMAN,Progen3 339m,339000000.0,8.530199698203083,Human,Binding,188,2.27415784926368,146.37,2.1654520728319286,High,False,0.593
RBP1_HUMAN_Tsuboyama_2023_2KWH,RBP1_HUMAN,Progen3 339m,339000000.0,8.530199698203083,Human,Stability,52,1.7160033436347992,976.49,2.9896678001409684,High,False,0.357
RCD1_ARATH_Tsuboyama_2023_5OAO,RCD1_ARATH,Progen3 339m,339000000.0,8.530199698203083,Eukaryote,Stability,57,1.7558748556724915,28.23,1.4507108781469193,Medium,False,0.321
RCRO_LAMBD_Tsuboyama_2023_1ORC,RCRO_LAMBD,Progen3 339m,339000000.0,8.530199698203083,Virus,Stability,63,1.7993405494535817,803.73,2.905110179092208,High,False,0.173
RD23A_HUMAN_Tsuboyama_2023_1IFY,RD23A_HUMAN,Progen3 339m,339000000.0,8.530199698203083,Human,Stability,44,1.6434526764861874,182.36,2.260929583529925,High,False,0.383
RDRP_I33A0_Li_2023,RDRP_I33A0,Progen3 339m,339000000.0,8.530199698203083,Virus,OrganismalFitness,757,2.8790958795000727,1.52,0.18184358794477254,Medium,False,0.374
REV_HV1H2_Fernandes_2016,REV_HV1H2,Progen3 339m,339000000.0,8.530199698203083,Virus,OrganismalFitness,116,2.0644579892269186,104.82,2.0204441553665746,High,False,0.383
RFAH_ECOLI_Tsuboyama_2023_2LCL,RFAH_ECOLI,Progen3 339m,339000000.0,8.530199698203083,Prokaryote,Stability,55,1.7403626894942439,258.65,2.412712482745101,High,False,0.129
RL20_AQUAE_Tsuboyama_2023_1GYZ,RL20_AQUAE,Progen3 339m,339000000.0,8.530199698203083,Prokaryote,Stability,59,1.7708520116421442,1816.95,3.2593429762772845,High,False,0.53
RL40A_YEAST_Mavor_2016,RL40A_YEAST,Progen3 339m,339000000.0,8.530199698203083,Eukaryote,OrganismalFitness,128,2.1072099696478683,30.52,1.4845845292828428,Medium,False,0.51
RL40A_YEAST_Roscoe_2013,RL40A_YEAST,Progen3 339m,339000000.0,8.530199698203083,Eukaryote,OrganismalFitness,128,2.1072099696478683,30.52,1.4845845292828428,Medium,False,0.548
RL40A_YEAST_Roscoe_2014,RL40A_YEAST,Progen3 339m,339000000.0,8.530199698203083,Eukaryote,Activity,128,2.1072099696478683,30.52,1.4845845292828428,Medium,False,0.43
RNC_ECOLI_Weeks_2023,RNC_ECOLI,Progen3 339m,339000000.0,8.530199698203083,Prokaryote,Activity,226,2.3541084391474008,70.7,1.8494194137968993,Medium,False,0.598
RPC1_BP434_Tsuboyama_2023_1R69,RPC1_BP434,Progen3 339m,339000000.0,8.530199698203083,Virus,Stability,61,1.7853298350107671,9091.45,3.958633154594723,High,False,0.746
RPC1_LAMBD_Li_2019_high-expression,RPC1_LAMBD,Progen3 339m,339000000.0,8.530199698203083,Virus,Activity,237,2.374748346010104,121.45,2.0843975191411492,High,False,0.367
RPC1_LAMBD_Li_2019_low-expression,RPC1_LAMBD,Progen3 339m,339000000.0,8.530199698203083,Virus,Activity,237,2.374748346010104,121.45,2.0843975191411492,High,False,0.322
RS15_GEOSE_Tsuboyama_2023_1A32,RS15_GEOSE,Progen3 339m,339000000.0,8.530199698203083,Prokaryote,Stability,63,1.7993405494535817,68.91,1.8382822499146885,Medium,False,0.402
S22A1_HUMAN_Yee_2023_abundance,S22A1_HUMAN,Progen3 339m,339000000.0,8.530199698203083,Human,Expression,553,2.7427251313046983,62.71,1.7973368007753499,Medium,False,0.47
S22A1_HUMAN_Yee_2023_activity,S22A1_HUMAN,Progen3 339m,339000000.0,8.530199698203083,Human,Activity,553,2.7427251313046983,62.71,1.7973368007753499,Medium,False,0.479
SAV1_MOUSE_Tsuboyama_2023_2YSB,SAV1_MOUSE,Progen3 339m,339000000.0,8.530199698203083,Eukaryote,Stability,43,1.6334684555795864,105.1,2.021602716028242,High,False,0.427
SBI_STAAM_Tsuboyama_2023_2JVG,SBI_STAAM,Progen3 339m,339000000.0,8.530199698203083,Prokaryote,Stability,56,1.7481880270062005,27.03,1.4318460456987254,Medium,False,0.236
SC6A4_HUMAN_Young_2021,SC6A4_HUMAN,Progen3 339m,339000000.0,8.530199698203083,Human,Activity,630,2.7993405494535817,8.81,0.9449759084120479,Medium,False,0.503
SCIN_STAAR_Tsuboyama_2023_2QFF,SCIN_STAAR,Progen3 339m,339000000.0,8.530199698203083,Prokaryote,Stability,70,1.845098040014257,163.66,2.213942546840078,High,False,0.262
SCN5A_HUMAN_Glazer_2019,SCN5A_HUMAN,Progen3 339m,339000000.0,8.530199698203083,Human,OrganismalFitness,2016,3.3044905277734875,26.58,1.4245549766067132,Medium,False,0.078
SDA_BACSU_Tsuboyama_2023_1PV0,SDA_BACSU,Progen3 339m,339000000.0,8.530199698203083,Prokaryote,Stability,44,1.6434526764861874,20.05,1.3021143769562011,Medium,False,0.207
SERC_HUMAN_Xie_2023,SERC_HUMAN,Progen3 339m,339000000.0,8.530199698203083,Human,OrganismalFitness,370,2.568201724066995,117.4,2.0696680969115957,High,False,0.523
SHOC2_HUMAN_Kwon_2022,SHOC2_HUMAN,Progen3 339m,339000000.0,8.530199698203083,Human,OrganismalFitness,582,2.7649229846498886,15.55,1.1917303933628562,Medium,False,0.234
SOX30_HUMAN_Tsuboyama_2023_7JJK,SOX30_HUMAN,Progen3 339m,339000000.0,8.530199698203083,Human,Stability,57,1.7558748556724915,262.24,2.418698936226424,High,False,0.356
SPA_STAAU_Tsuboyama_2023_1LP1,SPA_STAAU,Progen3 339m,339000000.0,8.530199698203083,Prokaryote,Stability,55,1.7403626894942439,37.48,1.5737995822157407,Medium,False,0.042
SPG1_STRSG_Olson_2014,SPG1_STRSG,Progen3 339m,339000000.0,8.530199698203083,Prokaryote,Binding,448,2.651278013998144,0.0,-2.0,Low,False,0.198
SPG1_STRSG_Wu_2016,SPG1_STRSG,Progen3 339m,339000000.0,8.530199698203083,Prokaryote,Binding,448,2.651278013998144,1.34,0.12710479836480765,Medium,False,-0.038
SPG2_STRSG_Tsuboyama_2023_5UBS,SPG2_STRSG,Progen3 339m,339000000.0,8.530199698203083,Prokaryote,Stability,56,1.7481880270062005,56.55,1.7524326092614742,Medium,False,0.456
SPIKE_SARS2_Starr_2020_binding,SPIKE_SARS2,Progen3 339m,339000000.0,8.530199698203083,Virus,Binding,1273,3.1048284036536553,1.06,0.02530586526477026,Medium,False,0.379
SPIKE_SARS2_Starr_2020_expression,SPIKE_SARS2,Progen3 339m,339000000.0,8.530199698203083,Virus,Expression,1273,3.1048284036536553,1.06,0.02530586526477026,Medium,False,0.419
SPTN1_CHICK_Tsuboyama_2023_1TUD,SPTN1_CHICK,Progen3 339m,339000000.0,8.530199698203083,Eukaryote,Stability,60,1.7781512503836436,285.61,2.455773409227347,High,False,0.459
SQSTM_MOUSE_Tsuboyama_2023_2RRU,SQSTM_MOUSE,Progen3 339m,339000000.0,8.530199698203083,Eukaryote,Stability,40,1.6020599913279623,84.27,1.9256729939212405,Medium,False,0.26
SR43C_ARATH_Tsuboyama_2023_2N88,SR43C_ARATH,Progen3 339m,339000000.0,8.530199698203083,Eukaryote,Stability,48,1.6812412373755872,253.55,2.404063614883892,High,False,0.29
SRBS1_HUMAN_Tsuboyama_2023_2O2W,SRBS1_HUMAN,Progen3 339m,339000000.0,8.530199698203083,Human,Stability,67,1.8260748027008264,363.68,2.5607194183808955,High,False,0.626
SRC_HUMAN_Ahler_2019,SRC_HUMAN,Progen3 339m,339000000.0,8.530199698203083,Human,Activity,536,2.72916478969277,2.75,0.43933269383026263,Medium,False,0.461
SRC_HUMAN_Chakraborty_2023_binding-DAS_25uM,SRC_HUMAN,Progen3 339m,339000000.0,8.530199698203083,Human,Activity,536,2.72916478969277,3.38,0.5289167002776547,Medium,False,0.383
SRC_HUMAN_Nguyen_2022,SRC_HUMAN,Progen3 339m,339000000.0,8.530199698203083,Human,OrganismalFitness,536,2.72916478969277,3.38,0.5289167002776547,Medium,False,0.391
SUMO1_HUMAN_Weile_2017,SUMO1_HUMAN,Progen3 339m,339000000.0,8.530199698203083,Human,OrganismalFitness,101,2.0043213737826426,140.9,2.1489109931093564,High,False,0.422
SYUA_HUMAN_Newberry_2020,SYUA_HUMAN,Progen3 339m,339000000.0,8.530199698203083,Human,OrganismalFitness,140,2.146128035678238,47.17,1.673665876245702,Medium,False,0.104
TADBP_HUMAN_Bolognesi_2019,TADBP_HUMAN,Progen3 339m,339000000.0,8.530199698203083,Human,OrganismalFitness,414,2.617000341120899,0.33,-0.4814860601221125,Low,False,0.251
TAT_HV1BR_Fernandes_2016,TAT_HV1BR,Progen3 339m,339000000.0,8.530199698203083,Virus,OrganismalFitness,86,1.9344984512435677,115.56,2.062807533172159,High,False,0.43
TCRG1_MOUSE_Tsuboyama_2023_1E0L,TCRG1_MOUSE,Progen3 339m,339000000.0,8.530199698203083,Eukaryote,Stability,37,1.568201724066995,79.56,1.9006947744523979,Medium,False,0.547
THO1_YEAST_Tsuboyama_2023_2WQG,THO1_YEAST,Progen3 339m,339000000.0,8.530199698203083,Eukaryote,Stability,41,1.6127838567197355,206.87,2.3156975144495764,High,False,0.316
TNKS2_HUMAN_Tsuboyama_2023_5JRT,TNKS2_HUMAN,Progen3 339m,339000000.0,8.530199698203083,Human,Stability,59,1.7708520116421442,195.89,2.2920122662363456,High,False,0.244
TPK1_HUMAN_Weile_2017,TPK1_HUMAN,Progen3 339m,339000000.0,8.530199698203083,Human,OrganismalFitness,243,2.385606273598312,29.93,1.4761067168401913,Medium,False,0.183
TPMT_HUMAN_Matreyek_2018,TPMT_HUMAN,Progen3 339m,339000000.0,8.530199698203083,Human,Expression,245,2.3891660843645326,26.71,1.426673888021373,Medium,False,0.427
TPOR_HUMAN_Bridgford_2020,TPOR_HUMAN,Progen3 339m,339000000.0,8.530199698203083,Human,OrganismalFitness,635,2.8027737252919755,0.19,-0.721246399047171,Low,False,0.237
TRPC_SACS2_Chan_2017,TRPC_SACS2,Progen3 339m,339000000.0,8.530199698203083,Prokaryote,OrganismalFitness,248,2.3944516808262164,41.98,1.6230424342463816,Medium,False,0.556
TRPC_THEMA_Chan_2017,TRPC_THEMA,Progen3 339m,339000000.0,8.530199698203083,Prokaryote,OrganismalFitness,252,2.401400540781544,41.51,1.6181527333785195,Medium,False,0.377
UBC9_HUMAN_Weile_2017,UBC9_HUMAN,Progen3 339m,339000000.0,8.530199698203083,Human,OrganismalFitness,159,2.2013971243204513,55.33,1.7429606702141525,Medium,False,0.391
UBE4B_HUMAN_Tsuboyama_2023_3L1X,UBE4B_HUMAN,Progen3 339m,339000000.0,8.530199698203083,Human,Stability,69,1.8388490907372552,506.27,2.704382193196689,High,False,0.29
UBE4B_MOUSE_Starita_2013,UBE4B_MOUSE,Progen3 339m,339000000.0,8.530199698203083,Eukaryote,Activity,1173,3.0692980121155293,0.64,-0.1938200260161128,Low,False,0.377
UBR5_HUMAN_Tsuboyama_2023_1I2T,UBR5_HUMAN,Progen3 339m,339000000.0,8.530199698203083,Human,Stability,58,1.7634279935629373,17.55,1.2442771208018428,Medium,False,0.41
VG08_BPP22_Tsuboyama_2023_2GP8,VG08_BPP22,Progen3 339m,339000000.0,8.530199698203083,Virus,Stability,40,1.6020599913279623,1177.87,3.0710973605715015,High,False,0.441
VILI_CHICK_Tsuboyama_2023_1YU5,VILI_CHICK,Progen3 339m,339000000.0,8.530199698203083,Eukaryote,Stability,65,1.8129133566428555,761.62,2.8817383400187397,High,False,0.318
VKOR1_HUMAN_Chiasson_2020_abundance,VKOR1_HUMAN,Progen3 339m,339000000.0,8.530199698203083,Human,Expression,163,2.2121876044039577,29.05,1.4631461367263496,Medium,False,0.441
VKOR1_HUMAN_Chiasson_2020_activity,VKOR1_HUMAN,Progen3 339m,339000000.0,8.530199698203083,Human,Activity,163,2.2121876044039577,29.05,1.4631461367263496,Medium,False,0.342
VRPI_BPT7_Tsuboyama_2023_2WNM,VRPI_BPT7,Progen3 339m,339000000.0,8.530199698203083,Virus,Stability,56,1.7481880270062005,81.19,1.9095025414054154,Medium,False,0.25
YAIA_ECOLI_Tsuboyama_2023_2KVT,YAIA_ECOLI,Progen3 339m,339000000.0,8.530199698203083,Prokaryote,Stability,52,1.7160033436347992,16.25,1.2108533653148932,Medium,False,0.358
YAP1_HUMAN_Araya_2012,YAP1_HUMAN,Progen3 339m,339000000.0,8.530199698203083,Human,Binding,504,2.7024305364455254,0.26,-0.585026652029182,Low,False,0.284
YNZC_BACSU_Tsuboyama_2023_2JVD,YNZC_BACSU,Progen3 339m,339000000.0,8.530199698203083,Prokaryote,Stability,39,1.591064607026499,40.99,1.6126779183165019,Medium,False,0.672
A0A140D2T1_ZIKV_Sourisseau_2019,A0A140D2T1_ZIKV,Progen3 762m,762000000.0,8.881954971339601,Virus,OrganismalFitness,3423,3.534406899137877,1.63,0.21218760440395779,Medium,True,0.298
A0A192B1T2_9HIV1_Haddox_2018,A0A192B1T2_9HIV1,Progen3 762m,762000000.0,8.881954971339601,Virus,OrganismalFitness,852,2.9304395947667,42.81,1.6315452278343094,Medium,True,0.473
A0A1I9GEU1_NEIME_Kennouche_2019,A0A1I9GEU1_NEIME,Progen3 762m,762000000.0,8.881954971339601,Prokaryote,Activity,161,2.2068258760318495,14.07,1.1482940974347458,Medium,True,0.059
A0A247D711_LISMN_Stadelmann_2021,A0A247D711_LISMN,Progen3 762m,762000000.0,8.881954971339601,Prokaryote,Activity,87,1.9395192526186185,0.1,-1.0,Low,True,0.054
A0A2Z5U3Z0_9INFA_Doud_2016,A0A2Z5U3Z0_9INFA,Progen3 762m,762000000.0,8.881954971339601,Virus,OrganismalFitness,565,2.7520484478194387,16.01,1.2043913319192998,Medium,True,0.501
A0A2Z5U3Z0_9INFA_Wu_2014,A0A2Z5U3Z0_9INFA,Progen3 762m,762000000.0,8.881954971339601,Virus,OrganismalFitness,565,2.7520484478194387,16.01,1.2043913319192998,Medium,True,0.45
A4_HUMAN_Seuma_2022,A4_HUMAN,Progen3 762m,762000000.0,8.881954971339601,Human,Stability,770,2.886490725172482,0.08,-1.0969100130080565,Low,True,0.35
A4D664_9INFA_Soh_2019,A4D664_9INFA,Progen3 762m,762000000.0,8.881954971339601,Virus,OrganismalFitness,759,2.88024177589548,1.7,0.2304489213782739,Medium,True,0.362
A4GRB6_PSEAI_Chen_2020,A4GRB6_PSEAI,Progen3 762m,762000000.0,8.881954971339601,Prokaryote,OrganismalFitness,266,2.424881636631067,120.61,2.081383317462285,High,True,0.59
AACC1_PSEAI_Dandage_2018,AACC1_PSEAI,Progen3 762m,762000000.0,8.881954971339601,Prokaryote,OrganismalFitness,177,2.247973266361807,985.3,2.9935684827897275,High,True,0.45
ACE2_HUMAN_Chan_2020,ACE2_HUMAN,Progen3 762m,762000000.0,8.881954971339601,Human,Binding,805,2.9057958803678687,1.97,0.2944662261615929,Medium,True,0.145
ADRB2_HUMAN_Jones_2020,ADRB2_HUMAN,Progen3 762m,762000000.0,8.881954971339601,Human,Activity,413,2.615950051656401,67.99,1.832445041174111,Medium,True,0.533
AICDA_HUMAN_Gajula_2014_3cycles,AICDA_HUMAN,Progen3 762m,762000000.0,8.881954971339601,Human,Activity,198,2.296665190261531,18.4,1.2648178230095364,Medium,True,-0.216
AMFR_HUMAN_Tsuboyama_2023_4G3O,AMFR_HUMAN,Progen3 762m,762000000.0,8.881954971339601,Human,Stability,47,1.6720978579357175,26.51,1.4234097277330935,Medium,True,-0.209
AMIE_PSEAE_Wrenbeck_2017,AMIE_PSEAE,Progen3 762m,762000000.0,8.881954971339601,Prokaryote,Activity,346,2.5390760987927767,89.1,1.9498777040368747,Medium,True,0.528
ANCSZ_Hobbs_2022,ANCSZ,Progen3 762m,762000000.0,8.881954971339601,Eukaryote,Activity,627,2.7972675408307164,1.79,0.2528530309798932,Medium,True,0.493
ARGR_ECOLI_Tsuboyama_2023_1AOY,ARGR_ECOLI,Progen3 762m,762000000.0,8.881954971339601,Prokaryote,Stability,69,1.8388490907372552,54.24,1.734319680859007,Medium,True,0.427
B2L11_HUMAN_Dutta_2010_binding-Mcl-1,B2L11_HUMAN,Progen3 762m,762000000.0,8.881954971339601,Human,Binding,198,2.296665190261531,0.45,-0.3467874862246563,Low,True,0.296
BBC1_YEAST_Tsuboyama_2023_1TG0,BBC1_YEAST,Progen3 762m,762000000.0,8.881954971339601,Eukaryote,Stability,64,1.806179973983887,271.76,2.4341855338619713,High,True,0.388
BCHB_CHLTE_Tsuboyama_2023_2KRU,BCHB_CHLTE,Progen3 762m,762000000.0,8.881954971339601,Prokaryote,Stability,52,1.7160033436347992,51.95,1.7155855518931962,Medium,True,0.316
BLAT_ECOLX_Deng_2012,BLAT_ECOLX,Progen3 762m,762000000.0,8.881954971339601,Prokaryote,OrganismalFitness,286,2.456366033129043,177.98,2.2503712024344784,High,True,0.407
BLAT_ECOLX_Firnberg_2014,BLAT_ECOLX,Progen3 762m,762000000.0,8.881954971339601,Prokaryote,OrganismalFitness,286,2.456366033129043,177.98,2.2503712024344784,High,True,0.542
BLAT_ECOLX_Jacquier_2013,BLAT_ECOLX,Progen3 762m,762000000.0,8.881954971339601,Prokaryote,OrganismalFitness,286,2.456366033129043,177.98,2.2503712024344784,High,True,0.564
BLAT_ECOLX_Stiffler_2015,BLAT_ECOLX,Progen3 762m,762000000.0,8.881954971339601,Prokaryote,OrganismalFitness,286,2.456366033129043,177.98,2.2503712024344784,High,True,0.541
BRCA1_HUMAN_Findlay_2018,BRCA1_HUMAN,Progen3 762m,762000000.0,8.881954971339601,Human,OrganismalFitness,1863,3.2702128548962426,0.05,-1.3010299956639813,Low,True,0.329
BRCA2_HUMAN_Erwood_2022_HEK293T,BRCA2_HUMAN,Progen3 762m,762000000.0,8.881954971339601,Human,OrganismalFitness,3418,3.533772058384718,0.02,-1.6989700043360187,Low,True,0.273
C6KNH7_9INFA_Lee_2018,C6KNH7_9INFA,Progen3 762m,762000000.0,8.881954971339601,Virus,OrganismalFitness,566,2.7528164311882715,16.0,1.2041199826559248,Medium,True,0.368
CALM1_HUMAN_Weile_2017,CALM1_HUMAN,Progen3 762m,762000000.0,8.881954971339601,Human,OrganismalFitness,149,2.173186268412274,190.77,2.280510079703276,High,True,0.248
CAPSD_AAV2S_Sinai_2021,CAPSD_AAV2S,Progen3 762m,762000000.0,8.881954971339601,Virus,OrganismalFitness,735,2.8662873390841948,0.26,-0.585026652029182,Low,True,0.197
CAR11_HUMAN_Meitlis_2020_gof,CAR11_HUMAN,Progen3 762m,762000000.0,8.881954971339601,Human,OrganismalFitness,1154,3.0622058088197126,0.04,-1.3979400086720375,Low,True,0.078
CAR11_HUMAN_Meitlis_2020_lof,CAR11_HUMAN,Progen3 762m,762000000.0,8.881954971339601,Human,OrganismalFitness,1154,3.0622058088197126,0.04,-1.3979400086720375,Low,True,0.126
CAS9_STRP1_Spencer_2017_positive,CAS9_STRP1,Progen3 762m,762000000.0,8.881954971339601,Prokaryote,Activity,1368,3.1360860973840974,1.14,0.05690485133647256,Medium,True,0.204
CASP3_HUMAN_Roychowdhury_2020,CASP3_HUMAN,Progen3 762m,762000000.0,8.881954971339601,Human,Activity,258,2.41161970596323,111.55,2.0474695746198566,High,True,0.532
CASP7_HUMAN_Roychowdhury_2020,CASP7_HUMAN,Progen3 762m,762000000.0,8.881954971339601,Human,Activity,281,2.44870631990508,80.66,1.9066582176715998,Medium,True,0.561
CATR_CHLRE_Tsuboyama_2023_2AMI,CATR_CHLRE,Progen3 762m,762000000.0,8.881954971339601,Eukaryote,Stability,72,1.8573324964312685,1107.51,3.044347656272274,High,True,0.604
CBPA2_HUMAN_Tsuboyama_2023_1O6X,CBPA2_HUMAN,Progen3 762m,762000000.0,8.881954971339601,Human,Stability,72,1.8573324964312685,43.64,1.6398847419163043,Medium,True,0.66
CBS_HUMAN_Sun_2020,CBS_HUMAN,Progen3 762m,762000000.0,8.881954971339601,Human,OrganismalFitness,551,2.741151598851785,3.5,0.5440680443502757,Medium,True,0.324
CBX4_HUMAN_Tsuboyama_2023_2K28,CBX4_HUMAN,Progen3 762m,762000000.0,8.881954971339601,Human,Stability,50,1.6989700043360187,269.65,2.430800424624181,High,True,0.574
CCDB_ECOLI_Adkar_2012,CCDB_ECOLI,Progen3 762m,762000000.0,8.881954971339601,Prokaryote,Activity,101,2.0043213737826426,168.82,2.227423895933663,High,True,0.224
CCDB_ECOLI_Tripathi_2016,CCDB_ECOLI,Progen3 762m,762000000.0,8.881954971339601,Prokaryote,OrganismalFitness,101,2.0043213737826426,168.82,2.227423895933663,High,True,0.315
CCR5_HUMAN_Gill_2023,CCR5_HUMAN,Progen3 762m,762000000.0,8.881954971339601,Human,Binding,352,2.546542663478131,182.74,2.261833620575751,High,True,0.368
CD19_HUMAN_Klesmith_2019_FMC_singles,CD19_HUMAN,Progen3 762m,762000000.0,8.881954971339601,Human,Binding,556,2.7450747915820575,0.5,-0.3010299956639812,Low,True,0.117
CP2C9_HUMAN_Amorosi_2021_abundance,CP2C9_HUMAN,Progen3 762m,762000000.0,8.881954971339601,Human,Expression,490,2.690196080028514,165.48,2.2187455122234745,High,True,0.596
CP2C9_HUMAN_Amorosi_2021_activity,CP2C9_HUMAN,Progen3 762m,762000000.0,8.881954971339601,Human,Binding,490,2.690196080028514,165.48,2.2187455122234745,High,True,0.66
CSN4_MOUSE_Tsuboyama_2023_1UFM,CSN4_MOUSE,Progen3 762m,762000000.0,8.881954971339601,Eukaryote,Stability,72,1.8573324964312685,48.23,1.6833172619218826,Medium,True,0.609
CUE1_YEAST_Tsuboyama_2023_2MYX,CUE1_YEAST,Progen3 762m,762000000.0,8.881954971339601,Eukaryote,Stability,52,1.7160033436347992,7.64,0.8830933585756899,Medium,True,0.149
D7PM05_CLYGR_Somermeyer_2022,D7PM05_CLYGR,Progen3 762m,762000000.0,8.881954971339601,Eukaryote,Activity,235,2.3710678622717363,0.6,-0.2218487496163564,Low,True,0.079
DLG4_HUMAN_Faure_2021,DLG4_HUMAN,Progen3 762m,762000000.0,8.881954971339601,Human,OrganismalFitness,724,2.859738566197147,0.46,-0.3372421683184259,Low,True,0.676
DLG4_RAT_McLaughlin_2012,DLG4_RAT,Progen3 762m,762000000.0,8.881954971339601,Eukaryote,Binding,724,2.859738566197147,0.36,-0.44369749923271273,Low,True,0.271
DN7A_SACS2_Tsuboyama_2023_1JIC,DN7A_SACS2,Progen3 762m,762000000.0,8.881954971339601,Prokaryote,Stability,55,1.7403626894942439,24.82,1.394801777162711,Medium,True,0.143
DNJA1_HUMAN_Tsuboyama_2023_2LO1,DNJA1_HUMAN,Progen3 762m,762000000.0,8.881954971339601,Human,Stability,65,1.8129133566428555,547.68,2.7385268817938018,High,True,0.754
DOCK1_MOUSE_Tsuboyama_2023_2M0Y,DOCK1_MOUSE,Progen3 762m,762000000.0,8.881954971339601,Eukaryote,Stability,66,1.8195439355418688,368.28,2.5661781344794474,High,True,0.259
DYR_ECOLI_Nguyen_2023,DYR_ECOLI,Progen3 762m,762000000.0,8.881954971339601,Prokaryote,OrganismalFitness,159,2.2013971243204513,337.1,2.527758752520972,High,True,0.233
DYR_ECOLI_Thompson_2019,DYR_ECOLI,Progen3 762m,762000000.0,8.881954971339601,Prokaryote,OrganismalFitness,159,2.2013971243204513,77.51,1.8893577368889316,Medium,True,0.414
ENV_HV1B9_DuenasDecamp_2016,ENV_HV1B9,Progen3 762m,762000000.0,8.881954971339601,Virus,OrganismalFitness,853,2.930949031167523,47.92,1.680516809381255,Medium,True,0.322
ENV_HV1BR_Haddox_2016,ENV_HV1BR,Progen3 762m,762000000.0,8.881954971339601,Virus,OrganismalFitness,861,2.935003151453655,43.39,1.637389650129212,Medium,True,0.339
ENVZ_ECOLI_Ghose_2023,ENVZ_ECOLI,Progen3 762m,762000000.0,8.881954971339601,Prokaryote,Activity,60,1.7781512503836436,4595.33,3.6623167044126537,High,True,0.18
EPHB2_HUMAN_Tsuboyama_2023_1F0M,EPHB2_HUMAN,Progen3 762m,762000000.0,8.881954971339601,Human,Stability,66,1.8195439355418688,126.33,2.1015064961399275,High,True,0.591
ERBB2_HUMAN_Elazar_2016,ERBB2_HUMAN,Progen3 762m,762000000.0,8.881954971339601,Human,Expression,1255,3.098643725817057,0.32,-0.494850021680094,Low,True,0.564
ESTA_BACSU_Nutschel_2020,ESTA_BACSU,Progen3 762m,762000000.0,8.881954971339601,Prokaryote,Stability,212,2.326335860928751,313.28,2.495932670123044,High,True,0.291
F7YBW8_MESOW_Ding_2023,F7YBW8_MESOW,Progen3 762m,762000000.0,8.881954971339601,Prokaryote,OrganismalFitness,93,1.968482948553935,176.23,2.2460798412237666,High,True,0.328
F7YBW8_MESOW_Aakre_2015,F7YBW8_MESOW,Progen3 762m,762000000.0,8.881954971339601,Prokaryote,OrganismalFitness,93,1.968482948553935,176.23,2.2460798412237666,High,True,0.235
FECA_ECOLI_Tsuboyama_2023_2D1U,FECA_ECOLI,Progen3 762m,762000000.0,8.881954971339601,Prokaryote,Stability,72,1.8573324964312685,141.6,2.15106325335375,High,True,0.372
FKBP3_HUMAN_Tsuboyama_2023_2KFV,FKBP3_HUMAN,Progen3 762m,762000000.0,8.881954971339601,Human,Stability,69,1.8388490907372552,1.85,0.26717172840301384,Medium,True,0.184
GAL4_YEAST_Kitzman_2015,GAL4_YEAST,Progen3 762m,762000000.0,8.881954971339601,Eukaryote,OrganismalFitness,881,2.9449759084120477,10.02,1.000867721531227,Medium,True,0.365
GCN4_YEAST_Staller_2018,GCN4_YEAST,Progen3 762m,762000000.0,8.881954971339601,Eukaryote,Binding,281,2.44870631990508,0.66,-0.1804560644581313,Low,True,0.197
GDIA_HUMAN_Silverstein_2021,GDIA_HUMAN,Progen3 762m,762000000.0,8.881954971339601,Human,OrganismalFitness,447,2.6503075231319366,0.8,-0.09691001300805639,Low,True,0.39
GFP_AEQVI_Sarkisyan_2016,GFP_AEQVI,Progen3 762m,762000000.0,8.881954971339601,Eukaryote,Activity,238,2.376576957056512,0.06,-1.2218487496163564,Low,True,0.366
GLPA_HUMAN_Elazar_2016,GLPA_HUMAN,Progen3 762m,762000000.0,8.881954971339601,Human,Expression,150,2.1760912590556813,0.51,-0.2924298239020636,Low,True,0.327
GRB2_HUMAN_Faure_2021,GRB2_HUMAN,Progen3 762m,762000000.0,8.881954971339601,Human,OrganismalFitness,217,2.3364597338485296,6.78,0.8312296938670634,Medium,True,0.421
HCP_LAMBD_Tsuboyama_2023_2L6Q,HCP_LAMBD,Progen3 762m,762000000.0,8.881954971339601,Virus,Stability,55,1.7403626894942439,30.76,1.4879863311293935,Medium,True,0.37
HECD1_HUMAN_Tsuboyama_2023_3DKM,HECD1_HUMAN,Progen3 762m,762000000.0,8.881954971339601,Human,Stability,72,1.8573324964312685,17.22,1.236033147117636,Medium,True,0.265
HEM3_HUMAN_Loggerenberg_2023,HEM3_HUMAN,Progen3 762m,762000000.0,8.881954971339601,Human,Activity,361,2.5575072019056577,32.84,1.5164031484474032,Medium,True,0.377
HIS7_YEAST_Pokusaeva_2019,HIS7_YEAST,Progen3 762m,762000000.0,8.881954971339601,Eukaryote,OrganismalFitness,220,2.342422680822206,23.97,1.3796680340336538,Medium,True,0.407
HMDH_HUMAN_Jiang_2019,HMDH_HUMAN,Progen3 762m,762000000.0,8.881954971339601,Human,OrganismalFitness,888,2.948412965778601,0.58,-0.23657200643706275,Low,True,0.308
HSP82_YEAST_Cote-Hammarlof_2020_growth-H2O2,HSP82_YEAST,Progen3 762m,762000000.0,8.881954971339601,Eukaryote,OrganismalFitness,709,2.8506462351830666,6.47,0.8109042806687004,Medium,True,0.387
HSP82_YEAST_Flynn_2019,HSP82_YEAST,Progen3 762m,762000000.0,8.881954971339601,Eukaryote,OrganismalFitness,709,2.8506462351830666,5.45,0.7363965022766424,Medium,True,0.421
HSP82_YEAST_Mishra_2016,HSP82_YEAST,Progen3 762m,762000000.0,8.881954971339601,Eukaryote,OrganismalFitness,709,2.8506462351830666,5.45,0.7363965022766424,Medium,True,0.567
HXK4_HUMAN_Gersing_2022_activity,HXK4_HUMAN,Progen3 762m,762000000.0,8.881954971339601,Human,OrganismalFitness,465,2.667452952889954,4.99,0.69810054562339,Medium,True,0.416
HXK4_HUMAN_Gersing_2023_abundance,HXK4_HUMAN,Progen3 762m,762000000.0,8.881954971339601,Human,Expression,465,2.667452952889954,5.38,0.7307822756663892,Medium,True,0.293
I6TAH8_I68A0_Doud_2015,I6TAH8_I68A0,Progen3 762m,762000000.0,8.881954971339601,Virus,OrganismalFitness,498,2.6972293427597176,2.15,0.33243845991560533,Medium,True,0.344
IF1_ECOLI_Kelsic_2016,IF1_ECOLI,Progen3 762m,762000000.0,8.881954971339601,Prokaryote,OrganismalFitness,72,1.8573324964312685,536.24,2.72935920638567,High,True,0.469
ILF3_HUMAN_Tsuboyama_2023_2L33,ILF3_HUMAN,Progen3 762m,762000000.0,8.881954971339601,Human,Stability,71,1.8512583487190752,309.51,2.490674685261338,High,True,0.296
ISDH_STAAW_Tsuboyama_2023_2LHR,ISDH_STAAW,Progen3 762m,762000000.0,8.881954971339601,Prokaryote,Stability,55,1.7403626894942439,713.67,2.8534974410356244,High,True,0.407
KCNE1_HUMAN_Muhammad_2023_expression,KCNE1_HUMAN,Progen3 762m,762000000.0,8.881954971339601,Human,Expression,129,2.110589710299249,1.74,0.24054924828259971,Medium,True,0.17
KCNE1_HUMAN_Muhammad_2023_function,KCNE1_HUMAN,Progen3 762m,762000000.0,8.881954971339601,Human,Activity,129,2.110589710299249,1.74,0.24054924828259971,Medium,True,0.384
KCNH2_HUMAN_Kozek_2020,KCNH2_HUMAN,Progen3 762m,762000000.0,8.881954971339601,Human,Activity,1159,3.064083435963596,6.29,0.798650645445269,Medium,True,0.512
KCNJ2_MOUSE_Coyote-Maestas_2022_function,KCNJ2_MOUSE,Progen3 762m,762000000.0,8.881954971339601,Eukaryote,Activity,428,2.6314437690131722,5.28,0.7226339225338123,Medium,True,0.344
KCNJ2_MOUSE_Coyote-Maestas_2022_surface,KCNJ2_MOUSE,Progen3 762m,762000000.0,8.881954971339601,Eukaryote,Expression,428,2.6314437690131722,5.28,0.7226339225338123,Medium,True,0.26
KKA2_KLEPN_Melnikov_2014,KKA2_KLEPN,Progen3 762m,762000000.0,8.881954971339601,Prokaryote,OrganismalFitness,264,2.4216039268698313,298.65,2.475162519083091,High,True,0.601
LGK_LIPST_Klesmith_2015,LGK_LIPST,Progen3 762m,762000000.0,8.881954971339601,Eukaryote,Activity,439,2.6424645202421213,18.83,1.2748503200166648,Medium,True,0.449
LYAM1_HUMAN_Elazar_2016,LYAM1_HUMAN,Progen3 762m,762000000.0,8.881954971339601,Human,Expression,372,2.5705429398818973,1.09,0.037426497940623665,Medium,True,0.232
MAFG_MOUSE_Tsuboyama_2023_1K1V,MAFG_MOUSE,Progen3 762m,762000000.0,8.881954971339601,Eukaryote,Stability,41,1.6127838567197355,3.89,0.5899496013257077,Medium,True,0.405
MBD11_ARATH_Tsuboyama_2023_6ACV,MBD11_ARATH,Progen3 762m,762000000.0,8.881954971339601,Eukaryote,Stability,66,1.8195439355418688,24.91,1.3963737275365065,Medium,True,0.079
MET_HUMAN_Estevam_2023,MET_HUMAN,Progen3 762m,762000000.0,8.881954971339601,Human,Activity,287,2.4578818967339924,17.78,1.249931756634195,Medium,True,0.529
MK01_HUMAN_Brenan_2016,MK01_HUMAN,Progen3 762m,762000000.0,8.881954971339601,Human,OrganismalFitness,360,2.5563025007672873,25.98,1.4146391467370092,Medium,True,0.18
MLAC_ECOLI_MacRae_2023,MLAC_ECOLI,Progen3 762m,762000000.0,8.881954971339601,Prokaryote,OrganismalFitness,211,2.3242824552976926,37.67,1.5759956202032677,Medium,True,0.336
MSH2_HUMAN_Jia_2020,MSH2_HUMAN,Progen3 762m,762000000.0,8.881954971339601,Human,OrganismalFitness,934,2.9703468762300935,11.71,1.0685568950723632,Medium,True,0.355
MTH3_HAEAE_RockahShmuel_2015,MTH3_HAEAE,Progen3 762m,762000000.0,8.881954971339601,Prokaryote,OrganismalFitness,330,2.5185139398778875,82.51,1.9165065871151556,Medium,True,0.682
MTHR_HUMAN_Weile_2021,MTHR_HUMAN,Progen3 762m,762000000.0,8.881954971339601,Human,OrganismalFitness,656,2.8169038393756605,0.99,-0.004364805402450088,Low,True,0.283
MYO3_YEAST_Tsuboyama_2023_2BTT,MYO3_YEAST,Progen3 762m,762000000.0,8.881954971339601,Eukaryote,Stability,61,1.7853298350107671,208.4,2.3188977146274867,High,True,0.326
NCAP_I34A1_Doud_2015,NCAP_I34A1,Progen3 762m,762000000.0,8.881954971339601,Virus,OrganismalFitness,498,2.6972293427597176,2.15,0.33243845991560533,Medium,True,0.359
NKX31_HUMAN_Tsuboyama_2023_2L9R,NKX31_HUMAN,Progen3 762m,762000000.0,8.881954971339601,Human,Stability,61,1.7853298350107671,147.96,2.1701443226433565,High,True,0.593
NPC1_HUMAN_Erwood_2022_HEK293T,NPC1_HUMAN,Progen3 762m,762000000.0,8.881954971339601,Human,Activity,1278,3.1065308538223815,0.67,-0.17392519729917355,Low,True,0.554
NPC1_HUMAN_Erwood_2022_RPE1,NPC1_HUMAN,Progen3 762m,762000000.0,8.881954971339601,Human,Activity,1278,3.1065308538223815,0.67,-0.17392519729917355,Low,True,0.579
NRAM_I33A0_Jiang_2016,NRAM_I33A0,Progen3 762m,762000000.0,8.881954971339601,Virus,OrganismalFitness,453,2.656098202012832,15.93,1.2022157758011316,Medium,True,0.634
NUD15_HUMAN_Suiter_2020,NUD15_HUMAN,Progen3 762m,762000000.0,8.881954971339601,Human,Expression,164,2.214843848047698,281.51,2.4494938267812603,High,True,0.46
NUSA_ECOLI_Tsuboyama_2023_1WCL,NUSA_ECOLI,Progen3 762m,762000000.0,8.881954971339601,Prokaryote,Stability,69,1.8388490907372552,598.86,2.777325305972129,High,True,0.327
NUSG_MYCTU_Tsuboyama_2023_2MI6,NUSG_MYCTU,Progen3 762m,762000000.0,8.881954971339601,Prokaryote,Stability,55,1.7403626894942439,320.33,2.5055976137320095,High,True,0.388
OBSCN_HUMAN_Tsuboyama_2023_1V1C,OBSCN_HUMAN,Progen3 762m,762000000.0,8.881954971339601,Human,Stability,65,1.8129133566428555,378.54,2.578111777789627,High,True,0.425
ODP2_GEOSE_Tsuboyama_2023_1W4G,ODP2_GEOSE,Progen3 762m,762000000.0,8.881954971339601,Prokaryote,Stability,44,1.6434526764861874,397.86,2.5997302782956524,High,True,0.186
OPSD_HUMAN_Wan_2019,OPSD_HUMAN,Progen3 762m,762000000.0,8.881954971339601,Human,Expression,348,2.5415792439465807,107.19,2.0301542709221025,High,True,0.491
OTC_HUMAN_Lo_2023,OTC_HUMAN,Progen3 762m,762000000.0,8.881954971339601,Human,Activity,354,2.5490032620257876,53.97,1.7321524180652137,Medium,True,0.51
OTU7A_HUMAN_Tsuboyama_2023_2L2D,OTU7A_HUMAN,Progen3 762m,762000000.0,8.881954971339601,Human,Stability,42,1.6232492903979006,12395.25,4.0932552904846835,High,True,0.277
OXDA_RHOTO_Vanella_2023_activity,OXDA_RHOTO,Progen3 762m,762000000.0,8.881954971339601,Eukaryote,Activity,364,2.561101383649056,271.28,2.43341777677003,High,True,0.283
OXDA_RHOTO_Vanella_2023_expression,OXDA_RHOTO,Progen3 762m,762000000.0,8.881954971339601,Eukaryote,Expression,364,2.561101383649056,271.28,2.43341777677003,High,True,0.269
P53_HUMAN_Giacomelli_2018_Null_Etoposide,P53_HUMAN,Progen3 762m,762000000.0,8.881954971339601,Human,OrganismalFitness,393,2.5943925503754266,0.39,-0.4089353929735008,Low,True,0.235
P53_HUMAN_Giacomelli_2018_Null_Nutlin,P53_HUMAN,Progen3 762m,762000000.0,8.881954971339601,Human,OrganismalFitness,393,2.5943925503754266,0.39,-0.4089353929735008,Low,True,0.224
P53_HUMAN_Giacomelli_2018_WT_Nutlin,P53_HUMAN,Progen3 762m,762000000.0,8.881954971339601,Human,OrganismalFitness,393,2.5943925503754266,0.39,-0.4089353929735008,Low,True,0.341
P53_HUMAN_Kotler_2018,P53_HUMAN,Progen3 762m,762000000.0,8.881954971339601,Human,OrganismalFitness,393,2.5943925503754266,0.37,-0.431798275933005,Low,True,0.393
P84126_THETH_Chan_2017,P84126_THETH,Progen3 762m,762000000.0,8.881954971339601,Prokaryote,OrganismalFitness,254,2.404833716619938,41.7,1.6201360549737576,Medium,True,0.531
PA_I34A1_Wu_2015,PA_I34A1,Progen3 762m,762000000.0,8.881954971339601,Virus,OrganismalFitness,716,2.8549130223078554,1.75,0.24303804868629444,Medium,True,0.468
PABP_YEAST_Melamed_2013,PABP_YEAST,Progen3 762m,762000000.0,8.881954971339601,Eukaryote,OrganismalFitness,577,2.7611758131557314,1.42,0.15228834438305647,Medium,True,0.66
PAI1_HUMAN_Huttinger_2021,PAI1_HUMAN,Progen3 762m,762000000.0,8.881954971339601,Human,Activity,402,2.60422605308447,30.34,1.4820155764507117,Medium,True,0.396
PHOT_CHLRE_Chen_2023,PHOT_CHLRE,Progen3 762m,762000000.0,8.881954971339601,Eukaryote,Activity,118,2.0718820073061255,5215.65,3.717308440053486,High,True,0.552
PIN1_HUMAN_Tsuboyama_2023_1I6C,PIN1_HUMAN,Progen3 762m,762000000.0,8.881954971339601,Human,Stability,39,1.591064607026499,287.66,2.458879476116883,High,True,0.672
PITX2_HUMAN_Tsuboyama_2023_2L7M,PITX2_HUMAN,Progen3 762m,762000000.0,8.881954971339601,Human,Stability,52,1.7160033436347992,191.76,2.2827580210255976,High,True,0.606
PKN1_HUMAN_Tsuboyama_2023_1URF,PKN1_HUMAN,Progen3 762m,762000000.0,8.881954971339601,Human,Stability,71,1.8512583487190752,772.42,2.8878535102875573,High,True,0.362
POLG_CXB3N_Mattenberger_2021,POLG_CXB3N,Progen3 762m,762000000.0,8.881954971339601,Virus,OrganismalFitness,2185,3.3394514413064407,1.79,0.2528530309798932,Medium,True,0.207
POLG_DEN26_Suphatrakul_2023,POLG_DEN26,Progen3 762m,762000000.0,8.881954971339601,Virus,OrganismalFitness,900,2.9542425094393248,0.55,-0.2596373105057561,Low,True,0.401
POLG_HCVJF_Qi_2014,POLG_HCVJF,Progen3 762m,762000000.0,8.881954971339601,Virus,OrganismalFitness,3033,3.4818724103106633,41.97,1.62293896921149,Medium,True,0.126
POLG_PESV_Tsuboyama_2023_2MXD,POLG_PESV,Progen3 762m,762000000.0,8.881954971339601,Virus,Stability,53,1.724275869600789,262.74,2.419526195575769,High,True,0.011
PPARG_HUMAN_Majithia_2016,PPARG_HUMAN,Progen3 762m,762000000.0,8.881954971339601,Human,Activity,505,2.7032913781186614,6.24,0.795184589682424,Medium,True,0.733
PPM1D_HUMAN_Miller_2022,PPM1D_HUMAN,Progen3 762m,762000000.0,8.881954971339601,Human,OrganismalFitness,605,2.781755374652469,0.56,-0.25181197299379954,Low,True,0.572
PR40A_HUMAN_Tsuboyama_2023_1UZC,PR40A_HUMAN,Progen3 762m,762000000.0,8.881954971339601,Human,Stability,63,1.7993405494535817,56.72,1.7537362221750101,Medium,True,0.664
PRKN_HUMAN_Clausen_2023,PRKN_HUMAN,Progen3 762m,762000000.0,8.881954971339601,Human,Expression,465,2.667452952889954,0.37,-0.431798275933005,Low,True,0.43
PSAE_PICP2_Tsuboyama_2023_1PSE,PSAE_PICP2,Progen3 762m,762000000.0,8.881954971339601,Prokaryote,Stability,68,1.8325089127062364,1.85,0.26717172840301384,Medium,True,0.482
PTEN_HUMAN_Matreyek_2021,PTEN_HUMAN,Progen3 762m,762000000.0,8.881954971339601,Human,Expression,403,2.6053050461411096,3.72,0.5705429398818975,Medium,True,0.3
PTEN_HUMAN_Mighell_2018,PTEN_HUMAN,Progen3 762m,762000000.0,8.881954971339601,Human,Activity,403,2.6053050461411096,3.72,0.5705429398818975,Medium,True,0.399
Q2N0S5_9HIV1_Haddox_2018,Q2N0S5_9HIV1,Progen3 762m,762000000.0,8.881954971339601,Virus,OrganismalFitness,860,2.934498451243568,42.86,1.6320521667058099,Medium,True,0.501
Q53Z42_HUMAN_McShan_2019_binding-TAPBPR,Q53Z42_HUMAN,Progen3 762m,762000000.0,8.881954971339601,Human,Binding,365,2.5622928644564746,13.24,1.1218879851036812,Medium,True,0.279
Q53Z42_HUMAN_McShan_2019_expression,Q53Z42_HUMAN,Progen3 762m,762000000.0,8.881954971339601,Human,Expression,365,2.5622928644564746,13.24,1.1218879851036812,Medium,True,0.425
Q59976_STRSQ_Romero_2015,Q59976_STRSQ,Progen3 762m,762000000.0,8.881954971339601,Prokaryote,Activity,501,2.699837725867246,27.97,1.4466924663715273,Medium,True,0.65
Q6WV12_9MAXI_Somermeyer_2022,Q6WV12_9MAXI,Progen3 762m,762000000.0,8.881954971339601,Eukaryote,Activity,222,2.346352974450639,0.44,-0.3565473235138126,Low,True,0.016
Q837P4_ENTFA_Meier_2023,Q837P4_ENTFA,Progen3 762m,762000000.0,8.881954971339601,Prokaryote,Activity,589,2.7701152947871015,90.8,1.958085848521085,Medium,True,0.471
Q837P5_ENTFA_Meier_2023,Q837P5_ENTFA,Progen3 762m,762000000.0,8.881954971339601,Prokaryote,Activity,571,2.756636108245848,95.02,1.9778150260831866,Medium,True,0.421
Q8WTC7_9CNID_Somermeyer_2022,Q8WTC7_9CNID,Progen3 762m,762000000.0,8.881954971339601,Eukaryote,Activity,238,2.376576957056512,0.51,-0.2924298239020636,Low,True,0.03
R1AB_SARS2_Flynn_2022,R1AB_SARS2,Progen3 762m,762000000.0,8.881954971339601,Virus,OrganismalFitness,306,2.48572142648158,1.14,0.05690485133647256,Medium,True,0.047
RAD_ANTMA_Tsuboyama_2023_2CJJ,RAD_ANTMA,Progen3 762m,762000000.0,8.881954971339601,Eukaryote,Stability,54,1.7323937598229686,777.81,2.8908735224022113,High,True,0.524
RAF1_HUMAN_Zinkus-Boltz_2019,RAF1_HUMAN,Progen3 762m,762000000.0,8.881954971339601,Human,OrganismalFitness,648,2.8115750058705933,0.59,-0.22914798835785583,Low,True,0.336
RASH_HUMAN_Bandaru_2017,RASH_HUMAN,Progen3 762m,762000000.0,8.881954971339601,Human,Activity,189,2.2764618041732443,125.77,2.0995770609167086,High,True,0.439
RASK_HUMAN_Weng_2022_abundance,RASK_HUMAN,Progen3 762m,762000000.0,8.881954971339601,Human,Expression,188,2.27415784926368,146.37,2.1654520728319286,High,True,0.235
RASK_HUMAN_Weng_2022_binding-DARPin_K55,RASK_HUMAN,Progen3 762m,762000000.0,8.881954971339601,Human,Binding,188,2.27415784926368,146.37,2.1654520728319286,High,True,0.556
RBP1_HUMAN_Tsuboyama_2023_2KWH,RBP1_HUMAN,Progen3 762m,762000000.0,8.881954971339601,Human,Stability,52,1.7160033436347992,976.49,2.9896678001409684,High,True,0.341
RCD1_ARATH_Tsuboyama_2023_5OAO,RCD1_ARATH,Progen3 762m,762000000.0,8.881954971339601,Eukaryote,Stability,57,1.7558748556724915,28.23,1.4507108781469193,Medium,True,0.356
RCRO_LAMBD_Tsuboyama_2023_1ORC,RCRO_LAMBD,Progen3 762m,762000000.0,8.881954971339601,Virus,Stability,63,1.7993405494535817,803.73,2.905110179092208,High,True,0.519
RD23A_HUMAN_Tsuboyama_2023_1IFY,RD23A_HUMAN,Progen3 762m,762000000.0,8.881954971339601,Human,Stability,44,1.6434526764861874,182.36,2.260929583529925,High,True,0.495
RDRP_I33A0_Li_2023,RDRP_I33A0,Progen3 762m,762000000.0,8.881954971339601,Virus,OrganismalFitness,757,2.8790958795000727,1.52,0.18184358794477254,Medium,True,0.387
REV_HV1H2_Fernandes_2016,REV_HV1H2,Progen3 762m,762000000.0,8.881954971339601,Virus,OrganismalFitness,116,2.0644579892269186,104.82,2.0204441553665746,High,True,0.382
RFAH_ECOLI_Tsuboyama_2023_2LCL,RFAH_ECOLI,Progen3 762m,762000000.0,8.881954971339601,Prokaryote,Stability,55,1.7403626894942439,258.65,2.412712482745101,High,True,0.14
RL20_AQUAE_Tsuboyama_2023_1GYZ,RL20_AQUAE,Progen3 762m,762000000.0,8.881954971339601,Prokaryote,Stability,59,1.7708520116421442,1816.95,3.2593429762772845,High,True,0.527
RL40A_YEAST_Mavor_2016,RL40A_YEAST,Progen3 762m,762000000.0,8.881954971339601,Eukaryote,OrganismalFitness,128,2.1072099696478683,30.52,1.4845845292828428,Medium,True,0.499
RL40A_YEAST_Roscoe_2013,RL40A_YEAST,Progen3 762m,762000000.0,8.881954971339601,Eukaryote,OrganismalFitness,128,2.1072099696478683,30.52,1.4845845292828428,Medium,True,0.582
RL40A_YEAST_Roscoe_2014,RL40A_YEAST,Progen3 762m,762000000.0,8.881954971339601,Eukaryote,Activity,128,2.1072099696478683,30.52,1.4845845292828428,Medium,True,0.437
RNC_ECOLI_Weeks_2023,RNC_ECOLI,Progen3 762m,762000000.0,8.881954971339601,Prokaryote,Activity,226,2.3541084391474008,70.7,1.8494194137968993,Medium,True,0.505
RPC1_BP434_Tsuboyama_2023_1R69,RPC1_BP434,Progen3 762m,762000000.0,8.881954971339601,Virus,Stability,61,1.7853298350107671,9091.45,3.958633154594723,High,True,0.742
RPC1_LAMBD_Li_2019_high-expression,RPC1_LAMBD,Progen3 762m,762000000.0,8.881954971339601,Virus,Activity,237,2.374748346010104,121.45,2.0843975191411492,High,True,0.387
RPC1_LAMBD_Li_2019_low-expression,RPC1_LAMBD,Progen3 762m,762000000.0,8.881954971339601,Virus,Activity,237,2.374748346010104,121.45,2.0843975191411492,High,True,0.333
RS15_GEOSE_Tsuboyama_2023_1A32,RS15_GEOSE,Progen3 762m,762000000.0,8.881954971339601,Prokaryote,Stability,63,1.7993405494535817,68.91,1.8382822499146885,Medium,True,0.291
S22A1_HUMAN_Yee_2023_abundance,S22A1_HUMAN,Progen3 762m,762000000.0,8.881954971339601,Human,Expression,553,2.7427251313046983,62.71,1.7973368007753499,Medium,True,0.543
S22A1_HUMAN_Yee_2023_activity,S22A1_HUMAN,Progen3 762m,762000000.0,8.881954971339601,Human,Activity,553,2.7427251313046983,62.71,1.7973368007753499,Medium,True,0.556
SAV1_MOUSE_Tsuboyama_2023_2YSB,SAV1_MOUSE,Progen3 762m,762000000.0,8.881954971339601,Eukaryote,Stability,43,1.6334684555795864,105.1,2.021602716028242,High,True,0.418
SBI_STAAM_Tsuboyama_2023_2JVG,SBI_STAAM,Progen3 762m,762000000.0,8.881954971339601,Prokaryote,Stability,56,1.7481880270062005,27.03,1.4318460456987254,Medium,True,0.276
SC6A4_HUMAN_Young_2021,SC6A4_HUMAN,Progen3 762m,762000000.0,8.881954971339601,Human,Activity,630,2.7993405494535817,8.81,0.9449759084120479,Medium,True,0.494
SCIN_STAAR_Tsuboyama_2023_2QFF,SCIN_STAAR,Progen3 762m,762000000.0,8.881954971339601,Prokaryote,Stability,70,1.845098040014257,163.66,2.213942546840078,High,True,0.262
SCN5A_HUMAN_Glazer_2019,SCN5A_HUMAN,Progen3 762m,762000000.0,8.881954971339601,Human,OrganismalFitness,2016,3.3044905277734875,26.58,1.4245549766067132,Medium,True,0.036
SDA_BACSU_Tsuboyama_2023_1PV0,SDA_BACSU,Progen3 762m,762000000.0,8.881954971339601,Prokaryote,Stability,44,1.6434526764861874,20.05,1.3021143769562011,Medium,True,0.094
SERC_HUMAN_Xie_2023,SERC_HUMAN,Progen3 762m,762000000.0,8.881954971339601,Human,OrganismalFitness,370,2.568201724066995,117.4,2.0696680969115957,High,True,0.514
SHOC2_HUMAN_Kwon_2022,SHOC2_HUMAN,Progen3 762m,762000000.0,8.881954971339601,Human,OrganismalFitness,582,2.7649229846498886,15.55,1.1917303933628562,Medium,True,0.216
SOX30_HUMAN_Tsuboyama_2023_7JJK,SOX30_HUMAN,Progen3 762m,762000000.0,8.881954971339601,Human,Stability,57,1.7558748556724915,262.24,2.418698936226424,High,True,0.369
SPA_STAAU_Tsuboyama_2023_1LP1,SPA_STAAU,Progen3 762m,762000000.0,8.881954971339601,Prokaryote,Stability,55,1.7403626894942439,37.48,1.5737995822157407,Medium,True,-0.031
SPG1_STRSG_Olson_2014,SPG1_STRSG,Progen3 762m,762000000.0,8.881954971339601,Prokaryote,Binding,448,2.651278013998144,0.0,-2.0,Low,True,0.192
SPG1_STRSG_Wu_2016,SPG1_STRSG,Progen3 762m,762000000.0,8.881954971339601,Prokaryote,Binding,448,2.651278013998144,1.34,0.12710479836480765,Medium,True,-0.037
SPG2_STRSG_Tsuboyama_2023_5UBS,SPG2_STRSG,Progen3 762m,762000000.0,8.881954971339601,Prokaryote,Stability,56,1.7481880270062005,56.55,1.7524326092614742,Medium,True,0.519
SPIKE_SARS2_Starr_2020_binding,SPIKE_SARS2,Progen3 762m,762000000.0,8.881954971339601,Virus,Binding,1273,3.1048284036536553,1.06,0.02530586526477026,Medium,True,0.345
SPIKE_SARS2_Starr_2020_expression,SPIKE_SARS2,Progen3 762m,762000000.0,8.881954971339601,Virus,Expression,1273,3.1048284036536553,1.06,0.02530586526477026,Medium,True,0.416
SPTN1_CHICK_Tsuboyama_2023_1TUD,SPTN1_CHICK,Progen3 762m,762000000.0,8.881954971339601,Eukaryote,Stability,60,1.7781512503836436,285.61,2.455773409227347,High,True,0.416
SQSTM_MOUSE_Tsuboyama_2023_2RRU,SQSTM_MOUSE,Progen3 762m,762000000.0,8.881954971339601,Eukaryote,Stability,40,1.6020599913279623,84.27,1.9256729939212405,Medium,True,0.487
SR43C_ARATH_Tsuboyama_2023_2N88,SR43C_ARATH,Progen3 762m,762000000.0,8.881954971339601,Eukaryote,Stability,48,1.6812412373755872,253.55,2.404063614883892,High,True,0.268
SRBS1_HUMAN_Tsuboyama_2023_2O2W,SRBS1_HUMAN,Progen3 762m,762000000.0,8.881954971339601,Human,Stability,67,1.8260748027008264,363.68,2.5607194183808955,High,True,0.596
SRC_HUMAN_Ahler_2019,SRC_HUMAN,Progen3 762m,762000000.0,8.881954971339601,Human,Activity,536,2.72916478969277,2.75,0.43933269383026263,Medium,True,0.409
SRC_HUMAN_Chakraborty_2023_binding-DAS_25uM,SRC_HUMAN,Progen3 762m,762000000.0,8.881954971339601,Human,Activity,536,2.72916478969277,3.38,0.5289167002776547,Medium,True,0.343
SRC_HUMAN_Nguyen_2022,SRC_HUMAN,Progen3 762m,762000000.0,8.881954971339601,Human,OrganismalFitness,536,2.72916478969277,3.38,0.5289167002776547,Medium,True,0.347
SUMO1_HUMAN_Weile_2017,SUMO1_HUMAN,Progen3 762m,762000000.0,8.881954971339601,Human,OrganismalFitness,101,2.0043213737826426,140.9,2.1489109931093564,High,True,0.45
SYUA_HUMAN_Newberry_2020,SYUA_HUMAN,Progen3 762m,762000000.0,8.881954971339601,Human,OrganismalFitness,140,2.146128035678238,47.17,1.673665876245702,Medium,True,0.124
TADBP_HUMAN_Bolognesi_2019,TADBP_HUMAN,Progen3 762m,762000000.0,8.881954971339601,Human,OrganismalFitness,414,2.617000341120899,0.33,-0.4814860601221125,Low,True,0.164
TAT_HV1BR_Fernandes_2016,TAT_HV1BR,Progen3 762m,762000000.0,8.881954971339601,Virus,OrganismalFitness,86,1.9344984512435677,115.56,2.062807533172159,High,True,0.399
TCRG1_MOUSE_Tsuboyama_2023_1E0L,TCRG1_MOUSE,Progen3 762m,762000000.0,8.881954971339601,Eukaryote,Stability,37,1.568201724066995,79.56,1.9006947744523979,Medium,True,0.667
THO1_YEAST_Tsuboyama_2023_2WQG,THO1_YEAST,Progen3 762m,762000000.0,8.881954971339601,Eukaryote,Stability,41,1.6127838567197355,206.87,2.3156975144495764,High,True,0.389
TNKS2_HUMAN_Tsuboyama_2023_5JRT,TNKS2_HUMAN,Progen3 762m,762000000.0,8.881954971339601,Human,Stability,59,1.7708520116421442,195.89,2.2920122662363456,High,True,0.358
TPK1_HUMAN_Weile_2017,TPK1_HUMAN,Progen3 762m,762000000.0,8.881954971339601,Human,OrganismalFitness,243,2.385606273598312,29.93,1.4761067168401913,Medium,True,0.18
TPMT_HUMAN_Matreyek_2018,TPMT_HUMAN,Progen3 762m,762000000.0,8.881954971339601,Human,Expression,245,2.3891660843645326,26.71,1.426673888021373,Medium,True,0.486
TPOR_HUMAN_Bridgford_2020,TPOR_HUMAN,Progen3 762m,762000000.0,8.881954971339601,Human,OrganismalFitness,635,2.8027737252919755,0.19,-0.721246399047171,Low,True,0.206
TRPC_SACS2_Chan_2017,TRPC_SACS2,Progen3 762m,762000000.0,8.881954971339601,Prokaryote,OrganismalFitness,248,2.3944516808262164,41.98,1.6230424342463816,Medium,True,0.585
TRPC_THEMA_Chan_2017,TRPC_THEMA,Progen3 762m,762000000.0,8.881954971339601,Prokaryote,OrganismalFitness,252,2.401400540781544,41.51,1.6181527333785195,Medium,True,0.461
UBC9_HUMAN_Weile_2017,UBC9_HUMAN,Progen3 762m,762000000.0,8.881954971339601,Human,OrganismalFitness,159,2.2013971243204513,55.33,1.7429606702141525,Medium,True,0.445
UBE4B_HUMAN_Tsuboyama_2023_3L1X,UBE4B_HUMAN,Progen3 762m,762000000.0,8.881954971339601,Human,Stability,69,1.8388490907372552,506.27,2.704382193196689,High,True,0.332
UBE4B_MOUSE_Starita_2013,UBE4B_MOUSE,Progen3 762m,762000000.0,8.881954971339601,Eukaryote,Activity,1173,3.0692980121155293,0.64,-0.1938200260161128,Low,True,0.344
UBR5_HUMAN_Tsuboyama_2023_1I2T,UBR5_HUMAN,Progen3 762m,762000000.0,8.881954971339601,Human,Stability,58,1.7634279935629373,17.55,1.2442771208018428,Medium,True,0.376
VG08_BPP22_Tsuboyama_2023_2GP8,VG08_BPP22,Progen3 762m,762000000.0,8.881954971339601,Virus,Stability,40,1.6020599913279623,1177.87,3.0710973605715015,High,True,0.545
VILI_CHICK_Tsuboyama_2023_1YU5,VILI_CHICK,Progen3 762m,762000000.0,8.881954971339601,Eukaryote,Stability,65,1.8129133566428555,761.62,2.8817383400187397,High,True,0.407
VKOR1_HUMAN_Chiasson_2020_abundance,VKOR1_HUMAN,Progen3 762m,762000000.0,8.881954971339601,Human,Expression,163,2.2121876044039577,29.05,1.4631461367263496,Medium,True,0.445
VKOR1_HUMAN_Chiasson_2020_activity,VKOR1_HUMAN,Progen3 762m,762000000.0,8.881954971339601,Human,Activity,163,2.2121876044039577,29.05,1.4631461367263496,Medium,True,0.328
VRPI_BPT7_Tsuboyama_2023_2WNM,VRPI_BPT7,Progen3 762m,762000000.0,8.881954971339601,Virus,Stability,56,1.7481880270062005,81.19,1.9095025414054154,Medium,True,0.325
YAIA_ECOLI_Tsuboyama_2023_2KVT,YAIA_ECOLI,Progen3 762m,762000000.0,8.881954971339601,Prokaryote,Stability,52,1.7160033436347992,16.25,1.2108533653148932,Medium,True,0.314
YAP1_HUMAN_Araya_2012,YAP1_HUMAN,Progen3 762m,762000000.0,8.881954971339601,Human,Binding,504,2.7024305364455254,0.26,-0.585026652029182,Low,True,0.243
YNZC_BACSU_Tsuboyama_2023_2JVD,YNZC_BACSU,Progen3 762m,762000000.0,8.881954971339601,Prokaryote,Stability,39,1.591064607026499,40.99,1.6126779183165019,Medium,True,0.584
A0A140D2T1_ZIKV_Sourisseau_2019,A0A140D2T1_ZIKV,Progen3 1B,1000000000.0,9.0,Virus,OrganismalFitness,3423,3.534406899137877,1.63,0.21218760440395779,Medium,True,0.354
A0A192B1T2_9HIV1_Haddox_2018,A0A192B1T2_9HIV1,Progen3 1B,1000000000.0,9.0,Virus,OrganismalFitness,852,2.9304395947667,42.81,1.6315452278343094,Medium,True,0.487
A0A1I9GEU1_NEIME_Kennouche_2019,A0A1I9GEU1_NEIME,Progen3 1B,1000000000.0,9.0,Prokaryote,Activity,161,2.2068258760318495,14.07,1.1482940974347458,Medium,True,0.088
A0A247D711_LISMN_Stadelmann_2021,A0A247D711_LISMN,Progen3 1B,1000000000.0,9.0,Prokaryote,Activity,87,1.9395192526186185,0.1,-1.0,Low,True,0.07
A0A2Z5U3Z0_9INFA_Doud_2016,A0A2Z5U3Z0_9INFA,Progen3 1B,1000000000.0,9.0,Virus,OrganismalFitness,565,2.7520484478194387,16.01,1.2043913319192998,Medium,True,0.534
A0A2Z5U3Z0_9INFA_Wu_2014,A0A2Z5U3Z0_9INFA,Progen3 1B,1000000000.0,9.0,Virus,OrganismalFitness,565,2.7520484478194387,16.01,1.2043913319192998,Medium,True,0.492
A4_HUMAN_Seuma_2022,A4_HUMAN,Progen3 1B,1000000000.0,9.0,Human,Stability,770,2.886490725172482,0.08,-1.0969100130080565,Low,True,0.333
A4D664_9INFA_Soh_2019,A4D664_9INFA,Progen3 1B,1000000000.0,9.0,Virus,OrganismalFitness,759,2.88024177589548,1.7,0.2304489213782739,Medium,True,0.39
A4GRB6_PSEAI_Chen_2020,A4GRB6_PSEAI,Progen3 1B,1000000000.0,9.0,Prokaryote,OrganismalFitness,266,2.424881636631067,120.61,2.081383317462285,High,True,0.62
AACC1_PSEAI_Dandage_2018,AACC1_PSEAI,Progen3 1B,1000000000.0,9.0,Prokaryote,OrganismalFitness,177,2.247973266361807,985.3,2.9935684827897275,High,True,0.462
ACE2_HUMAN_Chan_2020,ACE2_HUMAN,Progen3 1B,1000000000.0,9.0,Human,Binding,805,2.9057958803678687,1.97,0.2944662261615929,Medium,True,0.211
ADRB2_HUMAN_Jones_2020,ADRB2_HUMAN,Progen3 1B,1000000000.0,9.0,Human,Activity,413,2.615950051656401,67.99,1.832445041174111,Medium,True,0.527
AICDA_HUMAN_Gajula_2014_3cycles,AICDA_HUMAN,Progen3 1B,1000000000.0,9.0,Human,Activity,198,2.296665190261531,18.4,1.2648178230095364,Medium,True,0.339
AMFR_HUMAN_Tsuboyama_2023_4G3O,AMFR_HUMAN,Progen3 1B,1000000000.0,9.0,Human,Stability,47,1.6720978579357175,26.51,1.4234097277330935,Medium,True,-0.153
AMIE_PSEAE_Wrenbeck_2017,AMIE_PSEAE,Progen3 1B,1000000000.0,9.0,Prokaryote,Activity,346,2.5390760987927767,89.1,1.9498777040368747,Medium,True,0.456
ANCSZ_Hobbs_2022,ANCSZ,Progen3 1B,1000000000.0,9.0,Eukaryote,Activity,627,2.7972675408307164,1.79,0.2528530309798932,Medium,True,0.495
ARGR_ECOLI_Tsuboyama_2023_1AOY,ARGR_ECOLI,Progen3 1B,1000000000.0,9.0,Prokaryote,Stability,69,1.8388490907372552,54.24,1.734319680859007,Medium,True,0.367
B2L11_HUMAN_Dutta_2010_binding-Mcl-1,B2L11_HUMAN,Progen3 1B,1000000000.0,9.0,Human,Binding,198,2.296665190261531,0.45,-0.3467874862246563,Low,True,0.229
BBC1_YEAST_Tsuboyama_2023_1TG0,BBC1_YEAST,Progen3 1B,1000000000.0,9.0,Eukaryote,Stability,64,1.806179973983887,271.76,2.4341855338619713,High,True,0.349
BCHB_CHLTE_Tsuboyama_2023_2KRU,BCHB_CHLTE,Progen3 1B,1000000000.0,9.0,Prokaryote,Stability,52,1.7160033436347992,51.95,1.7155855518931962,Medium,True,0.347
BLAT_ECOLX_Deng_2012,BLAT_ECOLX,Progen3 1B,1000000000.0,9.0,Prokaryote,OrganismalFitness,286,2.456366033129043,177.98,2.2503712024344784,High,True,0.4
BLAT_ECOLX_Firnberg_2014,BLAT_ECOLX,Progen3 1B,1000000000.0,9.0,Prokaryote,OrganismalFitness,286,2.456366033129043,177.98,2.2503712024344784,High,True,0.528
BLAT_ECOLX_Jacquier_2013,BLAT_ECOLX,Progen3 1B,1000000000.0,9.0,Prokaryote,OrganismalFitness,286,2.456366033129043,177.98,2.2503712024344784,High,True,0.531
BLAT_ECOLX_Stiffler_2015,BLAT_ECOLX,Progen3 1B,1000000000.0,9.0,Prokaryote,OrganismalFitness,286,2.456366033129043,177.98,2.2503712024344784,High,True,0.524
BRCA1_HUMAN_Findlay_2018,BRCA1_HUMAN,Progen3 1B,1000000000.0,9.0,Human,OrganismalFitness,1863,3.2702128548962426,0.05,-1.3010299956639813,Low,True,0.392
BRCA2_HUMAN_Erwood_2022_HEK293T,BRCA2_HUMAN,Progen3 1B,1000000000.0,9.0,Human,OrganismalFitness,3418,3.533772058384718,0.02,-1.6989700043360187,Low,True,0.511
C6KNH7_9INFA_Lee_2018,C6KNH7_9INFA,Progen3 1B,1000000000.0,9.0,Virus,OrganismalFitness,566,2.7528164311882715,16.0,1.2041199826559248,Medium,True,0.391
CALM1_HUMAN_Weile_2017,CALM1_HUMAN,Progen3 1B,1000000000.0,9.0,Human,OrganismalFitness,149,2.173186268412274,190.77,2.280510079703276,High,True,0.257
CAPSD_AAV2S_Sinai_2021,CAPSD_AAV2S,Progen3 1B,1000000000.0,9.0,Virus,OrganismalFitness,735,2.8662873390841948,0.26,-0.585026652029182,Low,True,0.22
CAR11_HUMAN_Meitlis_2020_gof,CAR11_HUMAN,Progen3 1B,1000000000.0,9.0,Human,OrganismalFitness,1154,3.0622058088197126,0.04,-1.3979400086720375,Low,True,0.223
CAR11_HUMAN_Meitlis_2020_lof,CAR11_HUMAN,Progen3 1B,1000000000.0,9.0,Human,OrganismalFitness,1154,3.0622058088197126,0.04,-1.3979400086720375,Low,True,0.383
CAS9_STRP1_Spencer_2017_positive,CAS9_STRP1,Progen3 1B,1000000000.0,9.0,Prokaryote,Activity,1368,3.1360860973840974,1.14,0.05690485133647256,Medium,True,0.191
CASP3_HUMAN_Roychowdhury_2020,CASP3_HUMAN,Progen3 1B,1000000000.0,9.0,Human,Activity,258,2.41161970596323,111.55,2.0474695746198566,High,True,0.541
CASP7_HUMAN_Roychowdhury_2020,CASP7_HUMAN,Progen3 1B,1000000000.0,9.0,Human,Activity,281,2.44870631990508,80.66,1.9066582176715998,Medium,True,0.546
CATR_CHLRE_Tsuboyama_2023_2AMI,CATR_CHLRE,Progen3 1B,1000000000.0,9.0,Eukaryote,Stability,72,1.8573324964312685,1107.51,3.044347656272274,High,True,0.608
CBPA2_HUMAN_Tsuboyama_2023_1O6X,CBPA2_HUMAN,Progen3 1B,1000000000.0,9.0,Human,Stability,72,1.8573324964312685,43.64,1.6398847419163043,Medium,True,0.662
CBS_HUMAN_Sun_2020,CBS_HUMAN,Progen3 1B,1000000000.0,9.0,Human,OrganismalFitness,551,2.741151598851785,3.5,0.5440680443502757,Medium,True,0.273
CBX4_HUMAN_Tsuboyama_2023_2K28,CBX4_HUMAN,Progen3 1B,1000000000.0,9.0,Human,Stability,50,1.6989700043360187,269.65,2.430800424624181,High,True,0.599
CCDB_ECOLI_Adkar_2012,CCDB_ECOLI,Progen3 1B,1000000000.0,9.0,Prokaryote,Activity,101,2.0043213737826426,168.82,2.227423895933663,High,True,0.424
CCDB_ECOLI_Tripathi_2016,CCDB_ECOLI,Progen3 1B,1000000000.0,9.0,Prokaryote,OrganismalFitness,101,2.0043213737826426,168.82,2.227423895933663,High,True,0.438
CCR5_HUMAN_Gill_2023,CCR5_HUMAN,Progen3 1B,1000000000.0,9.0,Human,Binding,352,2.546542663478131,182.74,2.261833620575751,High,True,0.355
CD19_HUMAN_Klesmith_2019_FMC_singles,CD19_HUMAN,Progen3 1B,1000000000.0,9.0,Human,Binding,556,2.7450747915820575,0.5,-0.3010299956639812,Low,True,0.091
CP2C9_HUMAN_Amorosi_2021_abundance,CP2C9_HUMAN,Progen3 1B,1000000000.0,9.0,Human,Expression,490,2.690196080028514,165.48,2.2187455122234745,High,True,0.584
CP2C9_HUMAN_Amorosi_2021_activity,CP2C9_HUMAN,Progen3 1B,1000000000.0,9.0,Human,Binding,490,2.690196080028514,165.48,2.2187455122234745,High,True,0.635
CSN4_MOUSE_Tsuboyama_2023_1UFM,CSN4_MOUSE,Progen3 1B,1000000000.0,9.0,Eukaryote,Stability,72,1.8573324964312685,48.23,1.6833172619218826,Medium,True,0.585
CUE1_YEAST_Tsuboyama_2023_2MYX,CUE1_YEAST,Progen3 1B,1000000000.0,9.0,Eukaryote,Stability,52,1.7160033436347992,7.64,0.8830933585756899,Medium,True,0.195
D7PM05_CLYGR_Somermeyer_2022,D7PM05_CLYGR,Progen3 1B,1000000000.0,9.0,Eukaryote,Activity,235,2.3710678622717363,0.6,-0.2218487496163564,Low,True,0.039
DLG4_HUMAN_Faure_2021,DLG4_HUMAN,Progen3 1B,1000000000.0,9.0,Human,OrganismalFitness,724,2.859738566197147,0.46,-0.3372421683184259,Low,True,0.633
DLG4_RAT_McLaughlin_2012,DLG4_RAT,Progen3 1B,1000000000.0,9.0,Eukaryote,Binding,724,2.859738566197147,0.36,-0.44369749923271273,Low,True,0.355
DN7A_SACS2_Tsuboyama_2023_1JIC,DN7A_SACS2,Progen3 1B,1000000000.0,9.0,Prokaryote,Stability,55,1.7403626894942439,24.82,1.394801777162711,Medium,True,0.16
DNJA1_HUMAN_Tsuboyama_2023_2LO1,DNJA1_HUMAN,Progen3 1B,1000000000.0,9.0,Human,Stability,65,1.8129133566428555,547.68,2.7385268817938018,High,True,0.731
DOCK1_MOUSE_Tsuboyama_2023_2M0Y,DOCK1_MOUSE,Progen3 1B,1000000000.0,9.0,Eukaryote,Stability,66,1.8195439355418688,368.28,2.5661781344794474,High,True,0.26
DYR_ECOLI_Nguyen_2023,DYR_ECOLI,Progen3 1B,1000000000.0,9.0,Prokaryote,OrganismalFitness,159,2.2013971243204513,337.1,2.527758752520972,High,True,0.26
DYR_ECOLI_Thompson_2019,DYR_ECOLI,Progen3 1B,1000000000.0,9.0,Prokaryote,OrganismalFitness,159,2.2013971243204513,77.51,1.8893577368889316,Medium,True,0.381
ENV_HV1B9_DuenasDecamp_2016,ENV_HV1B9,Progen3 1B,1000000000.0,9.0,Virus,OrganismalFitness,853,2.930949031167523,47.92,1.680516809381255,Medium,True,0.384
ENV_HV1BR_Haddox_2016,ENV_HV1BR,Progen3 1B,1000000000.0,9.0,Virus,OrganismalFitness,861,2.935003151453655,43.39,1.637389650129212,Medium,True,0.344
ENVZ_ECOLI_Ghose_2023,ENVZ_ECOLI,Progen3 1B,1000000000.0,9.0,Prokaryote,Activity,60,1.7781512503836436,4595.33,3.6623167044126537,High,True,0.166
EPHB2_HUMAN_Tsuboyama_2023_1F0M,EPHB2_HUMAN,Progen3 1B,1000000000.0,9.0,Human,Stability,66,1.8195439355418688,126.33,2.1015064961399275,High,True,0.614
ERBB2_HUMAN_Elazar_2016,ERBB2_HUMAN,Progen3 1B,1000000000.0,9.0,Human,Expression,1255,3.098643725817057,0.32,-0.494850021680094,Low,True,0.516
ESTA_BACSU_Nutschel_2020,ESTA_BACSU,Progen3 1B,1000000000.0,9.0,Prokaryote,Stability,212,2.326335860928751,313.28,2.495932670123044,High,True,0.343
F7YBW8_MESOW_Ding_2023,F7YBW8_MESOW,Progen3 1B,1000000000.0,9.0,Prokaryote,OrganismalFitness,93,1.968482948553935,176.23,2.2460798412237666,High,True,0.367
F7YBW8_MESOW_Aakre_2015,F7YBW8_MESOW,Progen3 1B,1000000000.0,9.0,Prokaryote,OrganismalFitness,93,1.968482948553935,176.23,2.2460798412237666,High,True,0.225
FECA_ECOLI_Tsuboyama_2023_2D1U,FECA_ECOLI,Progen3 1B,1000000000.0,9.0,Prokaryote,Stability,72,1.8573324964312685,141.6,2.15106325335375,High,True,0.291
FKBP3_HUMAN_Tsuboyama_2023_2KFV,FKBP3_HUMAN,Progen3 1B,1000000000.0,9.0,Human,Stability,69,1.8388490907372552,1.85,0.26717172840301384,Medium,True,0.126
GAL4_YEAST_Kitzman_2015,GAL4_YEAST,Progen3 1B,1000000000.0,9.0,Eukaryote,OrganismalFitness,881,2.9449759084120477,10.02,1.000867721531227,Medium,True,0.482
GCN4_YEAST_Staller_2018,GCN4_YEAST,Progen3 1B,1000000000.0,9.0,Eukaryote,Binding,281,2.44870631990508,0.66,-0.1804560644581313,Low,True,0.13
GDIA_HUMAN_Silverstein_2021,GDIA_HUMAN,Progen3 1B,1000000000.0,9.0,Human,OrganismalFitness,447,2.6503075231319366,0.8,-0.09691001300805639,Low,True,0.406
GFP_AEQVI_Sarkisyan_2016,GFP_AEQVI,Progen3 1B,1000000000.0,9.0,Eukaryote,Activity,238,2.376576957056512,0.06,-1.2218487496163564,Low,True,0.631
GLPA_HUMAN_Elazar_2016,GLPA_HUMAN,Progen3 1B,1000000000.0,9.0,Human,Expression,150,2.1760912590556813,0.51,-0.2924298239020636,Low,True,0.35
GRB2_HUMAN_Faure_2021,GRB2_HUMAN,Progen3 1B,1000000000.0,9.0,Human,OrganismalFitness,217,2.3364597338485296,6.78,0.8312296938670634,Medium,True,0.438
HCP_LAMBD_Tsuboyama_2023_2L6Q,HCP_LAMBD,Progen3 1B,1000000000.0,9.0,Virus,Stability,55,1.7403626894942439,30.76,1.4879863311293935,Medium,True,0.426
HECD1_HUMAN_Tsuboyama_2023_3DKM,HECD1_HUMAN,Progen3 1B,1000000000.0,9.0,Human,Stability,72,1.8573324964312685,17.22,1.236033147117636,Medium,True,0.205
HEM3_HUMAN_Loggerenberg_2023,HEM3_HUMAN,Progen3 1B,1000000000.0,9.0,Human,Activity,361,2.5575072019056577,32.84,1.5164031484474032,Medium,True,0.359
HIS7_YEAST_Pokusaeva_2019,HIS7_YEAST,Progen3 1B,1000000000.0,9.0,Eukaryote,OrganismalFitness,220,2.342422680822206,23.97,1.3796680340336538,Medium,True,0.511
HMDH_HUMAN_Jiang_2019,HMDH_HUMAN,Progen3 1B,1000000000.0,9.0,Human,OrganismalFitness,888,2.948412965778601,0.58,-0.23657200643706275,Low,True,0.199
HSP82_YEAST_Cote-Hammarlof_2020_growth-H2O2,HSP82_YEAST,Progen3 1B,1000000000.0,9.0,Eukaryote,OrganismalFitness,709,2.8506462351830666,6.47,0.8109042806687004,Medium,True,0.387
HSP82_YEAST_Flynn_2019,HSP82_YEAST,Progen3 1B,1000000000.0,9.0,Eukaryote,OrganismalFitness,709,2.8506462351830666,5.45,0.7363965022766424,Medium,True,0.413
HSP82_YEAST_Mishra_2016,HSP82_YEAST,Progen3 1B,1000000000.0,9.0,Eukaryote,OrganismalFitness,709,2.8506462351830666,5.45,0.7363965022766424,Medium,True,0.539
HXK4_HUMAN_Gersing_2022_activity,HXK4_HUMAN,Progen3 1B,1000000000.0,9.0,Human,OrganismalFitness,465,2.667452952889954,4.99,0.69810054562339,Medium,True,0.421
HXK4_HUMAN_Gersing_2023_abundance,HXK4_HUMAN,Progen3 1B,1000000000.0,9.0,Human,Expression,465,2.667452952889954,5.38,0.7307822756663892,Medium,True,0.297
I6TAH8_I68A0_Doud_2015,I6TAH8_I68A0,Progen3 1B,1000000000.0,9.0,Virus,OrganismalFitness,498,2.6972293427597176,2.15,0.33243845991560533,Medium,True,0.347
IF1_ECOLI_Kelsic_2016,IF1_ECOLI,Progen3 1B,1000000000.0,9.0,Prokaryote,OrganismalFitness,72,1.8573324964312685,536.24,2.72935920638567,High,True,0.484
ILF3_HUMAN_Tsuboyama_2023_2L33,ILF3_HUMAN,Progen3 1B,1000000000.0,9.0,Human,Stability,71,1.8512583487190752,309.51,2.490674685261338,High,True,0.327
ISDH_STAAW_Tsuboyama_2023_2LHR,ISDH_STAAW,Progen3 1B,1000000000.0,9.0,Prokaryote,Stability,55,1.7403626894942439,713.67,2.8534974410356244,High,True,0.251
KCNE1_HUMAN_Muhammad_2023_expression,KCNE1_HUMAN,Progen3 1B,1000000000.0,9.0,Human,Expression,129,2.110589710299249,1.74,0.24054924828259971,Medium,True,0.177
KCNE1_HUMAN_Muhammad_2023_function,KCNE1_HUMAN,Progen3 1B,1000000000.0,9.0,Human,Activity,129,2.110589710299249,1.74,0.24054924828259971,Medium,True,0.315
KCNH2_HUMAN_Kozek_2020,KCNH2_HUMAN,Progen3 1B,1000000000.0,9.0,Human,Activity,1159,3.064083435963596,6.29,0.798650645445269,Medium,True,0.52
KCNJ2_MOUSE_Coyote-Maestas_2022_function,KCNJ2_MOUSE,Progen3 1B,1000000000.0,9.0,Eukaryote,Activity,428,2.6314437690131722,5.28,0.7226339225338123,Medium,True,0.312
KCNJ2_MOUSE_Coyote-Maestas_2022_surface,KCNJ2_MOUSE,Progen3 1B,1000000000.0,9.0,Eukaryote,Expression,428,2.6314437690131722,5.28,0.7226339225338123,Medium,True,0.252
KKA2_KLEPN_Melnikov_2014,KKA2_KLEPN,Progen3 1B,1000000000.0,9.0,Prokaryote,OrganismalFitness,264,2.4216039268698313,298.65,2.475162519083091,High,True,0.627
LGK_LIPST_Klesmith_2015,LGK_LIPST,Progen3 1B,1000000000.0,9.0,Eukaryote,Activity,439,2.6424645202421213,18.83,1.2748503200166648,Medium,True,0.464
LYAM1_HUMAN_Elazar_2016,LYAM1_HUMAN,Progen3 1B,1000000000.0,9.0,Human,Expression,372,2.5705429398818973,1.09,0.037426497940623665,Medium,True,0.395
MAFG_MOUSE_Tsuboyama_2023_1K1V,MAFG_MOUSE,Progen3 1B,1000000000.0,9.0,Eukaryote,Stability,41,1.6127838567197355,3.89,0.5899496013257077,Medium,True,0.482
MBD11_ARATH_Tsuboyama_2023_6ACV,MBD11_ARATH,Progen3 1B,1000000000.0,9.0,Eukaryote,Stability,66,1.8195439355418688,24.91,1.3963737275365065,Medium,True,0.323
MET_HUMAN_Estevam_2023,MET_HUMAN,Progen3 1B,1000000000.0,9.0,Human,Activity,287,2.4578818967339924,17.78,1.249931756634195,Medium,True,0.523
MK01_HUMAN_Brenan_2016,MK01_HUMAN,Progen3 1B,1000000000.0,9.0,Human,OrganismalFitness,360,2.5563025007672873,25.98,1.4146391467370092,Medium,True,0.112
MLAC_ECOLI_MacRae_2023,MLAC_ECOLI,Progen3 1B,1000000000.0,9.0,Prokaryote,OrganismalFitness,211,2.3242824552976926,37.67,1.5759956202032677,Medium,True,0.339
MSH2_HUMAN_Jia_2020,MSH2_HUMAN,Progen3 1B,1000000000.0,9.0,Human,OrganismalFitness,934,2.9703468762300935,11.71,1.0685568950723632,Medium,True,0.336
MTH3_HAEAE_RockahShmuel_2015,MTH3_HAEAE,Progen3 1B,1000000000.0,9.0,Prokaryote,OrganismalFitness,330,2.5185139398778875,82.51,1.9165065871151556,Medium,True,0.716
MTHR_HUMAN_Weile_2021,MTHR_HUMAN,Progen3 1B,1000000000.0,9.0,Human,OrganismalFitness,656,2.8169038393756605,0.99,-0.004364805402450088,Low,True,0.222
MYO3_YEAST_Tsuboyama_2023_2BTT,MYO3_YEAST,Progen3 1B,1000000000.0,9.0,Eukaryote,Stability,61,1.7853298350107671,208.4,2.3188977146274867,High,True,0.209
NCAP_I34A1_Doud_2015,NCAP_I34A1,Progen3 1B,1000000000.0,9.0,Virus,OrganismalFitness,498,2.6972293427597176,2.15,0.33243845991560533,Medium,True,0.359
NKX31_HUMAN_Tsuboyama_2023_2L9R,NKX31_HUMAN,Progen3 1B,1000000000.0,9.0,Human,Stability,61,1.7853298350107671,147.96,2.1701443226433565,High,True,0.56
NPC1_HUMAN_Erwood_2022_HEK293T,NPC1_HUMAN,Progen3 1B,1000000000.0,9.0,Human,Activity,1278,3.1065308538223815,0.67,-0.17392519729917355,Low,True,0.64
NPC1_HUMAN_Erwood_2022_RPE1,NPC1_HUMAN,Progen3 1B,1000000000.0,9.0,Human,Activity,1278,3.1065308538223815,0.67,-0.17392519729917355,Low,True,0.667
NRAM_I33A0_Jiang_2016,NRAM_I33A0,Progen3 1B,1000000000.0,9.0,Virus,OrganismalFitness,453,2.656098202012832,15.93,1.2022157758011316,Medium,True,0.668
NUD15_HUMAN_Suiter_2020,NUD15_HUMAN,Progen3 1B,1000000000.0,9.0,Human,Expression,164,2.214843848047698,281.51,2.4494938267812603,High,True,0.52
NUSA_ECOLI_Tsuboyama_2023_1WCL,NUSA_ECOLI,Progen3 1B,1000000000.0,9.0,Prokaryote,Stability,69,1.8388490907372552,598.86,2.777325305972129,High,True,0.325
NUSG_MYCTU_Tsuboyama_2023_2MI6,NUSG_MYCTU,Progen3 1B,1000000000.0,9.0,Prokaryote,Stability,55,1.7403626894942439,320.33,2.5055976137320095,High,True,0.385
OBSCN_HUMAN_Tsuboyama_2023_1V1C,OBSCN_HUMAN,Progen3 1B,1000000000.0,9.0,Human,Stability,65,1.8129133566428555,378.54,2.578111777789627,High,True,0.55
ODP2_GEOSE_Tsuboyama_2023_1W4G,ODP2_GEOSE,Progen3 1B,1000000000.0,9.0,Prokaryote,Stability,44,1.6434526764861874,397.86,2.5997302782956524,High,True,0.146
OPSD_HUMAN_Wan_2019,OPSD_HUMAN,Progen3 1B,1000000000.0,9.0,Human,Expression,348,2.5415792439465807,107.19,2.0301542709221025,High,True,0.549
OTC_HUMAN_Lo_2023,OTC_HUMAN,Progen3 1B,1000000000.0,9.0,Human,Activity,354,2.5490032620257876,53.97,1.7321524180652137,Medium,True,0.534
OTU7A_HUMAN_Tsuboyama_2023_2L2D,OTU7A_HUMAN,Progen3 1B,1000000000.0,9.0,Human,Stability,42,1.6232492903979006,12395.25,4.0932552904846835,High,True,0.368
OXDA_RHOTO_Vanella_2023_activity,OXDA_RHOTO,Progen3 1B,1000000000.0,9.0,Eukaryote,Activity,364,2.561101383649056,271.28,2.43341777677003,High,True,0.324
OXDA_RHOTO_Vanella_2023_expression,OXDA_RHOTO,Progen3 1B,1000000000.0,9.0,Eukaryote,Expression,364,2.561101383649056,271.28,2.43341777677003,High,True,0.245
P53_HUMAN_Giacomelli_2018_Null_Etoposide,P53_HUMAN,Progen3 1B,1000000000.0,9.0,Human,OrganismalFitness,393,2.5943925503754266,0.39,-0.4089353929735008,Low,True,0.453
P53_HUMAN_Giacomelli_2018_Null_Nutlin,P53_HUMAN,Progen3 1B,1000000000.0,9.0,Human,OrganismalFitness,393,2.5943925503754266,0.39,-0.4089353929735008,Low,True,0.446
P53_HUMAN_Giacomelli_2018_WT_Nutlin,P53_HUMAN,Progen3 1B,1000000000.0,9.0,Human,OrganismalFitness,393,2.5943925503754266,0.39,-0.4089353929735008,Low,True,0.568
P53_HUMAN_Kotler_2018,P53_HUMAN,Progen3 1B,1000000000.0,9.0,Human,OrganismalFitness,393,2.5943925503754266,0.37,-0.431798275933005,Low,True,0.477
P84126_THETH_Chan_2017,P84126_THETH,Progen3 1B,1000000000.0,9.0,Prokaryote,OrganismalFitness,254,2.404833716619938,41.7,1.6201360549737576,Medium,True,0.602
PA_I34A1_Wu_2015,PA_I34A1,Progen3 1B,1000000000.0,9.0,Virus,OrganismalFitness,716,2.8549130223078554,1.75,0.24303804868629444,Medium,True,0.502
PABP_YEAST_Melamed_2013,PABP_YEAST,Progen3 1B,1000000000.0,9.0,Eukaryote,OrganismalFitness,577,2.7611758131557314,1.42,0.15228834438305647,Medium,True,0.689
PAI1_HUMAN_Huttinger_2021,PAI1_HUMAN,Progen3 1B,1000000000.0,9.0,Human,Activity,402,2.60422605308447,30.34,1.4820155764507117,Medium,True,0.399
PHOT_CHLRE_Chen_2023,PHOT_CHLRE,Progen3 1B,1000000000.0,9.0,Eukaryote,Activity,118,2.0718820073061255,5215.65,3.717308440053486,High,True,0.665
PIN1_HUMAN_Tsuboyama_2023_1I6C,PIN1_HUMAN,Progen3 1B,1000000000.0,9.0,Human,Stability,39,1.591064607026499,287.66,2.458879476116883,High,True,0.681
PITX2_HUMAN_Tsuboyama_2023_2L7M,PITX2_HUMAN,Progen3 1B,1000000000.0,9.0,Human,Stability,52,1.7160033436347992,191.76,2.2827580210255976,High,True,0.55
PKN1_HUMAN_Tsuboyama_2023_1URF,PKN1_HUMAN,Progen3 1B,1000000000.0,9.0,Human,Stability,71,1.8512583487190752,772.42,2.8878535102875573,High,True,0.332
POLG_CXB3N_Mattenberger_2021,POLG_CXB3N,Progen3 1B,1000000000.0,9.0,Virus,OrganismalFitness,2185,3.3394514413064407,1.79,0.2528530309798932,Medium,True,0.385
POLG_DEN26_Suphatrakul_2023,POLG_DEN26,Progen3 1B,1000000000.0,9.0,Virus,OrganismalFitness,900,2.9542425094393248,0.55,-0.2596373105057561,Low,True,0.458
POLG_HCVJF_Qi_2014,POLG_HCVJF,Progen3 1B,1000000000.0,9.0,Virus,OrganismalFitness,3033,3.4818724103106633,41.97,1.62293896921149,Medium,True,0.258
POLG_PESV_Tsuboyama_2023_2MXD,POLG_PESV,Progen3 1B,1000000000.0,9.0,Virus,Stability,53,1.724275869600789,262.74,2.419526195575769,High,True,0.205
PPARG_HUMAN_Majithia_2016,PPARG_HUMAN,Progen3 1B,1000000000.0,9.0,Human,Activity,505,2.7032913781186614,6.24,0.795184589682424,Medium,True,0.718
PPM1D_HUMAN_Miller_2022,PPM1D_HUMAN,Progen3 1B,1000000000.0,9.0,Human,OrganismalFitness,605,2.781755374652469,0.56,-0.25181197299379954,Low,True,0.595
PR40A_HUMAN_Tsuboyama_2023_1UZC,PR40A_HUMAN,Progen3 1B,1000000000.0,9.0,Human,Stability,63,1.7993405494535817,56.72,1.7537362221750101,Medium,True,0.651
PRKN_HUMAN_Clausen_2023,PRKN_HUMAN,Progen3 1B,1000000000.0,9.0,Human,Expression,465,2.667452952889954,0.37,-0.431798275933005,Low,True,0.574
PSAE_PICP2_Tsuboyama_2023_1PSE,PSAE_PICP2,Progen3 1B,1000000000.0,9.0,Prokaryote,Stability,68,1.8325089127062364,1.85,0.26717172840301384,Medium,True,0.495
PTEN_HUMAN_Matreyek_2021,PTEN_HUMAN,Progen3 1B,1000000000.0,9.0,Human,Expression,403,2.6053050461411096,3.72,0.5705429398818975,Medium,True,0.429
PTEN_HUMAN_Mighell_2018,PTEN_HUMAN,Progen3 1B,1000000000.0,9.0,Human,Activity,403,2.6053050461411096,3.72,0.5705429398818975,Medium,True,0.388
Q2N0S5_9HIV1_Haddox_2018,Q2N0S5_9HIV1,Progen3 1B,1000000000.0,9.0,Virus,OrganismalFitness,860,2.934498451243568,42.86,1.6320521667058099,Medium,True,0.515
Q53Z42_HUMAN_McShan_2019_binding-TAPBPR,Q53Z42_HUMAN,Progen3 1B,1000000000.0,9.0,Human,Binding,365,2.5622928644564746,13.24,1.1218879851036812,Medium,True,0.321
Q53Z42_HUMAN_McShan_2019_expression,Q53Z42_HUMAN,Progen3 1B,1000000000.0,9.0,Human,Expression,365,2.5622928644564746,13.24,1.1218879851036812,Medium,True,0.509
Q59976_STRSQ_Romero_2015,Q59976_STRSQ,Progen3 1B,1000000000.0,9.0,Prokaryote,Activity,501,2.699837725867246,27.97,1.4466924663715273,Medium,True,0.658
Q6WV12_9MAXI_Somermeyer_2022,Q6WV12_9MAXI,Progen3 1B,1000000000.0,9.0,Eukaryote,Activity,222,2.346352974450639,0.44,-0.3565473235138126,Low,True,-0.024
Q837P4_ENTFA_Meier_2023,Q837P4_ENTFA,Progen3 1B,1000000000.0,9.0,Prokaryote,Activity,589,2.7701152947871015,90.8,1.958085848521085,Medium,True,0.475
Q837P5_ENTFA_Meier_2023,Q837P5_ENTFA,Progen3 1B,1000000000.0,9.0,Prokaryote,Activity,571,2.756636108245848,95.02,1.9778150260831866,Medium,True,0.455
Q8WTC7_9CNID_Somermeyer_2022,Q8WTC7_9CNID,Progen3 1B,1000000000.0,9.0,Eukaryote,Activity,238,2.376576957056512,0.51,-0.2924298239020636,Low,True,0.215
R1AB_SARS2_Flynn_2022,R1AB_SARS2,Progen3 1B,1000000000.0,9.0,Virus,OrganismalFitness,306,2.48572142648158,1.14,0.05690485133647256,Medium,True,0.121
RAD_ANTMA_Tsuboyama_2023_2CJJ,RAD_ANTMA,Progen3 1B,1000000000.0,9.0,Eukaryote,Stability,54,1.7323937598229686,777.81,2.8908735224022113,High,True,0.493
RAF1_HUMAN_Zinkus-Boltz_2019,RAF1_HUMAN,Progen3 1B,1000000000.0,9.0,Human,OrganismalFitness,648,2.8115750058705933,0.59,-0.22914798835785583,Low,True,0.385
RASH_HUMAN_Bandaru_2017,RASH_HUMAN,Progen3 1B,1000000000.0,9.0,Human,Activity,189,2.2764618041732443,125.77,2.0995770609167086,High,True,0.424
RASK_HUMAN_Weng_2022_abundance,RASK_HUMAN,Progen3 1B,1000000000.0,9.0,Human,Expression,188,2.27415784926368,146.37,2.1654520728319286,High,True,0.35
RASK_HUMAN_Weng_2022_binding-DARPin_K55,RASK_HUMAN,Progen3 1B,1000000000.0,9.0,Human,Binding,188,2.27415784926368,146.37,2.1654520728319286,High,True,0.563
RBP1_HUMAN_Tsuboyama_2023_2KWH,RBP1_HUMAN,Progen3 1B,1000000000.0,9.0,Human,Stability,52,1.7160033436347992,976.49,2.9896678001409684,High,True,0.28
RCD1_ARATH_Tsuboyama_2023_5OAO,RCD1_ARATH,Progen3 1B,1000000000.0,9.0,Eukaryote,Stability,57,1.7558748556724915,28.23,1.4507108781469193,Medium,True,0.42
RCRO_LAMBD_Tsuboyama_2023_1ORC,RCRO_LAMBD,Progen3 1B,1000000000.0,9.0,Virus,Stability,63,1.7993405494535817,803.73,2.905110179092208,High,True,0.499
RD23A_HUMAN_Tsuboyama_2023_1IFY,RD23A_HUMAN,Progen3 1B,1000000000.0,9.0,Human,Stability,44,1.6434526764861874,182.36,2.260929583529925,High,True,0.498
RDRP_I33A0_Li_2023,RDRP_I33A0,Progen3 1B,1000000000.0,9.0,Virus,OrganismalFitness,757,2.8790958795000727,1.52,0.18184358794477254,Medium,True,0.426
REV_HV1H2_Fernandes_2016,REV_HV1H2,Progen3 1B,1000000000.0,9.0,Virus,OrganismalFitness,116,2.0644579892269186,104.82,2.0204441553665746,High,True,0.223
RFAH_ECOLI_Tsuboyama_2023_2LCL,RFAH_ECOLI,Progen3 1B,1000000000.0,9.0,Prokaryote,Stability,55,1.7403626894942439,258.65,2.412712482745101,High,True,0.139
RL20_AQUAE_Tsuboyama_2023_1GYZ,RL20_AQUAE,Progen3 1B,1000000000.0,9.0,Prokaryote,Stability,59,1.7708520116421442,1816.95,3.2593429762772845,High,True,0.555
RL40A_YEAST_Mavor_2016,RL40A_YEAST,Progen3 1B,1000000000.0,9.0,Eukaryote,OrganismalFitness,128,2.1072099696478683,30.52,1.4845845292828428,Medium,True,0.463
RL40A_YEAST_Roscoe_2013,RL40A_YEAST,Progen3 1B,1000000000.0,9.0,Eukaryote,OrganismalFitness,128,2.1072099696478683,30.52,1.4845845292828428,Medium,True,0.529
RL40A_YEAST_Roscoe_2014,RL40A_YEAST,Progen3 1B,1000000000.0,9.0,Eukaryote,Activity,128,2.1072099696478683,30.52,1.4845845292828428,Medium,True,0.387
RNC_ECOLI_Weeks_2023,RNC_ECOLI,Progen3 1B,1000000000.0,9.0,Prokaryote,Activity,226,2.3541084391474008,70.7,1.8494194137968993,Medium,True,0.442
RPC1_BP434_Tsuboyama_2023_1R69,RPC1_BP434,Progen3 1B,1000000000.0,9.0,Virus,Stability,61,1.7853298350107671,9091.45,3.958633154594723,High,True,0.678
RPC1_LAMBD_Li_2019_high-expression,RPC1_LAMBD,Progen3 1B,1000000000.0,9.0,Virus,Activity,237,2.374748346010104,121.45,2.0843975191411492,High,True,0.421
RPC1_LAMBD_Li_2019_low-expression,RPC1_LAMBD,Progen3 1B,1000000000.0,9.0,Virus,Activity,237,2.374748346010104,121.45,2.0843975191411492,High,True,0.452
RS15_GEOSE_Tsuboyama_2023_1A32,RS15_GEOSE,Progen3 1B,1000000000.0,9.0,Prokaryote,Stability,63,1.7993405494535817,68.91,1.8382822499146885,Medium,True,0.305
S22A1_HUMAN_Yee_2023_abundance,S22A1_HUMAN,Progen3 1B,1000000000.0,9.0,Human,Expression,553,2.7427251313046983,62.71,1.7973368007753499,Medium,True,0.606
S22A1_HUMAN_Yee_2023_activity,S22A1_HUMAN,Progen3 1B,1000000000.0,9.0,Human,Activity,553,2.7427251313046983,62.71,1.7973368007753499,Medium,True,0.59
SAV1_MOUSE_Tsuboyama_2023_2YSB,SAV1_MOUSE,Progen3 1B,1000000000.0,9.0,Eukaryote,Stability,43,1.6334684555795864,105.1,2.021602716028242,High,True,0.534
SBI_STAAM_Tsuboyama_2023_2JVG,SBI_STAAM,Progen3 1B,1000000000.0,9.0,Prokaryote,Stability,56,1.7481880270062005,27.03,1.4318460456987254,Medium,True,0.309
SC6A4_HUMAN_Young_2021,SC6A4_HUMAN,Progen3 1B,1000000000.0,9.0,Human,Activity,630,2.7993405494535817,8.81,0.9449759084120479,Medium,True,0.498
SCIN_STAAR_Tsuboyama_2023_2QFF,SCIN_STAAR,Progen3 1B,1000000000.0,9.0,Prokaryote,Stability,70,1.845098040014257,163.66,2.213942546840078,High,True,0.231
SCN5A_HUMAN_Glazer_2019,SCN5A_HUMAN,Progen3 1B,1000000000.0,9.0,Human,OrganismalFitness,2016,3.3044905277734875,26.58,1.4245549766067132,Medium,True,0.086
SDA_BACSU_Tsuboyama_2023_1PV0,SDA_BACSU,Progen3 1B,1000000000.0,9.0,Prokaryote,Stability,44,1.6434526764861874,20.05,1.3021143769562011,Medium,True,0.139
SERC_HUMAN_Xie_2023,SERC_HUMAN,Progen3 1B,1000000000.0,9.0,Human,OrganismalFitness,370,2.568201724066995,117.4,2.0696680969115957,High,True,0.527
SHOC2_HUMAN_Kwon_2022,SHOC2_HUMAN,Progen3 1B,1000000000.0,9.0,Human,OrganismalFitness,582,2.7649229846498886,15.55,1.1917303933628562,Medium,True,0.254
SOX30_HUMAN_Tsuboyama_2023_7JJK,SOX30_HUMAN,Progen3 1B,1000000000.0,9.0,Human,Stability,57,1.7558748556724915,262.24,2.418698936226424,High,True,0.419
SPA_STAAU_Tsuboyama_2023_1LP1,SPA_STAAU,Progen3 1B,1000000000.0,9.0,Prokaryote,Stability,55,1.7403626894942439,37.48,1.5737995822157407,Medium,True,0.051
SPG1_STRSG_Olson_2014,SPG1_STRSG,Progen3 1B,1000000000.0,9.0,Prokaryote,Binding,448,2.651278013998144,0.0,-2.0,Low,True,0.234
SPG1_STRSG_Wu_2016,SPG1_STRSG,Progen3 1B,1000000000.0,9.0,Prokaryote,Binding,448,2.651278013998144,1.34,0.12710479836480765,Medium,True,0.043
SPG2_STRSG_Tsuboyama_2023_5UBS,SPG2_STRSG,Progen3 1B,1000000000.0,9.0,Prokaryote,Stability,56,1.7481880270062005,56.55,1.7524326092614742,Medium,True,0.497
SPIKE_SARS2_Starr_2020_binding,SPIKE_SARS2,Progen3 1B,1000000000.0,9.0,Virus,Binding,1273,3.1048284036536553,1.06,0.02530586526477026,Medium,True,0.365
SPIKE_SARS2_Starr_2020_expression,SPIKE_SARS2,Progen3 1B,1000000000.0,9.0,Virus,Expression,1273,3.1048284036536553,1.06,0.02530586526477026,Medium,True,0.382
SPTN1_CHICK_Tsuboyama_2023_1TUD,SPTN1_CHICK,Progen3 1B,1000000000.0,9.0,Eukaryote,Stability,60,1.7781512503836436,285.61,2.455773409227347,High,True,0.543
SQSTM_MOUSE_Tsuboyama_2023_2RRU,SQSTM_MOUSE,Progen3 1B,1000000000.0,9.0,Eukaryote,Stability,40,1.6020599913279623,84.27,1.9256729939212405,Medium,True,0.517
SR43C_ARATH_Tsuboyama_2023_2N88,SR43C_ARATH,Progen3 1B,1000000000.0,9.0,Eukaryote,Stability,48,1.6812412373755872,253.55,2.404063614883892,High,True,0.59
SRBS1_HUMAN_Tsuboyama_2023_2O2W,SRBS1_HUMAN,Progen3 1B,1000000000.0,9.0,Human,Stability,67,1.8260748027008264,363.68,2.5607194183808955,High,True,0.676
SRC_HUMAN_Ahler_2019,SRC_HUMAN,Progen3 1B,1000000000.0,9.0,Human,Activity,536,2.72916478969277,2.75,0.43933269383026263,Medium,True,0.394
SRC_HUMAN_Chakraborty_2023_binding-DAS_25uM,SRC_HUMAN,Progen3 1B,1000000000.0,9.0,Human,Activity,536,2.72916478969277,3.38,0.5289167002776547,Medium,True,0.303
SRC_HUMAN_Nguyen_2022,SRC_HUMAN,Progen3 1B,1000000000.0,9.0,Human,OrganismalFitness,536,2.72916478969277,3.38,0.5289167002776547,Medium,True,0.317
SUMO1_HUMAN_Weile_2017,SUMO1_HUMAN,Progen3 1B,1000000000.0,9.0,Human,OrganismalFitness,101,2.0043213737826426,140.9,2.1489109931093564,High,True,0.43
SYUA_HUMAN_Newberry_2020,SYUA_HUMAN,Progen3 1B,1000000000.0,9.0,Human,OrganismalFitness,140,2.146128035678238,47.17,1.673665876245702,Medium,True,0.172
TADBP_HUMAN_Bolognesi_2019,TADBP_HUMAN,Progen3 1B,1000000000.0,9.0,Human,OrganismalFitness,414,2.617000341120899,0.33,-0.4814860601221125,Low,True,-0.009
TAT_HV1BR_Fernandes_2016,TAT_HV1BR,Progen3 1B,1000000000.0,9.0,Virus,OrganismalFitness,86,1.9344984512435677,115.56,2.062807533172159,High,True,0.37
TCRG1_MOUSE_Tsuboyama_2023_1E0L,TCRG1_MOUSE,Progen3 1B,1000000000.0,9.0,Eukaryote,Stability,37,1.568201724066995,79.56,1.9006947744523979,Medium,True,0.644
THO1_YEAST_Tsuboyama_2023_2WQG,THO1_YEAST,Progen3 1B,1000000000.0,9.0,Eukaryote,Stability,41,1.6127838567197355,206.87,2.3156975144495764,High,True,0.56
TNKS2_HUMAN_Tsuboyama_2023_5JRT,TNKS2_HUMAN,Progen3 1B,1000000000.0,9.0,Human,Stability,59,1.7708520116421442,195.89,2.2920122662363456,High,True,0.38
TPK1_HUMAN_Weile_2017,TPK1_HUMAN,Progen3 1B,1000000000.0,9.0,Human,OrganismalFitness,243,2.385606273598312,29.93,1.4761067168401913,Medium,True,0.22
TPMT_HUMAN_Matreyek_2018,TPMT_HUMAN,Progen3 1B,1000000000.0,9.0,Human,Expression,245,2.3891660843645326,26.71,1.426673888021373,Medium,True,0.512
TPOR_HUMAN_Bridgford_2020,TPOR_HUMAN,Progen3 1B,1000000000.0,9.0,Human,OrganismalFitness,635,2.8027737252919755,0.19,-0.721246399047171,Low,True,0.17
TRPC_SACS2_Chan_2017,TRPC_SACS2,Progen3 1B,1000000000.0,9.0,Prokaryote,OrganismalFitness,248,2.3944516808262164,41.98,1.6230424342463816,Medium,True,0.55
TRPC_THEMA_Chan_2017,TRPC_THEMA,Progen3 1B,1000000000.0,9.0,Prokaryote,OrganismalFitness,252,2.401400540781544,41.51,1.6181527333785195,Medium,True,0.425
UBC9_HUMAN_Weile_2017,UBC9_HUMAN,Progen3 1B,1000000000.0,9.0,Human,OrganismalFitness,159,2.2013971243204513,55.33,1.7429606702141525,Medium,True,0.477
UBE4B_HUMAN_Tsuboyama_2023_3L1X,UBE4B_HUMAN,Progen3 1B,1000000000.0,9.0,Human,Stability,69,1.8388490907372552,506.27,2.704382193196689,High,True,0.418
UBE4B_MOUSE_Starita_2013,UBE4B_MOUSE,Progen3 1B,1000000000.0,9.0,Eukaryote,Activity,1173,3.0692980121155293,0.64,-0.1938200260161128,Low,True,0.346
UBR5_HUMAN_Tsuboyama_2023_1I2T,UBR5_HUMAN,Progen3 1B,1000000000.0,9.0,Human,Stability,58,1.7634279935629373,17.55,1.2442771208018428,Medium,True,0.402
VG08_BPP22_Tsuboyama_2023_2GP8,VG08_BPP22,Progen3 1B,1000000000.0,9.0,Virus,Stability,40,1.6020599913279623,1177.87,3.0710973605715015,High,True,0.511
VILI_CHICK_Tsuboyama_2023_1YU5,VILI_CHICK,Progen3 1B,1000000000.0,9.0,Eukaryote,Stability,65,1.8129133566428555,761.62,2.8817383400187397,High,True,0.423
VKOR1_HUMAN_Chiasson_2020_abundance,VKOR1_HUMAN,Progen3 1B,1000000000.0,9.0,Human,Expression,163,2.2121876044039577,29.05,1.4631461367263496,Medium,True,0.457
VKOR1_HUMAN_Chiasson_2020_activity,VKOR1_HUMAN,Progen3 1B,1000000000.0,9.0,Human,Activity,163,2.2121876044039577,29.05,1.4631461367263496,Medium,True,0.407
VRPI_BPT7_Tsuboyama_2023_2WNM,VRPI_BPT7,Progen3 1B,1000000000.0,9.0,Virus,Stability,56,1.7481880270062005,81.19,1.9095025414054154,Medium,True,0.375
YAIA_ECOLI_Tsuboyama_2023_2KVT,YAIA_ECOLI,Progen3 1B,1000000000.0,9.0,Prokaryote,Stability,52,1.7160033436347992,16.25,1.2108533653148932,Medium,True,0.395
YAP1_HUMAN_Araya_2012,YAP1_HUMAN,Progen3 1B,1000000000.0,9.0,Human,Binding,504,2.7024305364455254,0.26,-0.585026652029182,Low,True,0.247
YNZC_BACSU_Tsuboyama_2023_2JVD,YNZC_BACSU,Progen3 1B,1000000000.0,9.0,Prokaryote,Stability,39,1.591064607026499,40.99,1.6126779183165019,Medium,True,0.577
A0A140D2T1_ZIKV_Sourisseau_2019,A0A140D2T1_ZIKV,Progen3 3B,3000000000.0,9.477121254719663,Virus,OrganismalFitness,3423,3.534406899137877,1.63,0.21218760440395779,Medium,True,0.338
A0A192B1T2_9HIV1_Haddox_2018,A0A192B1T2_9HIV1,Progen3 3B,3000000000.0,9.477121254719663,Virus,OrganismalFitness,852,2.9304395947667,42.81,1.6315452278343094,Medium,True,0.499
A0A1I9GEU1_NEIME_Kennouche_2019,A0A1I9GEU1_NEIME,Progen3 3B,3000000000.0,9.477121254719663,Prokaryote,Activity,161,2.2068258760318495,14.07,1.1482940974347458,Medium,True,0.094
A0A247D711_LISMN_Stadelmann_2021,A0A247D711_LISMN,Progen3 3B,3000000000.0,9.477121254719663,Prokaryote,Activity,87,1.9395192526186185,0.1,-1.0,Low,True,0.107
A0A2Z5U3Z0_9INFA_Doud_2016,A0A2Z5U3Z0_9INFA,Progen3 3B,3000000000.0,9.477121254719663,Virus,OrganismalFitness,565,2.7520484478194387,16.01,1.2043913319192998,Medium,True,0.527
A0A2Z5U3Z0_9INFA_Wu_2014,A0A2Z5U3Z0_9INFA,Progen3 3B,3000000000.0,9.477121254719663,Virus,OrganismalFitness,565,2.7520484478194387,16.01,1.2043913319192998,Medium,True,0.482
A4_HUMAN_Seuma_2022,A4_HUMAN,Progen3 3B,3000000000.0,9.477121254719663,Human,Stability,770,2.886490725172482,0.08,-1.0969100130080565,Low,True,0.35
A4D664_9INFA_Soh_2019,A4D664_9INFA,Progen3 3B,3000000000.0,9.477121254719663,Virus,OrganismalFitness,759,2.88024177589548,1.7,0.2304489213782739,Medium,True,0.38
A4GRB6_PSEAI_Chen_2020,A4GRB6_PSEAI,Progen3 3B,3000000000.0,9.477121254719663,Prokaryote,OrganismalFitness,266,2.424881636631067,120.61,2.081383317462285,High,True,0.632
AACC1_PSEAI_Dandage_2018,AACC1_PSEAI,Progen3 3B,3000000000.0,9.477121254719663,Prokaryote,OrganismalFitness,177,2.247973266361807,985.3,2.9935684827897275,High,True,0.464
ACE2_HUMAN_Chan_2020,ACE2_HUMAN,Progen3 3B,3000000000.0,9.477121254719663,Human,Binding,805,2.9057958803678687,1.97,0.2944662261615929,Medium,True,0.239
ADRB2_HUMAN_Jones_2020,ADRB2_HUMAN,Progen3 3B,3000000000.0,9.477121254719663,Human,Activity,413,2.615950051656401,67.99,1.832445041174111,Medium,True,0.522
AICDA_HUMAN_Gajula_2014_3cycles,AICDA_HUMAN,Progen3 3B,3000000000.0,9.477121254719663,Human,Activity,198,2.296665190261531,18.4,1.2648178230095364,Medium,True,0.367
AMFR_HUMAN_Tsuboyama_2023_4G3O,AMFR_HUMAN,Progen3 3B,3000000000.0,9.477121254719663,Human,Stability,47,1.6720978579357175,26.51,1.4234097277330935,Medium,True,-0.133
AMIE_PSEAE_Wrenbeck_2017,AMIE_PSEAE,Progen3 3B,3000000000.0,9.477121254719663,Prokaryote,Activity,346,2.5390760987927767,89.1,1.9498777040368747,Medium,True,0.422
ANCSZ_Hobbs_2022,ANCSZ,Progen3 3B,3000000000.0,9.477121254719663,Eukaryote,Activity,627,2.7972675408307164,1.79,0.2528530309798932,Medium,True,0.481
ARGR_ECOLI_Tsuboyama_2023_1AOY,ARGR_ECOLI,Progen3 3B,3000000000.0,9.477121254719663,Prokaryote,Stability,69,1.8388490907372552,54.24,1.734319680859007,Medium,True,0.308
B2L11_HUMAN_Dutta_2010_binding-Mcl-1,B2L11_HUMAN,Progen3 3B,3000000000.0,9.477121254719663,Human,Binding,198,2.296665190261531,0.45,-0.3467874862246563,Low,True,0.222
BBC1_YEAST_Tsuboyama_2023_1TG0,BBC1_YEAST,Progen3 3B,3000000000.0,9.477121254719663,Eukaryote,Stability,64,1.806179973983887,271.76,2.4341855338619713,High,True,0.353
BCHB_CHLTE_Tsuboyama_2023_2KRU,BCHB_CHLTE,Progen3 3B,3000000000.0,9.477121254719663,Prokaryote,Stability,52,1.7160033436347992,51.95,1.7155855518931962,Medium,True,0.464
BLAT_ECOLX_Deng_2012,BLAT_ECOLX,Progen3 3B,3000000000.0,9.477121254719663,Prokaryote,OrganismalFitness,286,2.456366033129043,177.98,2.2503712024344784,High,True,0.41
BLAT_ECOLX_Firnberg_2014,BLAT_ECOLX,Progen3 3B,3000000000.0,9.477121254719663,Prokaryote,OrganismalFitness,286,2.456366033129043,177.98,2.2503712024344784,High,True,0.49
BLAT_ECOLX_Jacquier_2013,BLAT_ECOLX,Progen3 3B,3000000000.0,9.477121254719663,Prokaryote,OrganismalFitness,286,2.456366033129043,177.98,2.2503712024344784,High,True,0.532
BLAT_ECOLX_Stiffler_2015,BLAT_ECOLX,Progen3 3B,3000000000.0,9.477121254719663,Prokaryote,OrganismalFitness,286,2.456366033129043,177.98,2.2503712024344784,High,True,0.499
BRCA1_HUMAN_Findlay_2018,BRCA1_HUMAN,Progen3 3B,3000000000.0,9.477121254719663,Human,OrganismalFitness,1863,3.2702128548962426,0.05,-1.3010299956639813,Low,True,0.372
BRCA2_HUMAN_Erwood_2022_HEK293T,BRCA2_HUMAN,Progen3 3B,3000000000.0,9.477121254719663,Human,OrganismalFitness,3418,3.533772058384718,0.02,-1.6989700043360187,Low,True,0.484
C6KNH7_9INFA_Lee_2018,C6KNH7_9INFA,Progen3 3B,3000000000.0,9.477121254719663,Virus,OrganismalFitness,566,2.7528164311882715,16.0,1.2041199826559248,Medium,True,0.39
CALM1_HUMAN_Weile_2017,CALM1_HUMAN,Progen3 3B,3000000000.0,9.477121254719663,Human,OrganismalFitness,149,2.173186268412274,190.77,2.280510079703276,High,True,0.276
CAPSD_AAV2S_Sinai_2021,CAPSD_AAV2S,Progen3 3B,3000000000.0,9.477121254719663,Virus,OrganismalFitness,735,2.8662873390841948,0.26,-0.585026652029182,Low,True,0.232
CAR11_HUMAN_Meitlis_2020_gof,CAR11_HUMAN,Progen3 3B,3000000000.0,9.477121254719663,Human,OrganismalFitness,1154,3.0622058088197126,0.04,-1.3979400086720375,Low,True,0.229
CAR11_HUMAN_Meitlis_2020_lof,CAR11_HUMAN,Progen3 3B,3000000000.0,9.477121254719663,Human,OrganismalFitness,1154,3.0622058088197126,0.04,-1.3979400086720375,Low,True,0.357
CAS9_STRP1_Spencer_2017_positive,CAS9_STRP1,Progen3 3B,3000000000.0,9.477121254719663,Prokaryote,Activity,1368,3.1360860973840974,1.14,0.05690485133647256,Medium,True,0.17
CASP3_HUMAN_Roychowdhury_2020,CASP3_HUMAN,Progen3 3B,3000000000.0,9.477121254719663,Human,Activity,258,2.41161970596323,111.55,2.0474695746198566,High,True,0.562
CASP7_HUMAN_Roychowdhury_2020,CASP7_HUMAN,Progen3 3B,3000000000.0,9.477121254719663,Human,Activity,281,2.44870631990508,80.66,1.9066582176715998,Medium,True,0.557
CATR_CHLRE_Tsuboyama_2023_2AMI,CATR_CHLRE,Progen3 3B,3000000000.0,9.477121254719663,Eukaryote,Stability,72,1.8573324964312685,1107.51,3.044347656272274,High,True,0.568
CBPA2_HUMAN_Tsuboyama_2023_1O6X,CBPA2_HUMAN,Progen3 3B,3000000000.0,9.477121254719663,Human,Stability,72,1.8573324964312685,43.64,1.6398847419163043,Medium,True,0.639
CBS_HUMAN_Sun_2020,CBS_HUMAN,Progen3 3B,3000000000.0,9.477121254719663,Human,OrganismalFitness,551,2.741151598851785,3.5,0.5440680443502757,Medium,True,0.293
CBX4_HUMAN_Tsuboyama_2023_2K28,CBX4_HUMAN,Progen3 3B,3000000000.0,9.477121254719663,Human,Stability,50,1.6989700043360187,269.65,2.430800424624181,High,True,0.603
CCDB_ECOLI_Adkar_2012,CCDB_ECOLI,Progen3 3B,3000000000.0,9.477121254719663,Prokaryote,Activity,101,2.0043213737826426,168.82,2.227423895933663,High,True,0.487
CCDB_ECOLI_Tripathi_2016,CCDB_ECOLI,Progen3 3B,3000000000.0,9.477121254719663,Prokaryote,OrganismalFitness,101,2.0043213737826426,168.82,2.227423895933663,High,True,0.533
CCR5_HUMAN_Gill_2023,CCR5_HUMAN,Progen3 3B,3000000000.0,9.477121254719663,Human,Binding,352,2.546542663478131,182.74,2.261833620575751,High,True,0.338
CD19_HUMAN_Klesmith_2019_FMC_singles,CD19_HUMAN,Progen3 3B,3000000000.0,9.477121254719663,Human,Binding,556,2.7450747915820575,0.5,-0.3010299956639812,Low,True,0.158
CP2C9_HUMAN_Amorosi_2021_abundance,CP2C9_HUMAN,Progen3 3B,3000000000.0,9.477121254719663,Human,Expression,490,2.690196080028514,165.48,2.2187455122234745,High,True,0.583
CP2C9_HUMAN_Amorosi_2021_activity,CP2C9_HUMAN,Progen3 3B,3000000000.0,9.477121254719663,Human,Binding,490,2.690196080028514,165.48,2.2187455122234745,High,True,0.591
CSN4_MOUSE_Tsuboyama_2023_1UFM,CSN4_MOUSE,Progen3 3B,3000000000.0,9.477121254719663,Eukaryote,Stability,72,1.8573324964312685,48.23,1.6833172619218826,Medium,True,0.568
CUE1_YEAST_Tsuboyama_2023_2MYX,CUE1_YEAST,Progen3 3B,3000000000.0,9.477121254719663,Eukaryote,Stability,52,1.7160033436347992,7.64,0.8830933585756899,Medium,True,0.199
D7PM05_CLYGR_Somermeyer_2022,D7PM05_CLYGR,Progen3 3B,3000000000.0,9.477121254719663,Eukaryote,Activity,235,2.3710678622717363,0.6,-0.2218487496163564,Low,True,0.142
DLG4_HUMAN_Faure_2021,DLG4_HUMAN,Progen3 3B,3000000000.0,9.477121254719663,Human,OrganismalFitness,724,2.859738566197147,0.46,-0.3372421683184259,Low,True,0.57
DLG4_RAT_McLaughlin_2012,DLG4_RAT,Progen3 3B,3000000000.0,9.477121254719663,Eukaryote,Binding,724,2.859738566197147,0.36,-0.44369749923271273,Low,True,0.315
DN7A_SACS2_Tsuboyama_2023_1JIC,DN7A_SACS2,Progen3 3B,3000000000.0,9.477121254719663,Prokaryote,Stability,55,1.7403626894942439,24.82,1.394801777162711,Medium,True,0.202
DNJA1_HUMAN_Tsuboyama_2023_2LO1,DNJA1_HUMAN,Progen3 3B,3000000000.0,9.477121254719663,Human,Stability,65,1.8129133566428555,547.68,2.7385268817938018,High,True,0.724
DOCK1_MOUSE_Tsuboyama_2023_2M0Y,DOCK1_MOUSE,Progen3 3B,3000000000.0,9.477121254719663,Eukaryote,Stability,66,1.8195439355418688,368.28,2.5661781344794474,High,True,0.199
DYR_ECOLI_Nguyen_2023,DYR_ECOLI,Progen3 3B,3000000000.0,9.477121254719663,Prokaryote,OrganismalFitness,159,2.2013971243204513,337.1,2.527758752520972,High,True,0.292
DYR_ECOLI_Thompson_2019,DYR_ECOLI,Progen3 3B,3000000000.0,9.477121254719663,Prokaryote,OrganismalFitness,159,2.2013971243204513,77.51,1.8893577368889316,Medium,True,0.393
ENV_HV1B9_DuenasDecamp_2016,ENV_HV1B9,Progen3 3B,3000000000.0,9.477121254719663,Virus,OrganismalFitness,853,2.930949031167523,47.92,1.680516809381255,Medium,True,0.351
ENV_HV1BR_Haddox_2016,ENV_HV1BR,Progen3 3B,3000000000.0,9.477121254719663,Virus,OrganismalFitness,861,2.935003151453655,43.39,1.637389650129212,Medium,True,0.337
ENVZ_ECOLI_Ghose_2023,ENVZ_ECOLI,Progen3 3B,3000000000.0,9.477121254719663,Prokaryote,Activity,60,1.7781512503836436,4595.33,3.6623167044126537,High,True,0.187
EPHB2_HUMAN_Tsuboyama_2023_1F0M,EPHB2_HUMAN,Progen3 3B,3000000000.0,9.477121254719663,Human,Stability,66,1.8195439355418688,126.33,2.1015064961399275,High,True,0.663
ERBB2_HUMAN_Elazar_2016,ERBB2_HUMAN,Progen3 3B,3000000000.0,9.477121254719663,Human,Expression,1255,3.098643725817057,0.32,-0.494850021680094,Low,True,0.557
ESTA_BACSU_Nutschel_2020,ESTA_BACSU,Progen3 3B,3000000000.0,9.477121254719663,Prokaryote,Stability,212,2.326335860928751,313.28,2.495932670123044,High,True,0.302
F7YBW8_MESOW_Ding_2023,F7YBW8_MESOW,Progen3 3B,3000000000.0,9.477121254719663,Prokaryote,OrganismalFitness,93,1.968482948553935,176.23,2.2460798412237666,High,True,0.356
F7YBW8_MESOW_Aakre_2015,F7YBW8_MESOW,Progen3 3B,3000000000.0,9.477121254719663,Prokaryote,OrganismalFitness,93,1.968482948553935,176.23,2.2460798412237666,High,True,0.384
FECA_ECOLI_Tsuboyama_2023_2D1U,FECA_ECOLI,Progen3 3B,3000000000.0,9.477121254719663,Prokaryote,Stability,72,1.8573324964312685,141.6,2.15106325335375,High,True,0.376
FKBP3_HUMAN_Tsuboyama_2023_2KFV,FKBP3_HUMAN,Progen3 3B,3000000000.0,9.477121254719663,Human,Stability,69,1.8388490907372552,1.85,0.26717172840301384,Medium,True,0.275
GAL4_YEAST_Kitzman_2015,GAL4_YEAST,Progen3 3B,3000000000.0,9.477121254719663,Eukaryote,OrganismalFitness,881,2.9449759084120477,10.02,1.000867721531227,Medium,True,0.536
GCN4_YEAST_Staller_2018,GCN4_YEAST,Progen3 3B,3000000000.0,9.477121254719663,Eukaryote,Binding,281,2.44870631990508,0.66,-0.1804560644581313,Low,True,0.129
GDIA_HUMAN_Silverstein_2021,GDIA_HUMAN,Progen3 3B,3000000000.0,9.477121254719663,Human,OrganismalFitness,447,2.6503075231319366,0.8,-0.09691001300805639,Low,True,0.356
GFP_AEQVI_Sarkisyan_2016,GFP_AEQVI,Progen3 3B,3000000000.0,9.477121254719663,Eukaryote,Activity,238,2.376576957056512,0.06,-1.2218487496163564,Low,True,0.632
GLPA_HUMAN_Elazar_2016,GLPA_HUMAN,Progen3 3B,3000000000.0,9.477121254719663,Human,Expression,150,2.1760912590556813,0.51,-0.2924298239020636,Low,True,0.36
GRB2_HUMAN_Faure_2021,GRB2_HUMAN,Progen3 3B,3000000000.0,9.477121254719663,Human,OrganismalFitness,217,2.3364597338485296,6.78,0.8312296938670634,Medium,True,0.425
HCP_LAMBD_Tsuboyama_2023_2L6Q,HCP_LAMBD,Progen3 3B,3000000000.0,9.477121254719663,Virus,Stability,55,1.7403626894942439,30.76,1.4879863311293935,Medium,True,0.491
HECD1_HUMAN_Tsuboyama_2023_3DKM,HECD1_HUMAN,Progen3 3B,3000000000.0,9.477121254719663,Human,Stability,72,1.8573324964312685,17.22,1.236033147117636,Medium,True,0.22
HEM3_HUMAN_Loggerenberg_2023,HEM3_HUMAN,Progen3 3B,3000000000.0,9.477121254719663,Human,Activity,361,2.5575072019056577,32.84,1.5164031484474032,Medium,True,0.379
HIS7_YEAST_Pokusaeva_2019,HIS7_YEAST,Progen3 3B,3000000000.0,9.477121254719663,Eukaryote,OrganismalFitness,220,2.342422680822206,23.97,1.3796680340336538,Medium,True,0.483
HMDH_HUMAN_Jiang_2019,HMDH_HUMAN,Progen3 3B,3000000000.0,9.477121254719663,Human,OrganismalFitness,888,2.948412965778601,0.58,-0.23657200643706275,Low,True,0.169
HSP82_YEAST_Cote-Hammarlof_2020_growth-H2O2,HSP82_YEAST,Progen3 3B,3000000000.0,9.477121254719663,Eukaryote,OrganismalFitness,709,2.8506462351830666,6.47,0.8109042806687004,Medium,True,0.369
HSP82_YEAST_Flynn_2019,HSP82_YEAST,Progen3 3B,3000000000.0,9.477121254719663,Eukaryote,OrganismalFitness,709,2.8506462351830666,5.45,0.7363965022766424,Medium,True,0.407
HSP82_YEAST_Mishra_2016,HSP82_YEAST,Progen3 3B,3000000000.0,9.477121254719663,Eukaryote,OrganismalFitness,709,2.8506462351830666,5.45,0.7363965022766424,Medium,True,0.528
HXK4_HUMAN_Gersing_2022_activity,HXK4_HUMAN,Progen3 3B,3000000000.0,9.477121254719663,Human,OrganismalFitness,465,2.667452952889954,4.99,0.69810054562339,Medium,True,0.4
HXK4_HUMAN_Gersing_2023_abundance,HXK4_HUMAN,Progen3 3B,3000000000.0,9.477121254719663,Human,Expression,465,2.667452952889954,5.38,0.7307822756663892,Medium,True,0.315
I6TAH8_I68A0_Doud_2015,I6TAH8_I68A0,Progen3 3B,3000000000.0,9.477121254719663,Virus,OrganismalFitness,498,2.6972293427597176,2.15,0.33243845991560533,Medium,True,0.342
IF1_ECOLI_Kelsic_2016,IF1_ECOLI,Progen3 3B,3000000000.0,9.477121254719663,Prokaryote,OrganismalFitness,72,1.8573324964312685,536.24,2.72935920638567,High,True,0.481
ILF3_HUMAN_Tsuboyama_2023_2L33,ILF3_HUMAN,Progen3 3B,3000000000.0,9.477121254719663,Human,Stability,71,1.8512583487190752,309.51,2.490674685261338,High,True,0.338
ISDH_STAAW_Tsuboyama_2023_2LHR,ISDH_STAAW,Progen3 3B,3000000000.0,9.477121254719663,Prokaryote,Stability,55,1.7403626894942439,713.67,2.8534974410356244,High,True,0.413
KCNE1_HUMAN_Muhammad_2023_expression,KCNE1_HUMAN,Progen3 3B,3000000000.0,9.477121254719663,Human,Expression,129,2.110589710299249,1.74,0.24054924828259971,Medium,True,0.163
KCNE1_HUMAN_Muhammad_2023_function,KCNE1_HUMAN,Progen3 3B,3000000000.0,9.477121254719663,Human,Activity,129,2.110589710299249,1.74,0.24054924828259971,Medium,True,0.641
KCNH2_HUMAN_Kozek_2020,KCNH2_HUMAN,Progen3 3B,3000000000.0,9.477121254719663,Human,Activity,1159,3.064083435963596,6.29,0.798650645445269,Medium,True,0.54
KCNJ2_MOUSE_Coyote-Maestas_2022_function,KCNJ2_MOUSE,Progen3 3B,3000000000.0,9.477121254719663,Eukaryote,Activity,428,2.6314437690131722,5.28,0.7226339225338123,Medium,True,0.258
KCNJ2_MOUSE_Coyote-Maestas_2022_surface,KCNJ2_MOUSE,Progen3 3B,3000000000.0,9.477121254719663,Eukaryote,Expression,428,2.6314437690131722,5.28,0.7226339225338123,Medium,True,0.249
KKA2_KLEPN_Melnikov_2014,KKA2_KLEPN,Progen3 3B,3000000000.0,9.477121254719663,Prokaryote,OrganismalFitness,264,2.4216039268698313,298.65,2.475162519083091,High,True,0.618
LGK_LIPST_Klesmith_2015,LGK_LIPST,Progen3 3B,3000000000.0,9.477121254719663,Eukaryote,Activity,439,2.6424645202421213,18.83,1.2748503200166648,Medium,True,0.499
LYAM1_HUMAN_Elazar_2016,LYAM1_HUMAN,Progen3 3B,3000000000.0,9.477121254719663,Human,Expression,372,2.5705429398818973,1.09,0.037426497940623665,Medium,True,0.381
MAFG_MOUSE_Tsuboyama_2023_1K1V,MAFG_MOUSE,Progen3 3B,3000000000.0,9.477121254719663,Eukaryote,Stability,41,1.6127838567197355,3.89,0.5899496013257077,Medium,True,0.528
MBD11_ARATH_Tsuboyama_2023_6ACV,MBD11_ARATH,Progen3 3B,3000000000.0,9.477121254719663,Eukaryote,Stability,66,1.8195439355418688,24.91,1.3963737275365065,Medium,True,0.44
MET_HUMAN_Estevam_2023,MET_HUMAN,Progen3 3B,3000000000.0,9.477121254719663,Human,Activity,287,2.4578818967339924,17.78,1.249931756634195,Medium,True,0.5
MK01_HUMAN_Brenan_2016,MK01_HUMAN,Progen3 3B,3000000000.0,9.477121254719663,Human,OrganismalFitness,360,2.5563025007672873,25.98,1.4146391467370092,Medium,True,0.067
MLAC_ECOLI_MacRae_2023,MLAC_ECOLI,Progen3 3B,3000000000.0,9.477121254719663,Prokaryote,OrganismalFitness,211,2.3242824552976926,37.67,1.5759956202032677,Medium,True,0.308
MSH2_HUMAN_Jia_2020,MSH2_HUMAN,Progen3 3B,3000000000.0,9.477121254719663,Human,OrganismalFitness,934,2.9703468762300935,11.71,1.0685568950723632,Medium,True,0.299
MTH3_HAEAE_RockahShmuel_2015,MTH3_HAEAE,Progen3 3B,3000000000.0,9.477121254719663,Prokaryote,OrganismalFitness,330,2.5185139398778875,82.51,1.9165065871151556,Medium,True,0.722
MTHR_HUMAN_Weile_2021,MTHR_HUMAN,Progen3 3B,3000000000.0,9.477121254719663,Human,OrganismalFitness,656,2.8169038393756605,0.99,-0.004364805402450088,Low,True,0.27
MYO3_YEAST_Tsuboyama_2023_2BTT,MYO3_YEAST,Progen3 3B,3000000000.0,9.477121254719663,Eukaryote,Stability,61,1.7853298350107671,208.4,2.3188977146274867,High,True,0.269
NCAP_I34A1_Doud_2015,NCAP_I34A1,Progen3 3B,3000000000.0,9.477121254719663,Virus,OrganismalFitness,498,2.6972293427597176,2.15,0.33243845991560533,Medium,True,0.384
NKX31_HUMAN_Tsuboyama_2023_2L9R,NKX31_HUMAN,Progen3 3B,3000000000.0,9.477121254719663,Human,Stability,61,1.7853298350107671,147.96,2.1701443226433565,High,True,0.542
NPC1_HUMAN_Erwood_2022_HEK293T,NPC1_HUMAN,Progen3 3B,3000000000.0,9.477121254719663,Human,Activity,1278,3.1065308538223815,0.67,-0.17392519729917355,Low,True,0.579
NPC1_HUMAN_Erwood_2022_RPE1,NPC1_HUMAN,Progen3 3B,3000000000.0,9.477121254719663,Human,Activity,1278,3.1065308538223815,0.67,-0.17392519729917355,Low,True,0.423
NRAM_I33A0_Jiang_2016,NRAM_I33A0,Progen3 3B,3000000000.0,9.477121254719663,Virus,OrganismalFitness,453,2.656098202012832,15.93,1.2022157758011316,Medium,True,0.631
NUD15_HUMAN_Suiter_2020,NUD15_HUMAN,Progen3 3B,3000000000.0,9.477121254719663,Human,Expression,164,2.214843848047698,281.51,2.4494938267812603,High,True,0.568
NUSA_ECOLI_Tsuboyama_2023_1WCL,NUSA_ECOLI,Progen3 3B,3000000000.0,9.477121254719663,Prokaryote,Stability,69,1.8388490907372552,598.86,2.777325305972129,High,True,0.489
NUSG_MYCTU_Tsuboyama_2023_2MI6,NUSG_MYCTU,Progen3 3B,3000000000.0,9.477121254719663,Prokaryote,Stability,55,1.7403626894942439,320.33,2.5055976137320095,High,True,0.388
OBSCN_HUMAN_Tsuboyama_2023_1V1C,OBSCN_HUMAN,Progen3 3B,3000000000.0,9.477121254719663,Human,Stability,65,1.8129133566428555,378.54,2.578111777789627,High,True,0.643
ODP2_GEOSE_Tsuboyama_2023_1W4G,ODP2_GEOSE,Progen3 3B,3000000000.0,9.477121254719663,Prokaryote,Stability,44,1.6434526764861874,397.86,2.5997302782956524,High,True,0.198
OPSD_HUMAN_Wan_2019,OPSD_HUMAN,Progen3 3B,3000000000.0,9.477121254719663,Human,Expression,348,2.5415792439465807,107.19,2.0301542709221025,High,True,0.537
OTC_HUMAN_Lo_2023,OTC_HUMAN,Progen3 3B,3000000000.0,9.477121254719663,Human,Activity,354,2.5490032620257876,53.97,1.7321524180652137,Medium,True,0.568
OTU7A_HUMAN_Tsuboyama_2023_2L2D,OTU7A_HUMAN,Progen3 3B,3000000000.0,9.477121254719663,Human,Stability,42,1.6232492903979006,12395.25,4.0932552904846835,High,True,0.347
OXDA_RHOTO_Vanella_2023_activity,OXDA_RHOTO,Progen3 3B,3000000000.0,9.477121254719663,Eukaryote,Activity,364,2.561101383649056,271.28,2.43341777677003,High,True,0.353
OXDA_RHOTO_Vanella_2023_expression,OXDA_RHOTO,Progen3 3B,3000000000.0,9.477121254719663,Eukaryote,Expression,364,2.561101383649056,271.28,2.43341777677003,High,True,0.303
P53_HUMAN_Giacomelli_2018_Null_Etoposide,P53_HUMAN,Progen3 3B,3000000000.0,9.477121254719663,Human,OrganismalFitness,393,2.5943925503754266,0.39,-0.4089353929735008,Low,True,0.417
P53_HUMAN_Giacomelli_2018_Null_Nutlin,P53_HUMAN,Progen3 3B,3000000000.0,9.477121254719663,Human,OrganismalFitness,393,2.5943925503754266,0.39,-0.4089353929735008,Low,True,0.42
P53_HUMAN_Giacomelli_2018_WT_Nutlin,P53_HUMAN,Progen3 3B,3000000000.0,9.477121254719663,Human,OrganismalFitness,393,2.5943925503754266,0.39,-0.4089353929735008,Low,True,0.473
P53_HUMAN_Kotler_2018,P53_HUMAN,Progen3 3B,3000000000.0,9.477121254719663,Human,OrganismalFitness,393,2.5943925503754266,0.37,-0.431798275933005,Low,True,0.48
P84126_THETH_Chan_2017,P84126_THETH,Progen3 3B,3000000000.0,9.477121254719663,Prokaryote,OrganismalFitness,254,2.404833716619938,41.7,1.6201360549737576,Medium,True,0.654
PA_I34A1_Wu_2015,PA_I34A1,Progen3 3B,3000000000.0,9.477121254719663,Virus,OrganismalFitness,716,2.8549130223078554,1.75,0.24303804868629444,Medium,True,0.504
PABP_YEAST_Melamed_2013,PABP_YEAST,Progen3 3B,3000000000.0,9.477121254719663,Eukaryote,OrganismalFitness,577,2.7611758131557314,1.42,0.15228834438305647,Medium,True,0.686
PAI1_HUMAN_Huttinger_2021,PAI1_HUMAN,Progen3 3B,3000000000.0,9.477121254719663,Human,Activity,402,2.60422605308447,30.34,1.4820155764507117,Medium,True,0.399
PHOT_CHLRE_Chen_2023,PHOT_CHLRE,Progen3 3B,3000000000.0,9.477121254719663,Eukaryote,Activity,118,2.0718820073061255,5215.65,3.717308440053486,High,True,0.722
PIN1_HUMAN_Tsuboyama_2023_1I6C,PIN1_HUMAN,Progen3 3B,3000000000.0,9.477121254719663,Human,Stability,39,1.591064607026499,287.66,2.458879476116883,High,True,0.685
PITX2_HUMAN_Tsuboyama_2023_2L7M,PITX2_HUMAN,Progen3 3B,3000000000.0,9.477121254719663,Human,Stability,52,1.7160033436347992,191.76,2.2827580210255976,High,True,0.509
PKN1_HUMAN_Tsuboyama_2023_1URF,PKN1_HUMAN,Progen3 3B,3000000000.0,9.477121254719663,Human,Stability,71,1.8512583487190752,772.42,2.8878535102875573,High,True,0.303
POLG_CXB3N_Mattenberger_2021,POLG_CXB3N,Progen3 3B,3000000000.0,9.477121254719663,Virus,OrganismalFitness,2185,3.3394514413064407,1.79,0.2528530309798932,Medium,True,0.385
POLG_DEN26_Suphatrakul_2023,POLG_DEN26,Progen3 3B,3000000000.0,9.477121254719663,Virus,OrganismalFitness,900,2.9542425094393248,0.55,-0.2596373105057561,Low,True,0.402
POLG_HCVJF_Qi_2014,POLG_HCVJF,Progen3 3B,3000000000.0,9.477121254719663,Virus,OrganismalFitness,3033,3.4818724103106633,41.97,1.62293896921149,Medium,True,0.47
POLG_PESV_Tsuboyama_2023_2MXD,POLG_PESV,Progen3 3B,3000000000.0,9.477121254719663,Virus,Stability,53,1.724275869600789,262.74,2.419526195575769,High,True,0.215
PPARG_HUMAN_Majithia_2016,PPARG_HUMAN,Progen3 3B,3000000000.0,9.477121254719663,Human,Activity,505,2.7032913781186614,6.24,0.795184589682424,Medium,True,0.535
PPM1D_HUMAN_Miller_2022,PPM1D_HUMAN,Progen3 3B,3000000000.0,9.477121254719663,Human,OrganismalFitness,605,2.781755374652469,0.56,-0.25181197299379954,Low,True,0.546
PR40A_HUMAN_Tsuboyama_2023_1UZC,PR40A_HUMAN,Progen3 3B,3000000000.0,9.477121254719663,Human,Stability,63,1.7993405494535817,56.72,1.7537362221750101,Medium,True,0.77
PRKN_HUMAN_Clausen_2023,PRKN_HUMAN,Progen3 3B,3000000000.0,9.477121254719663,Human,Expression,465,2.667452952889954,0.37,-0.431798275933005,Low,True,0.599
PSAE_PICP2_Tsuboyama_2023_1PSE,PSAE_PICP2,Progen3 3B,3000000000.0,9.477121254719663,Prokaryote,Stability,68,1.8325089127062364,1.85,0.26717172840301384,Medium,True,0.542
PTEN_HUMAN_Matreyek_2021,PTEN_HUMAN,Progen3 3B,3000000000.0,9.477121254719663,Human,Expression,403,2.6053050461411096,3.72,0.5705429398818975,Medium,True,0.326
PTEN_HUMAN_Mighell_2018,PTEN_HUMAN,Progen3 3B,3000000000.0,9.477121254719663,Human,Activity,403,2.6053050461411096,3.72,0.5705429398818975,Medium,True,0.328
Q2N0S5_9HIV1_Haddox_2018,Q2N0S5_9HIV1,Progen3 3B,3000000000.0,9.477121254719663,Virus,OrganismalFitness,860,2.934498451243568,42.86,1.6320521667058099,Medium,True,0.501
Q53Z42_HUMAN_McShan_2019_binding-TAPBPR,Q53Z42_HUMAN,Progen3 3B,3000000000.0,9.477121254719663,Human,Binding,365,2.5622928644564746,13.24,1.1218879851036812,Medium,True,0.256
Q53Z42_HUMAN_McShan_2019_expression,Q53Z42_HUMAN,Progen3 3B,3000000000.0,9.477121254719663,Human,Expression,365,2.5622928644564746,13.24,1.1218879851036812,Medium,True,0.471
Q59976_STRSQ_Romero_2015,Q59976_STRSQ,Progen3 3B,3000000000.0,9.477121254719663,Prokaryote,Activity,501,2.699837725867246,27.97,1.4466924663715273,Medium,True,0.678
Q6WV12_9MAXI_Somermeyer_2022,Q6WV12_9MAXI,Progen3 3B,3000000000.0,9.477121254719663,Eukaryote,Activity,222,2.346352974450639,0.44,-0.3565473235138126,Low,True,0.002
Q837P4_ENTFA_Meier_2023,Q837P4_ENTFA,Progen3 3B,3000000000.0,9.477121254719663,Prokaryote,Activity,589,2.7701152947871015,90.8,1.958085848521085,Medium,True,0.35
Q837P5_ENTFA_Meier_2023,Q837P5_ENTFA,Progen3 3B,3000000000.0,9.477121254719663,Prokaryote,Activity,571,2.756636108245848,95.02,1.9778150260831866,Medium,True,0.385
Q8WTC7_9CNID_Somermeyer_2022,Q8WTC7_9CNID,Progen3 3B,3000000000.0,9.477121254719663,Eukaryote,Activity,238,2.376576957056512,0.51,-0.2924298239020636,Low,True,0.247
R1AB_SARS2_Flynn_2022,R1AB_SARS2,Progen3 3B,3000000000.0,9.477121254719663,Virus,OrganismalFitness,306,2.48572142648158,1.14,0.05690485133647256,Medium,True,0.147
RAD_ANTMA_Tsuboyama_2023_2CJJ,RAD_ANTMA,Progen3 3B,3000000000.0,9.477121254719663,Eukaryote,Stability,54,1.7323937598229686,777.81,2.8908735224022113,High,True,0.416
RAF1_HUMAN_Zinkus-Boltz_2019,RAF1_HUMAN,Progen3 3B,3000000000.0,9.477121254719663,Human,OrganismalFitness,648,2.8115750058705933,0.59,-0.22914798835785583,Low,True,0.359
RASH_HUMAN_Bandaru_2017,RASH_HUMAN,Progen3 3B,3000000000.0,9.477121254719663,Human,Activity,189,2.2764618041732443,125.77,2.0995770609167086,High,True,0.382
RASK_HUMAN_Weng_2022_abundance,RASK_HUMAN,Progen3 3B,3000000000.0,9.477121254719663,Human,Expression,188,2.27415784926368,146.37,2.1654520728319286,High,True,0.352
RASK_HUMAN_Weng_2022_binding-DARPin_K55,RASK_HUMAN,Progen3 3B,3000000000.0,9.477121254719663,Human,Binding,188,2.27415784926368,146.37,2.1654520728319286,High,True,0.48
RBP1_HUMAN_Tsuboyama_2023_2KWH,RBP1_HUMAN,Progen3 3B,3000000000.0,9.477121254719663,Human,Stability,52,1.7160033436347992,976.49,2.9896678001409684,High,True,0.288
RCD1_ARATH_Tsuboyama_2023_5OAO,RCD1_ARATH,Progen3 3B,3000000000.0,9.477121254719663,Eukaryote,Stability,57,1.7558748556724915,28.23,1.4507108781469193,Medium,True,0.472
RCRO_LAMBD_Tsuboyama_2023_1ORC,RCRO_LAMBD,Progen3 3B,3000000000.0,9.477121254719663,Virus,Stability,63,1.7993405494535817,803.73,2.905110179092208,High,True,0.554
RD23A_HUMAN_Tsuboyama_2023_1IFY,RD23A_HUMAN,Progen3 3B,3000000000.0,9.477121254719663,Human,Stability,44,1.6434526764861874,182.36,2.260929583529925,High,True,0.55
RDRP_I33A0_Li_2023,RDRP_I33A0,Progen3 3B,3000000000.0,9.477121254719663,Virus,OrganismalFitness,757,2.8790958795000727,1.52,0.18184358794477254,Medium,True,0.448
REV_HV1H2_Fernandes_2016,REV_HV1H2,Progen3 3B,3000000000.0,9.477121254719663,Virus,OrganismalFitness,116,2.0644579892269186,104.82,2.0204441553665746,High,True,0.243
RFAH_ECOLI_Tsuboyama_2023_2LCL,RFAH_ECOLI,Progen3 3B,3000000000.0,9.477121254719663,Prokaryote,Stability,55,1.7403626894942439,258.65,2.412712482745101,High,True,0.181
RL20_AQUAE_Tsuboyama_2023_1GYZ,RL20_AQUAE,Progen3 3B,3000000000.0,9.477121254719663,Prokaryote,Stability,59,1.7708520116421442,1816.95,3.2593429762772845,High,True,0.628
RL40A_YEAST_Mavor_2016,RL40A_YEAST,Progen3 3B,3000000000.0,9.477121254719663,Eukaryote,OrganismalFitness,128,2.1072099696478683,30.52,1.4845845292828428,Medium,True,0.463
RL40A_YEAST_Roscoe_2013,RL40A_YEAST,Progen3 3B,3000000000.0,9.477121254719663,Eukaryote,OrganismalFitness,128,2.1072099696478683,30.52,1.4845845292828428,Medium,True,0.529
RL40A_YEAST_Roscoe_2014,RL40A_YEAST,Progen3 3B,3000000000.0,9.477121254719663,Eukaryote,Activity,128,2.1072099696478683,30.52,1.4845845292828428,Medium,True,0.362
RNC_ECOLI_Weeks_2023,RNC_ECOLI,Progen3 3B,3000000000.0,9.477121254719663,Prokaryote,Activity,226,2.3541084391474008,70.7,1.8494194137968993,Medium,True,0.437
RPC1_BP434_Tsuboyama_2023_1R69,RPC1_BP434,Progen3 3B,3000000000.0,9.477121254719663,Virus,Stability,61,1.7853298350107671,9091.45,3.958633154594723,High,True,0.719
RPC1_LAMBD_Li_2019_high-expression,RPC1_LAMBD,Progen3 3B,3000000000.0,9.477121254719663,Virus,Activity,237,2.374748346010104,121.45,2.0843975191411492,High,True,0.444
RPC1_LAMBD_Li_2019_low-expression,RPC1_LAMBD,Progen3 3B,3000000000.0,9.477121254719663,Virus,Activity,237,2.374748346010104,121.45,2.0843975191411492,High,True,0.506
RS15_GEOSE_Tsuboyama_2023_1A32,RS15_GEOSE,Progen3 3B,3000000000.0,9.477121254719663,Prokaryote,Stability,63,1.7993405494535817,68.91,1.8382822499146885,Medium,True,0.293
S22A1_HUMAN_Yee_2023_abundance,S22A1_HUMAN,Progen3 3B,3000000000.0,9.477121254719663,Human,Expression,553,2.7427251313046983,62.71,1.7973368007753499,Medium,True,0.603
S22A1_HUMAN_Yee_2023_activity,S22A1_HUMAN,Progen3 3B,3000000000.0,9.477121254719663,Human,Activity,553,2.7427251313046983,62.71,1.7973368007753499,Medium,True,0.561
SAV1_MOUSE_Tsuboyama_2023_2YSB,SAV1_MOUSE,Progen3 3B,3000000000.0,9.477121254719663,Eukaryote,Stability,43,1.6334684555795864,105.1,2.021602716028242,High,True,0.521
SBI_STAAM_Tsuboyama_2023_2JVG,SBI_STAAM,Progen3 3B,3000000000.0,9.477121254719663,Prokaryote,Stability,56,1.7481880270062005,27.03,1.4318460456987254,Medium,True,0.306
SC6A4_HUMAN_Young_2021,SC6A4_HUMAN,Progen3 3B,3000000000.0,9.477121254719663,Human,Activity,630,2.7993405494535817,8.81,0.9449759084120479,Medium,True,0.506
SCIN_STAAR_Tsuboyama_2023_2QFF,SCIN_STAAR,Progen3 3B,3000000000.0,9.477121254719663,Prokaryote,Stability,70,1.845098040014257,163.66,2.213942546840078,High,True,0.281
SCN5A_HUMAN_Glazer_2019,SCN5A_HUMAN,Progen3 3B,3000000000.0,9.477121254719663,Human,OrganismalFitness,2016,3.3044905277734875,26.58,1.4245549766067132,Medium,True,0.075
SDA_BACSU_Tsuboyama_2023_1PV0,SDA_BACSU,Progen3 3B,3000000000.0,9.477121254719663,Prokaryote,Stability,44,1.6434526764861874,20.05,1.3021143769562011,Medium,True,0.226
SERC_HUMAN_Xie_2023,SERC_HUMAN,Progen3 3B,3000000000.0,9.477121254719663,Human,OrganismalFitness,370,2.568201724066995,117.4,2.0696680969115957,High,True,0.52
SHOC2_HUMAN_Kwon_2022,SHOC2_HUMAN,Progen3 3B,3000000000.0,9.477121254719663,Human,OrganismalFitness,582,2.7649229846498886,15.55,1.1917303933628562,Medium,True,0.242
SOX30_HUMAN_Tsuboyama_2023_7JJK,SOX30_HUMAN,Progen3 3B,3000000000.0,9.477121254719663,Human,Stability,57,1.7558748556724915,262.24,2.418698936226424,High,True,0.342
SPA_STAAU_Tsuboyama_2023_1LP1,SPA_STAAU,Progen3 3B,3000000000.0,9.477121254719663,Prokaryote,Stability,55,1.7403626894942439,37.48,1.5737995822157407,Medium,True,0.067
SPG1_STRSG_Olson_2014,SPG1_STRSG,Progen3 3B,3000000000.0,9.477121254719663,Prokaryote,Binding,448,2.651278013998144,0.0,-2.0,Low,True,0.266
SPG1_STRSG_Wu_2016,SPG1_STRSG,Progen3 3B,3000000000.0,9.477121254719663,Prokaryote,Binding,448,2.651278013998144,1.34,0.12710479836480765,Medium,True,0.023
SPG2_STRSG_Tsuboyama_2023_5UBS,SPG2_STRSG,Progen3 3B,3000000000.0,9.477121254719663,Prokaryote,Stability,56,1.7481880270062005,56.55,1.7524326092614742,Medium,True,0.489
SPIKE_SARS2_Starr_2020_binding,SPIKE_SARS2,Progen3 3B,3000000000.0,9.477121254719663,Virus,Binding,1273,3.1048284036536553,1.06,0.02530586526477026,Medium,True,0.334
SPIKE_SARS2_Starr_2020_expression,SPIKE_SARS2,Progen3 3B,3000000000.0,9.477121254719663,Virus,Expression,1273,3.1048284036536553,1.06,0.02530586526477026,Medium,True,0.372
SPTN1_CHICK_Tsuboyama_2023_1TUD,SPTN1_CHICK,Progen3 3B,3000000000.0,9.477121254719663,Eukaryote,Stability,60,1.7781512503836436,285.61,2.455773409227347,High,True,0.568
SQSTM_MOUSE_Tsuboyama_2023_2RRU,SQSTM_MOUSE,Progen3 3B,3000000000.0,9.477121254719663,Eukaryote,Stability,40,1.6020599913279623,84.27,1.9256729939212405,Medium,True,0.548
SR43C_ARATH_Tsuboyama_2023_2N88,SR43C_ARATH,Progen3 3B,3000000000.0,9.477121254719663,Eukaryote,Stability,48,1.6812412373755872,253.55,2.404063614883892,High,True,0.55
SRBS1_HUMAN_Tsuboyama_2023_2O2W,SRBS1_HUMAN,Progen3 3B,3000000000.0,9.477121254719663,Human,Stability,67,1.8260748027008264,363.68,2.5607194183808955,High,True,0.666
SRC_HUMAN_Ahler_2019,SRC_HUMAN,Progen3 3B,3000000000.0,9.477121254719663,Human,Activity,536,2.72916478969277,2.75,0.43933269383026263,Medium,True,0.345
SRC_HUMAN_Chakraborty_2023_binding-DAS_25uM,SRC_HUMAN,Progen3 3B,3000000000.0,9.477121254719663,Human,Activity,536,2.72916478969277,3.38,0.5289167002776547,Medium,True,0.268
SRC_HUMAN_Nguyen_2022,SRC_HUMAN,Progen3 3B,3000000000.0,9.477121254719663,Human,OrganismalFitness,536,2.72916478969277,3.38,0.5289167002776547,Medium,True,0.284
SUMO1_HUMAN_Weile_2017,SUMO1_HUMAN,Progen3 3B,3000000000.0,9.477121254719663,Human,OrganismalFitness,101,2.0043213737826426,140.9,2.1489109931093564,High,True,0.399
SYUA_HUMAN_Newberry_2020,SYUA_HUMAN,Progen3 3B,3000000000.0,9.477121254719663,Human,OrganismalFitness,140,2.146128035678238,47.17,1.673665876245702,Medium,True,0.215
TADBP_HUMAN_Bolognesi_2019,TADBP_HUMAN,Progen3 3B,3000000000.0,9.477121254719663,Human,OrganismalFitness,414,2.617000341120899,0.33,-0.4814860601221125,Low,True,0.034
TAT_HV1BR_Fernandes_2016,TAT_HV1BR,Progen3 3B,3000000000.0,9.477121254719663,Virus,OrganismalFitness,86,1.9344984512435677,115.56,2.062807533172159,High,True,0.28
TCRG1_MOUSE_Tsuboyama_2023_1E0L,TCRG1_MOUSE,Progen3 3B,3000000000.0,9.477121254719663,Eukaryote,Stability,37,1.568201724066995,79.56,1.9006947744523979,Medium,True,0.685
THO1_YEAST_Tsuboyama_2023_2WQG,THO1_YEAST,Progen3 3B,3000000000.0,9.477121254719663,Eukaryote,Stability,41,1.6127838567197355,206.87,2.3156975144495764,High,True,0.558
TNKS2_HUMAN_Tsuboyama_2023_5JRT,TNKS2_HUMAN,Progen3 3B,3000000000.0,9.477121254719663,Human,Stability,59,1.7708520116421442,195.89,2.2920122662363456,High,True,0.383
TPK1_HUMAN_Weile_2017,TPK1_HUMAN,Progen3 3B,3000000000.0,9.477121254719663,Human,OrganismalFitness,243,2.385606273598312,29.93,1.4761067168401913,Medium,True,0.268
TPMT_HUMAN_Matreyek_2018,TPMT_HUMAN,Progen3 3B,3000000000.0,9.477121254719663,Human,Expression,245,2.3891660843645326,26.71,1.426673888021373,Medium,True,0.499
TPOR_HUMAN_Bridgford_2020,TPOR_HUMAN,Progen3 3B,3000000000.0,9.477121254719663,Human,OrganismalFitness,635,2.8027737252919755,0.19,-0.721246399047171,Low,True,0.387
TRPC_SACS2_Chan_2017,TRPC_SACS2,Progen3 3B,3000000000.0,9.477121254719663,Prokaryote,OrganismalFitness,248,2.3944516808262164,41.98,1.6230424342463816,Medium,True,0.609
TRPC_THEMA_Chan_2017,TRPC_THEMA,Progen3 3B,3000000000.0,9.477121254719663,Prokaryote,OrganismalFitness,252,2.401400540781544,41.51,1.6181527333785195,Medium,True,0.435
UBC9_HUMAN_Weile_2017,UBC9_HUMAN,Progen3 3B,3000000000.0,9.477121254719663,Human,OrganismalFitness,159,2.2013971243204513,55.33,1.7429606702141525,Medium,True,0.466
UBE4B_HUMAN_Tsuboyama_2023_3L1X,UBE4B_HUMAN,Progen3 3B,3000000000.0,9.477121254719663,Human,Stability,69,1.8388490907372552,506.27,2.704382193196689,High,True,0.389
UBE4B_MOUSE_Starita_2013,UBE4B_MOUSE,Progen3 3B,3000000000.0,9.477121254719663,Eukaryote,Activity,1173,3.0692980121155293,0.64,-0.1938200260161128,Low,True,0.336
UBR5_HUMAN_Tsuboyama_2023_1I2T,UBR5_HUMAN,Progen3 3B,3000000000.0,9.477121254719663,Human,Stability,58,1.7634279935629373,17.55,1.2442771208018428,Medium,True,0.479
VG08_BPP22_Tsuboyama_2023_2GP8,VG08_BPP22,Progen3 3B,3000000000.0,9.477121254719663,Virus,Stability,40,1.6020599913279623,1177.87,3.0710973605715015,High,True,0.545
VILI_CHICK_Tsuboyama_2023_1YU5,VILI_CHICK,Progen3 3B,3000000000.0,9.477121254719663,Eukaryote,Stability,65,1.8129133566428555,761.62,2.8817383400187397,High,True,0.604
VKOR1_HUMAN_Chiasson_2020_abundance,VKOR1_HUMAN,Progen3 3B,3000000000.0,9.477121254719663,Human,Expression,163,2.2121876044039577,29.05,1.4631461367263496,Medium,True,0.47
VKOR1_HUMAN_Chiasson_2020_activity,VKOR1_HUMAN,Progen3 3B,3000000000.0,9.477121254719663,Human,Activity,163,2.2121876044039577,29.05,1.4631461367263496,Medium,True,0.429
VRPI_BPT7_Tsuboyama_2023_2WNM,VRPI_BPT7,Progen3 3B,3000000000.0,9.477121254719663,Virus,Stability,56,1.7481880270062005,81.19,1.9095025414054154,Medium,True,0.474
YAIA_ECOLI_Tsuboyama_2023_2KVT,YAIA_ECOLI,Progen3 3B,3000000000.0,9.477121254719663,Prokaryote,Stability,52,1.7160033436347992,16.25,1.2108533653148932,Medium,True,0.496
YAP1_HUMAN_Araya_2012,YAP1_HUMAN,Progen3 3B,3000000000.0,9.477121254719663,Human,Binding,504,2.7024305364455254,0.26,-0.585026652029182,Low,True,0.232
YNZC_BACSU_Tsuboyama_2023_2JVD,YNZC_BACSU,Progen3 3B,3000000000.0,9.477121254719663,Prokaryote,Stability,39,1.591064607026499,40.99,1.6126779183165019,Medium,True,0.609
