MSA_Neff_L_category,mean,median,n,frac_15B_wins
Low,0.009194444444444436,0.024499999999999966,36,0.6111111111111112
Medium,0.00711009174311926,-0.0020000000000000018,109,0.48623853211009177
High,-0.05440277777777778,-0.040500000000000036,72,0.3472222222222222
