model,Low,Medium,High,All
ESM2 (8M),0.17341666666666666,0.1759908256880734,0.2665138888888889,0.20559907834101385
ESM2 (35M),0.2193888888888889,0.2717064220183486,0.4398888888888889,0.3188294930875576
ESM2 (150M),0.336,0.36028440366972475,0.4938055555555556,0.40055760368663595
ESM2 (650M),0.36091666666666666,0.411302752293578,0.5175972222222223,0.4382119815668203
ESM2 (3B),0.36283333333333334,0.41853211009174307,0.48731944444444447,0.4321152073732719
ESM2 (15B),0.3701111111111111,0.41841284403669726,0.46319444444444446,0.4252580645161291
